side,stage,device_ms,ax,ay,az,gx,gy,gz,toe,heel,phase,L_toe,L_heel,R_toe,R_heel
R,condition_1_offset,612497.0,-0.141,1.199,0.179,23.5,17.9,-60.1,675,813,0,,,,
R,condition_1_offset,612557.0,-0.043,0.881,0.009,-24.1,-4.4,-38.7,699,831,0,,,,
R,condition_1_offset,612619.0,-0.001,1.018,0.086,24.2,-6.0,-27.5,710,846,0,,,,
R,condition_1_offset,612707.0,-0.084,0.967,0.14,-5.6,-9.7,-6.7,623,856,0,,,,
R,condition_1_offset,612767.0,-0.116,0.997,0.054,5.0,-18.9,-12.7,649,855,0,,,,
R,condition_1_offset,612827.0,-0.052,0.954,0.073,0.1,-31.1,-9.6,665,856,0,,,,
R,condition_1_offset,612887.0,-0.081,0.989,-0.025,-7.2,-30.4,-12.5,711,853,0,,,,
R,condition_1_offset,612947.0,0.01,1.074,0.02,-33.1,-34.3,-27.5,681,853,0,,,,
R,condition_1_offset,613050.0,-0.111,1.517,0.057,-58.5,-18.8,-74.2,406,835,0,,,,
R,condition_1_offset,613067.0,-0.223,1.647,0.016,-87.2,-8.7,-79.0,408,837,0,,,,
R,condition_1_offset,613126.0,-0.007,1.679,0.065,-173.7,38.8,-88.2,405,829,0,,,,
R,condition_1_offset,613187.0,0.094,1.904,-0.377,-296.3,56.8,-139.3,403,820,0,,,,
R,condition_1_offset,613247.0,-0.022,0.566,-0.215,-159.3,-34.2,-116.4,378,747,0,,,,
R,condition_1_offset,613307.0,0.654,1.033,-0.191,8.4,45.8,57.6,470,732,0,,,,
R,condition_1_offset,613367.0,0.152,0.298,-0.387,60.8,189.7,140.7,490,740,0,,,,
R,condition_1_offset,613427.0,0.074,0.614,-0.185,169.3,83.5,206.1,513,743,0,,,,
R,condition_1_offset,613487.0,-0.061,1.249,-0.17,169.9,13.3,263.8,521,746,0,,,,
R,condition_1_offset,613546.0,-0.444,2.452,0.489,279.4,-57.8,250.6,495,737,0,,,,
R,condition_1_offset,613607.0,-1.136,1.891,1.265,129.8,82.7,135.4,496,731,0,,,,
R,condition_1_offset,613666.0,-1.489,1.767,0.937,-10.8,21.4,-61.8,514,713,0,,,,
R,condition_1_offset,613727.0,0.115,1.856,0.372,-200.0,114.1,-166.1,628,755,0,,,,
R,condition_1_offset,613787.0,0.058,1.041,0.246,-62.4,127.4,-117.6,677,795,0,,,,
R,condition_1_offset,613847.0,-0.291,1.069,-0.015,-38.1,10.9,-53.6,691,830,0,,,,
R,condition_1_offset,613907.0,0.019,0.985,0.122,9.3,-49.1,-24.3,621,847,0,,,,
R,condition_1_offset,613997.0,-0.145,0.986,0.09,-9.4,-3.7,-6.8,723,851,0,,,,
R,condition_1_offset,614057.0,-0.031,0.982,0.198,-4.2,-7.3,-7.4,719,851,0,,,,
R,condition_1_offset,614117.0,-0.122,1.059,0.072,15.8,-25.2,-8.4,714,853,0,,,,
R,condition_1_offset,614177.0,-0.109,1.093,0.405,44.3,-51.5,-4.2,721,855,0,,,,
R,condition_1_offset,614237.0,-0.051,1.087,-0.075,-20.7,-41.7,-13.2,720,855,0,,,,
R,condition_1_offset,614327.0,-0.016,1.307,-0.101,-102.6,-41.7,-56.4,636,842,0,,,,
R,condition_1_offset,614387.0,-0.043,1.455,0.036,-107.5,-33.5,-43.9,408,838,0,,,,
R,condition_1_offset,614447.0,0.162,1.651,0.205,-261.6,69.0,-97.6,412,826,0,,,,
R,condition_1_offset,614507.0,-0.328,1.491,-0.519,-244.5,-100.2,-138.1,398,815,0,,,,
R,condition_1_offset,614567.0,-0.14,-0.133,0.88,39.3,-91.9,-27.8,470,750,0,,,,
R,condition_1_offset,614626.0,0.182,-0.134,-0.205,78.6,113.5,94.8,444,760,0,,,,
R,condition_1_offset,614687.0,-0.011,0.439,-0.375,210.7,34.0,185.5,509,755,0,,,,
R,condition_1_offset,614747.0,0.038,1.029,-0.091,195.0,-0.1,211.4,519,759,0,,,,
R,condition_1_offset,614807.0,-0.072,1.94,0.192,308.0,-148.7,240.1,516,761,0,,,,
R,condition_1_offset,614867.0,-0.591,1.887,1.206,207.6,106.0,167.7,511,765,0,,,,
R,condition_1_offset,614927.0,-1.479,1.606,1.05,87.1,51.4,34.0,528,763,0,,,,
R,condition_1_offset,615017.0,0.608,1.012,1.011,-224.5,63.5,-87.8,631,764,0,,,,
R,condition_1_offset,615077.0,0.288,1.035,-0.023,-62.7,75.2,-119.3,671,796,0,,,,
R,condition_1_offset,615137.0,-0.561,1.002,0.094,-86.1,16.6,-40.0,652,835,0,,,,
R,condition_1_offset,615197.0,-0.068,0.91,0.095,-24.3,-27.3,-41.3,705,850,0,,,,
R,condition_1_offset,615257.0,-0.156,0.914,0.09,-22.8,2.7,-26.5,700,854,0,,,,
R,condition_1_offset,615317.0,-0.17,1.009,0.164,-12.6,-15.1,-12.6,715,855,0,,,,
R,condition_1_offset,615376.0,-0.084,1.014,0.159,3.3,-4.6,-5.5,709,854,0,,,,
R,condition_1_offset,615437.0,0.072,1.079,0.435,-165.9,197.1,-35.0,694,853,0,,,,
R,condition_1_offset,615497.0,-0.057,1.089,0.11,-12.5,-19.7,-7.5,613,860,0,,,,
R,condition_1_offset,615565.0,-0.034,1.161,-0.036,-26.6,-48.5,-22.8,651,854,0,,,,
R,condition_1_offset,615647.0,-0.022,1.302,0.378,-45.7,-52.3,-48.8,438,842,0,,,,
R,condition_1_offset,615707.0,-0.127,1.391,-0.19,-72.8,-74.9,-103.2,409,838,0,,,,
R,condition_1_offset,615767.0,0.079,2.274,-0.357,-285.4,86.8,-140.0,394,822,0,,,,
R,condition_1_offset,615827.0,-0.26,1.336,0.067,-241.6,-73.2,-162.4,388,803,0,,,,
R,condition_1_offset,615887.0,0.215,-0.104,0.756,-32.6,36.4,85.8,464,728,0,,,,
R,condition_1_offset,615947.0,0.236,0.114,0.046,104.0,91.3,136.5,461,718,0,,,,
R,condition_1_offset,616007.0,0.029,0.555,-0.185,204.6,83.3,212.1,431,717,0,,,,
R,condition_1_offset,616067.0,-0.155,1.191,-0.175,194.9,11.4,248.7,405,718,0,,,,
R,condition_1_offset,616126.0,-0.467,2.036,0.419,243.6,-4.6,248.4,476,730,0,,,,
R,condition_1_offset,616187.0,-0.732,2.028,0.79,150.9,125.4,159.5,486,736,0,,,,
R,condition_1_offset,616247.0,-1.365,1.304,0.539,101.2,75.0,29.6,503,739,0,,,,
R,condition_1_offset,616307.0,-0.078,1.227,2.396,-108.7,122.5,-100.3,550,728,0,,,,
R,condition_1_offset,616367.0,-0.133,1.582,-0.022,-155.6,75.9,-191.8,645,769,0,,,,
R,condition_1_offset,616427.0,-0.41,0.934,0.396,24.0,39.9,-89.9,685,807,0,,,,
R,condition_1_offset,616517.0,-0.1,0.989,0.203,15.1,-21.1,-35.4,665,847,0,,,,
R,condition_1_offset,616577.0,-0.152,0.921,0.07,-10.9,-9.9,-17.2,677,854,0,,,,
R,condition_1_offset,616637.0,-0.143,0.944,0.076,-20.5,-3.4,-1.6,646,855,0,,,,
R,condition_1_offset,616697.0,-0.088,0.987,0.186,-3.3,-8.4,8.4,701,857,0,,,,
R,condition_1_offset,616757.0,0.012,0.991,0.237,16.9,-50.0,12.3,706,857,0,,,,
R,condition_1_offset,616817.0,-0.016,1.124,-0.035,26.6,-72.4,7.4,717,853,0,,,,
R,condition_1_offset,616907.0,0.002,1.277,0.004,-44.5,-34.5,-36.8,697,852,0,,,,
R,condition_1_offset,616967.0,-0.02,1.234,0.162,-84.5,1.6,-54.6,515,842,0,,,,
R,condition_1_offset,617027.0,-0.003,1.308,0.132,-121.6,-7.8,-58.8,417,841,0,,,,
R,condition_1_offset,617087.0,0.197,2.047,0.102,-253.5,52.0,-100.9,377,828,0,,,,
R,condition_1_offset,617147.0,-0.48,1.473,-0.431,-165.2,-93.2,-145.3,398,809,0,,,,
R,condition_1_offset,617207.0,-0.141,-0.599,1.135,-4.2,-3.4,51.3,472,729,0,,,,
R,condition_1_offset,617267.0,0.065,0.243,-0.082,84.4,154.0,140.3,492,730,0,,,,
R,condition_1_offset,617327.0,-0.254,0.683,-0.616,92.5,211.7,217.4,476,738,0,,,,
R,condition_1_offset,617387.0,-0.467,1.314,-0.095,78.5,87.0,235.7,508,736,0,,,,
R,condition_1_offset,617447.0,-0.575,2.033,0.128,254.5,-20.7,263.1,502,732,0,,,,
R,condition_1_offset,617507.0,-0.996,1.971,0.487,240.0,83.0,157.6,498,731,0,,,,
R,condition_1_offset,617567.0,-1.721,1.278,-0.051,89.8,60.0,28.3,459,678,0,,,,
R,condition_1_offset,617627.0,-0.082,1.52,1.502,13.4,-45.6,-86.1,541,708,0,,,,
R,condition_1_offset,617687.0,0.134,1.888,0.435,-154.4,160.6,-178.9,639,761,0,,,,
R,condition_1_offset,617747.0,-0.531,1.066,0.097,35.4,34.7,-103.9,682,804,0,,,,
R,condition_1_offset,617807.0,-0.25,0.745,0.084,-0.7,-13.3,-39.7,705,840,0,,,,
R,condition_1_offset,617867.0,-0.001,1.069,0.227,24.9,-41.3,-23.8,723,854,0,,,,
R,condition_1_offset,617927.0,-0.141,1.009,-0.026,-22.9,-16.7,-15.8,707,856,0,,,,
R,condition_1_offset,617987.0,-0.062,0.97,0.187,-13.0,-16.5,-5.7,694,853,0,,,,
R,condition_1_offset,618047.0,-0.123,0.936,-0.176,3.0,-39.6,1.4,674,853,0,,,,
R,condition_1_offset,618107.0,-0.08,0.908,-0.305,-23.1,12.4,-14.1,654,847,0,,,,
R,condition_1_offset,618167.0,-0.113,1.067,-0.158,-4.8,-40.5,-13.2,622,841,0,,,,
R,condition_1_offset,618257.0,-0.042,1.317,-0.016,-66.5,-15.6,-48.2,424,843,0,,,,
R,condition_1_offset,618317.0,-0.188,1.242,-0.066,-90.0,-17.8,-65.4,408,843,0,,,,
R,condition_1_offset,618377.0,0.106,1.749,0.181,-191.8,29.3,-73.9,402,826,0,,,,
R,condition_1_offset,618446.0,-0.032,1.711,-0.122,-291.0,15.9,-127.1,394,818,0,,,,
R,condition_1_offset,618497.0,0.111,0.226,-1.031,-221.9,-33.2,-51.4,334,731,0,,,,
R,condition_1_offset,618557.0,0.393,0.699,-0.242,-2.8,106.1,92.4,464,724,0,,,,
R,condition_1_offset,618617.0,0.019,0.333,-0.454,80.1,155.1,197.6,471,730,0,,,,
R,condition_1_offset,618677.0,-0.144,0.914,-0.452,124.5,109.4,258.5,487,714,0,,,,
R,condition_1_offset,618737.0,-0.487,1.533,-0.367,153.8,10.7,259.9,487,725,0,,,,
R,condition_1_offset,618797.0,-0.583,2.05,0.393,205.3,112.3,199.7,491,741,0,,,,
R,condition_1_offset,618861.0,-0.741,1.601,0.828,121.3,98.9,165.2,505,738,0,,,,
R,condition_1_offset,618917.0,-1.443,0.909,-0.082,41.0,0.7,-5.0,502,736,0,,,,
R,condition_1_offset,619007.0,0.53,1.444,1.158,-154.0,170.9,-137.8,613,742,0,,,,
R,condition_1_offset,619067.0,0.33,1.259,0.476,-0.2,124.3,-128.1,661,790,0,,,,
R,condition_1_offset,619157.0,-0.061,0.942,-0.135,-10.5,-35.1,-31.9,712,836,0,,,,
R,condition_1_offset,619217.0,0.004,1.026,0.236,1.4,-9.8,-28.1,717,840,0,,,,
R,condition_1_offset,619277.0,-0.137,1.068,0.14,-0.8,-1.1,-9.2,719,848,0,,,,
R,condition_1_offset,619337.0,-0.003,0.996,0.106,-17.0,-9.4,-9.6,717,849,0,,,,
R,condition_1_offset,619397.0,-0.111,0.966,-0.123,-4.0,-15.1,-10.5,720,856,0,,,,
R,condition_1_offset,619458.0,0.072,0.93,0.291,47.7,-90.3,6.1,705,855,0,,,,
R,condition_1_offset,619517.0,-0.056,1.07,0.054,-39.6,-27.1,-12.7,715,851,0,,,,
R,condition_1_offset,619577.0,0.017,1.229,-0.112,-44.1,-58.1,-30.8,686,850,0,,,,
R,condition_1_offset,619637.0,-0.065,1.25,-0.044,-83.8,-17.9,-54.3,479,842,0,,,,
R,condition_1_offset,619697.0,-0.104,1.438,0.136,-107.4,-26.8,-65.1,412,834,0,,,,
R,condition_1_offset,619757.0,0.089,2.112,-0.388,-240.1,72.6,-113.3,411,824,0,,,,
R,condition_1_offset,619817.0,-0.398,1.514,-0.25,-237.5,-57.1,-140.7,386,812,0,,,,
R,condition_1_offset,619877.0,-0.073,-0.72,0.838,-23.5,21.6,70.2,443,747,0,,,,
R,condition_1_offset,619937.0,0.192,0.154,0.019,59.9,150.9,123.1,416,758,0,,,,
R,condition_1_offset,620027.0,-0.128,0.803,-0.341,164.2,38.6,221.0,510,749,0,,,,
R,condition_1_offset,620087.0,-0.211,1.363,-0.222,210.4,-37.5,231.6,503,743,0,,,,
R,condition_1_offset,620147.0,-0.298,2.216,0.714,300.7,-52.7,219.8,498,754,0,,,,
R,condition_1_offset,620208.0,-1.075,1.637,0.769,91.0,164.9,126.3,493,749,0,,,,
R,condition_1_offset,620267.0,-0.904,1.331,1.378,-35.5,31.5,-32.1,513,742,0,,,,
R,condition_1_offset,620327.0,0.479,1.068,0.379,-215.8,134.8,-118.3,613,748,0,,,,
R,condition_1_offset,620387.0,0.075,1.014,-0.003,-47.8,91.6,-146.5,659,786,0,,,,
R,condition_1_offset,620447.0,-0.558,0.882,0.09,-50.5,28.8,-44.1,699,825,0,,,,
R,condition_1_offset,620507.0,-0.064,0.957,0.115,12.1,-34.3,-28.0,711,836,0,,,,
R,condition_1_offset,620567.0,-0.146,0.915,-0.004,16.3,-6.1,-14.8,707,845,0,,,,
R,condition_1_offset,620627.0,-0.146,1.057,-0.152,-39.7,-22.3,-12.7,651,851,0,,,,
R,condition_1_offset,620687.0,-0.051,0.994,0.041,4.6,-9.3,-11.4,682,857,0,,,,
R,condition_1_offset,620748.0,-0.157,0.997,-0.091,11.0,-38.5,-8.1,683,854,0,,,,
R,condition_1_offset,620807.0,-0.092,1.029,0.142,0.4,-34.3,-16.5,634,859,0,,,,
R,condition_1_offset,620867.0,-0.015,1.123,-0.044,-30.1,-41.3,-24.0,676,858,0,,,,
R,condition_1_offset,620927.0,-0.026,1.273,-0.004,-30.2,-64.6,-64.7,643,839,0,,,,
R,condition_1_offset,620987.0,-0.244,1.352,0.013,-63.3,-66.5,-68.8,417,842,0,,,,
R,condition_1_offset,621047.0,0.052,1.824,0.109,-185.0,11.4,-99.6,414,833,0,,,,
R,condition_1_offset,621107.0,-0.085,1.942,-0.769,-276.2,17.8,-157.9,404,825,0,,,,
R,condition_1_offset,621167.0,0.232,0.531,-0.541,-78.6,-152.8,-161.2,361,762,0,,,,
R,condition_1_offset,621227.0,0.579,0.991,0.026,22.9,24.5,60.6,469,725,0,,,,
R,condition_1_offset,621288.0,0.23,0.195,-0.135,109.1,133.9,126.3,483,744,0,,,,
R,condition_1_offset,621347.0,0.056,0.538,-0.024,232.6,35.2,217.2,494,750,0,,,,
R,condition_1_offset,621407.0,0.148,1.347,-0.128,220.8,-10.7,270.4,484,753,0,,,,
R,condition_1_offset,621466.0,-0.504,2.661,0.243,316.1,-115.5,270.1,480,741,0,,,,
R,condition_1_offset,621527.0,-1.238,1.706,1.653,40.2,196.2,74.0,500,750,0,,,,
R,condition_1_offset,621587.0,-1.41,1.582,-0.355,127.8,-124.8,-48.4,506,714,0,,,,
R,condition_1_offset,621647.0,0.524,1.138,0.853,-154.1,74.2,-136.8,617,747,0,,,,
R,condition_1_offset,621708.0,-0.046,1.05,0.058,-51.8,141.5,-137.6,669,792,0,,,,
R,condition_1_offset,621776.0,-0.238,0.83,-0.123,-36.3,-12.3,-57.1,669,834,0,,,,
R,condition_1_offset,621827.0,0.003,0.985,0.182,-11.0,-5.8,-37.1,650,846,0,,,,
R,condition_1_offset,621887.0,-0.18,1.02,0.049,-8.6,-13.4,-14.7,690,851,0,,,,
R,condition_1_offset,621947.0,-0.153,0.942,0.167,-18.7,-4.9,-5.2,676,856,0,,,,
R,condition_1_offset,622007.0,-0.073,0.986,0.182,1.6,-14.0,5.8,605,860,0,,,,
R,condition_1_offset,622067.0,-0.068,1.002,0.075,1.0,-34.8,-0.7,600,860,0,,,,
R,condition_1_offset,622157.0,-0.042,1.107,0.089,-41.6,-19.3,-16.9,611,859,0,,,,
R,condition_1_offset,622217.0,0.042,1.199,0.082,-0.7,-71.1,-35.3,638,855,0,,,,
R,condition_1_offset,622277.0,0.037,1.184,0.207,-108.7,-5.6,-57.6,425,839,0,,,,
R,condition_1_offset,622337.0,-0.02,1.573,0.174,-153.2,18.6,-78.3,395,833,0,,,,
R,condition_1_offset,622397.0,0.09,1.888,-0.336,-209.9,38.6,-129.6,330,823,0,,,,
R,condition_1_offset,622458.0,-0.165,1.336,0.058,-178.9,-105.5,-132.0,342,808,0,,,,
R,condition_1_offset,622547.0,0.458,0.727,-0.559,44.3,120.7,98.2,442,723,0,,,,
R,condition_1_offset,622607.0,-0.083,0.277,-0.771,107.5,78.8,172.2,463,736,0,,,,
R,condition_1_offset,622697.0,-0.177,1.069,-0.612,187.5,-29.4,259.1,478,731,0,,,,
R,condition_1_offset,622756.0,-0.387,2.417,0.807,229.3,27.9,234.2,466,737,0,,,,
R,condition_1_offset,622817.0,-0.567,1.731,0.862,150.2,173.8,161.5,431,746,0,,,,
R,condition_1_offset,622877.0,-1.49,1.382,0.301,115.9,0.0,29.3,430,747,0,,,,
R,condition_1_offset,622937.0,-0.322,1.393,1.02,25.6,-85.9,-69.9,491,722,0,,,,
R,condition_1_offset,622998.0,0.506,0.811,0.559,-96.3,89.1,-112.1,616,758,0,,,,
R,condition_1_offset,623087.0,-0.261,0.973,0.128,-3.8,43.5,-73.2,665,813,0,,,,
R,condition_1_offset,623147.0,-0.046,0.919,0.102,0.4,-26.1,-34.2,687,832,0,,,,
R,condition_1_offset,623208.0,0.002,0.981,0.309,22.7,-12.3,-25.2,691,845,0,,,,
R,condition_1_offset,623267.0,-0.111,1.048,0.137,-21.1,-7.5,-15.4,702,853,0,,,,
R,condition_1_offset,623328.0,-0.055,1.039,0.183,0.6,-14.3,-12.5,690,853,0,,,,
R,condition_1_offset,623387.0,-0.124,1.013,-0.016,-4.4,-41.7,-3.5,663,852,0,,,,
R,condition_1_offset,623447.0,-0.095,1.014,0.101,-8.4,-22.9,-15.2,633,855,0,,,,
R,condition_1_offset,623507.0,-0.057,1.06,0.157,-11.4,-37.5,-16.5,603,847,0,,,,
R,condition_1_offset,623567.0,0.017,1.144,0.095,-35.4,-42.6,-37.1,515,842,0,,,,
R,condition_1_offset,623657.0,-0.16,1.401,0.088,-58.6,-19.5,-74.6,411,841,0,,,,
R,condition_1_offset,623717.0,0.107,1.48,0.144,-147.0,7.7,-82.4,398,828,0,,,,
R,condition_1_offset,623777.0,0.037,1.834,-0.705,-223.0,-6.3,-139.5,338,823,0,,,,
R,condition_1_offset,623837.0,0.336,1.184,0.238,-181.5,-87.7,-136.3,383,778,0,,,,
R,condition_1_offset,623897.0,0.478,0.837,-0.316,16.8,28.8,111.0,454,727,0,,,,
R,condition_1_offset,623958.0,-0.003,0.184,-0.181,88.9,142.2,148.4,309,748,0,,,,
R,condition_1_offset,624017.0,-0.206,0.781,-0.351,155.5,101.3,234.9,406,742,0,,,,
R,condition_1_offset,624078.0,-0.61,1.379,-0.181,167.2,6.8,238.4,478,733,0,,,,
R,condition_1_offset,624137.0,-0.329,2.114,0.784,246.0,43.4,227.1,443,731,0,,,,
R,condition_1_offset,624197.0,-0.779,1.975,0.685,214.0,161.6,162.8,491,740,0,,,,
R,condition_1_offset,624257.0,-1.252,1.336,0.739,68.8,77.3,12.0,489,741,0,,,,
R,condition_1_offset,624317.0,0.039,1.177,0.468,-8.6,-33.6,-70.5,540,717,0,,,,
R,condition_1_offset,624407.0,0.13,0.989,-0.224,-50.3,84.7,-174.9,658,780,0,,,,
R,condition_1_offset,624467.0,-0.316,0.901,0.095,-6.8,26.6,-56.6,687,815,0,,,,
R,condition_1_offset,624527.0,-0.048,1.034,0.046,5.1,-21.5,-29.4,705,835,0,,,,
R,condition_1_offset,624587.0,-0.107,0.979,0.096,5.2,12.3,-19.9,700,845,0,,,,
R,condition_1_offset,624647.0,-0.1,1.006,0.016,-20.0,2.5,-16.0,703,850,0,,,,
R,condition_1_offset,624715.0,-0.028,1.003,0.08,-7.4,-10.3,-19.1,701,856,0,,,,
R,condition_1_offset,624767.0,-0.112,1.024,0.003,-18.2,-19.3,-13.0,699,853,0,,,,
R,condition_1_offset,624828.0,-0.078,0.991,0.094,-29.9,-8.1,-15.4,691,854,0,,,,
R,condition_1_offset,624887.0,-0.013,1.116,0.15,-17.5,-42.7,-18.6,668,855,0,,,,
R,condition_1_offset,624947.0,0.039,1.126,0.231,-28.0,-49.9,-42.6,579,838,0,,,,
R,condition_1_offset,625007.0,-0.122,1.155,0.087,-90.5,-4.6,-61.9,409,845,0,,,,
R,condition_1_offset,625067.0,0.01,1.749,0.22,-102.2,-0.8,-76.5,403,836,0,,,,
R,condition_1_offset,625131.0,0.126,1.966,-0.551,-266.9,54.0,-131.6,371,825,0,,,,
R,condition_1_offset,625187.0,-0.396,1.301,-0.024,-164.2,-96.3,-148.8,347,805,0,,,,
R,condition_1_offset,625248.0,0.346,0.062,0.348,-66.0,118.8,117.5,377,736,0,,,,
R,condition_1_offset,625307.0,0.071,0.206,-0.244,49.9,149.6,147.7,393,738,0,,,,
R,condition_1_offset,625368.0,-0.166,0.514,-0.308,145.5,104.8,241.0,399,730,0,,,,
R,condition_1_offset,625427.0,-0.326,1.166,-0.232,139.7,40.6,273.8,380,729,0,,,,
R,condition_1_offset,625487.0,-0.535,2.239,0.452,280.4,-27.5,279.8,413,741,0,,,,
R,condition_1_offset,625547.0,-0.832,1.488,-0.025,57.4,207.1,191.1,452,746,0,,,,
R,condition_1_offset,625607.0,-1.128,1.323,0.215,81.4,96.8,82.8,460,755,0,,,,
R,condition_1_offset,625667.0,-0.564,1.106,0.64,-55.0,40.2,-84.9,482,754,0,,,,
R,condition_1_offset,625727.0,0.495,1.054,-0.406,-61.6,-16.3,-74.4,535,743,0,,,,
R,condition_1_offset,625788.0,-0.277,1.465,-0.022,-105.9,23.9,-168.9,644,783,0,,,,
R,condition_1_offset,625847.0,-0.125,0.867,0.369,37.8,21.9,-80.2,684,813,0,,,,
R,condition_1_offset,625908.0,-0.175,0.976,0.087,-34.4,15.1,-44.1,658,837,0,,,,
R,condition_1_offset,625967.0,-0.128,0.947,0.111,-4.3,0.9,-22.7,596,853,0,,,,
R,condition_1_offset,626027.0,-0.081,0.981,0.109,0.2,-20.5,-13.6,651,855,0,,,,
R,condition_1_offset,626087.0,-0.082,0.972,0.168,0.4,-15.1,-15.8,671,855,0,,,,
R,condition_1_offset,626147.0,-0.07,0.991,0.265,-1.1,-22.9,-7.0,661,856,0,,,,
R,condition_1_offset,626208.0,-0.081,0.996,0.457,9.5,-35.4,-2.3,654,853,0,,,,
R,condition_1_offset,626267.0,-0.026,1.027,0.097,-9.1,-53.6,-7.9,615,841,0,,,,
R,condition_1_offset,626328.0,0.02,1.247,0.061,-46.4,-33.6,-43.4,489,846,0,,,,
R,condition_1_offset,626387.0,-0.207,1.451,0.042,-83.9,-13.5,-71.8,404,843,0,,,,
R,condition_1_offset,626448.0,-0.056,1.75,0.208,-183.0,43.8,-76.4,401,834,0,,,,
R,condition_1_offset,626507.0,0.192,2.03,-0.667,-265.2,62.0,-122.2,387,821,0,,,,
R,condition_1_offset,626567.0,-0.127,0.763,-0.448,-165.1,-32.3,-113.7,365,796,0,,,,
R,condition_1_offset,626627.0,0.348,0.802,-0.336,-2.3,80.5,121.0,458,738,0,,,,
R,condition_1_offset,626687.0,0.061,0.313,-0.061,25.0,199.0,145.1,470,740,0,,,,
R,condition_1_offset,626748.0,-0.667,0.184,-1.004,304.9,-144.9,242.2,486,741,0,,,,
R,condition_1_offset,626807.0,-0.095,0.734,0.161,188.5,21.4,255.7,490,745,0,,,,
R,condition_1_offset,626868.0,-0.145,2.024,0.48,272.0,13.8,250.6,379,752,0,,,,
R,condition_1_offset,626927.0,-0.949,1.892,0.376,158.7,180.3,190.4,461,754,0,,,,
R,condition_1_offset,626988.0,-1.696,1.454,0.337,63.3,44.5,23.9,499,757,0,,,,
R,condition_1_offset,627047.0,2.018,0.364,-0.985,-242.7,152.8,-53.0,595,752,0,,,,
R,condition_1_offset,627107.0,0.327,1.262,0.29,-30.5,31.0,-153.3,636,787,0,,,,
R,condition_1_offset,627166.0,-0.436,1.222,0.069,-23.5,40.2,-60.2,674,824,0,,,,
R,condition_1_offset,627227.0,-0.07,0.954,0.178,16.5,-18.2,-32.2,677,842,0,,,,
R,condition_1_offset,627288.0,-0.12,1.053,0.136,5.2,13.1,-18.1,702,851,0,,,,
R,condition_1_offset,627347.0,-0.096,1.024,0.023,-11.9,-19.4,-10.8,681,856,0,,,,
R,condition_1_offset,627408.0,-0.077,0.968,0.203,4.2,-13.5,-18.0,654,856,0,,,,
R,condition_1_offset,627498.0,-0.152,0.945,-0.112,-5.2,-24.7,-17.5,668,856,0,,,,
R,condition_1_offset,627557.0,-0.132,0.967,0.01,-11.4,-20.0,-10.4,608,856,0,,,,
R,condition_1_offset,627618.0,-0.008,1.194,0.031,-26.5,-38.5,-33.4,549,846,0,,,,
R,condition_1_offset,627677.0,-0.059,1.246,0.023,-63.2,-40.0,-56.7,392,849,0,,,,
R,condition_1_offset,627738.0,-0.057,1.31,0.206,-71.4,-34.7,-65.9,395,842,0,,,,
R,condition_1_offset,627797.0,0.071,1.715,0.131,-229.0,57.0,-114.8,401,831,0,,,,
R,condition_1_offset,627857.0,-0.215,1.726,-0.449,-197.7,-58.8,-158.4,334,819,0,,,,
R,condition_1_offset,627917.0,0.14,0.593,-0.732,-35.7,-107.8,-110.4,394,733,0,,,,
R,condition_1_offset,627984.0,0.344,0.225,-0.173,53.9,86.0,68.3,454,734,0,,,,
R,condition_1_offset,628038.0,0.028,0.334,-0.195,97.5,143.7,161.4,415,746,0,,,,
R,condition_1_offset,628097.0,-0.065,0.636,-0.652,223.7,-32.2,230.4,394,753,0,,,,
R,condition_1_offset,628158.0,0.038,1.499,-0.02,217.5,-8.5,221.4,473,746,0,,,,
R,condition_1_offset,628217.0,-0.387,2.042,1.108,237.5,55.7,181.3,468,754,0,,,,
R,condition_1_offset,628278.0,-1.173,1.514,0.747,84.9,90.0,100.4,459,750,0,,,,
R,condition_1_offset,628337.0,-0.842,1.638,0.346,91.0,-105.3,-46.8,493,720,0,,,,
R,condition_1_offset,628397.0,0.504,1.143,0.565,-170.0,98.9,-124.6,610,757,0,,,,
R,condition_1_offset,628458.0,0.092,1.326,0.151,-32.3,125.8,-102.2,643,798,0,,,,
R,condition_1_offset,628517.0,-0.231,0.892,0.031,-85.1,0.7,-46.9,695,831,0,,,,
R,condition_1_offset,628578.0,-0.027,1.021,0.121,-18.9,-13.4,-30.7,690,841,0,,,,
R,condition_1_offset,628637.0,-0.156,1.012,-0.084,0.3,-5.3,-15.8,597,852,0,,,,
R,condition_1_offset,628698.0,-0.085,0.987,0.142,-11.9,-23.9,-7.4,521,860,0,,,,
R,condition_1_offset,628757.0,-0.122,0.899,-0.088,5.2,-23.2,-6.2,405,869,0,,,,
R,condition_1_offset,628817.0,-0.084,1.0,0.048,3.1,-41.7,-5.9,512,861,0,,,,
R,condition_1_offset,628877.0,-0.078,1.09,0.164,-7.0,-45.0,-4.4,627,858,0,,,,
R,condition_1_offset,628937.0,-0.01,1.177,-0.079,-38.8,-50.9,-37.1,547,860,0,,,,
R,condition_1_offset,628998.0,-0.071,1.26,-0.075,-53.9,-49.7,-59.4,430,849,0,,,,
R,condition_1_offset,629057.0,-0.042,0.944,0.319,-104.7,-22.2,-42.7,326,842,0,,,,
R,condition_1_offset,629118.0,-0.021,1.759,-0.281,-229.2,70.3,-132.4,340,828,0,,,,
R,condition_1_offset,629177.0,-0.525,1.579,-0.425,-208.3,-80.9,-163.5,390,816,0,,,,
R,condition_1_offset,629238.0,-0.057,-0.053,0.157,-47.6,-108.0,-60.2,426,738,0,,,,
R,condition_1_offset,629297.0,0.284,-0.069,-0.115,39.9,95.0,80.6,467,732,0,,,,
R,condition_1_offset,629357.0,-0.03,0.364,-0.431,161.9,119.1,179.2,475,735,0,,,,
R,condition_1_offset,629417.0,0.027,0.931,-0.171,217.7,71.9,240.7,479,734,0,,,,
R,condition_1_offset,629477.0,-0.307,1.896,-0.278,222.5,-47.1,262.8,454,740,0,,,,
R,condition_1_offset,629538.0,-0.685,2.035,1.274,271.1,-11.5,172.2,471,726,0,,,,
R,condition_1_offset,629597.0,-1.444,1.231,0.575,169.9,5.6,62.5,471,721,0,,,,
R,condition_1_offset,629658.0,-0.014,1.693,1.165,-87.0,47.3,-105.0,478,709,0,,,,
R,condition_1_offset,629717.0,0.914,1.719,0.687,-218.8,150.8,-131.1,629,760,0,,,,
R,condition_1_offset,629778.0,-0.064,0.986,0.444,-30.1,112.0,-95.4,684,795,0,,,,
R,condition_1_offset,629837.0,-0.031,0.792,-0.039,-5.0,-39.1,-51.5,714,833,0,,,,
R,condition_1_offset,629897.0,-0.06,0.929,-0.044,-3.8,-19.4,-23.6,561,855,0,,,,
R,condition_1_offset,629958.0,-0.123,0.98,0.034,-21.9,-21.7,-11.4,639,857,0,,,,
R,condition_1_offset,630017.0,-0.093,0.953,0.16,-15.4,-35.3,-5.1,633,856,0,,,,
R,condition_1_offset,630078.0,-0.079,0.966,0.128,-11.0,-16.1,3.1,599,858,0,,,,
R,condition_1_offset,630137.0,-0.061,0.97,-0.023,-0.9,-30.7,-4.4,541,855,0,,,,
R,condition_1_offset,630198.0,-0.014,1.082,0.16,-33.5,-28.4,-13.3,565,855,0,,,,
R,condition_1_offset,630257.0,0.059,1.168,0.196,-44.3,-21.1,-28.9,484,847,0,,,,
R,condition_1_offset,630318.0,-0.136,1.283,0.223,-14.4,-43.1,-49.7,342,827,0,,,,
R,condition_1_offset,630377.0,-0.006,1.675,-0.112,-166.5,-13.4,-66.0,296,826,0,,,,
R,condition_1_offset,630437.0,0.02,1.793,-0.362,-267.1,10.1,-134.6,375,808,0,,,,
R,condition_1_offset,630498.0,-0.129,0.423,-0.534,-74.2,-117.0,-95.4,369,753,0,,,,
R,condition_1_offset,630557.0,0.684,1.068,-0.299,17.8,168.9,74.9,470,735,0,,,,
R,condition_1_offset,630647.0,-0.016,0.446,-0.677,89.1,185.9,228.4,484,733,0,,,,
R,condition_1_offset,630708.0,-0.735,1.123,0.037,221.3,-31.2,274.8,479,721,0,,,,
R,condition_1_offset,630776.0,-0.883,2.127,-0.074,261.9,29.5,249.5,470,718,0,,,,
R,condition_1_offset,630828.0,-0.865,2.021,0.35,208.8,71.0,149.3,475,728,0,,,,
R,condition_1_offset,630887.0,-0.997,1.49,0.322,139.7,30.0,64.3,481,731,0,,,,
R,condition_1_offset,630977.0,0.167,2.299,2.158,-116.4,198.8,-171.7,502,709,0,,,,
R,condition_1_offset,631038.0,0.001,0.767,-0.222,-106.1,99.6,-135.8,614,757,0,,,,
R,condition_1_offset,631140.0,-0.29,0.969,0.262,-12.3,29.0,-65.8,612,817,0,,,,
R,condition_1_offset,631158.0,-0.077,1.008,0.055,4.2,-24.1,-48.1,630,824,0,,,,
R,condition_1_offset,631221.0,-0.016,1.044,0.1,-2.4,-17.3,-42.0,653,843,0,,,,
R,condition_1_offset,631278.0,-0.163,0.993,0.095,-11.6,-3.5,-22.0,586,857,0,,,,
R,condition_1_offset,631337.0,-0.077,0.983,0.166,-13.0,-10.7,-1.1,638,860,0,,,,
R,condition_1_offset,631398.0,-0.105,0.999,0.029,-5.7,-31.0,-0.9,679,854,0,,,,
R,condition_1_offset,631458.0,-0.025,1.1,0.269,31.1,-61.8,0.4,602,860,0,,,,
R,condition_1_offset,631517.0,-0.071,1.032,0.079,-8.9,-30.4,-8.7,633,860,0,,,,
R,condition_1_offset,631577.0,0.008,1.133,-0.032,-12.1,-51.9,-26.7,659,856,0,,,,
R,condition_1_offset,631637.0,-0.066,1.172,-0.001,-51.8,-40.3,-47.1,571,834,0,,,,
R,condition_1_offset,631698.0,-0.139,1.179,0.179,-102.3,14.0,-50.1,381,836,0,,,,
R,condition_1_offset,631757.0,0.168,1.603,0.353,-171.5,30.4,-73.2,390,825,0,,,,
R,condition_1_offset,631847.0,-0.444,1.605,0.127,-225.5,-59.3,-140.9,384,810,0,,,,
R,condition_1_offset,631908.0,-0.47,-0.196,1.016,-79.1,52.5,41.3,449,736,0,,,,
R,condition_1_offset,631967.0,0.139,0.227,-0.153,5.3,155.4,144.1,466,736,0,,,,
R,condition_1_offset,632028.0,-0.203,0.537,-0.374,124.0,101.5,233.1,479,734,0,,,,
R,condition_1_offset,632087.0,-0.197,1.018,-0.366,155.8,78.9,280.7,478,721,0,,,,
R,condition_1_offset,632148.0,-0.629,2.041,-0.136,236.3,62.3,285.2,459,717,0,,,,
R,condition_1_offset,632208.0,-0.853,2.001,0.265,188.7,146.6,190.4,476,727,0,,,,
R,condition_1_offset,632297.0,-1.193,1.267,0.699,71.1,-1.6,-3.5,476,743,0,,,,
R,condition_1_offset,632358.0,-0.01,0.868,1.773,-91.2,142.9,-121.7,559,723,0,,,,
R,condition_1_offset,632417.0,-0.01,1.679,0.444,-91.8,80.7,-177.8,595,760,0,,,,
R,condition_1_offset,632477.0,-0.386,0.875,0.469,1.1,66.8,-114.8,646,783,0,,,,
R,condition_1_offset,632538.0,-0.203,0.911,0.043,0.2,-35.8,-37.4,670,816,0,,,,
R,condition_1_offset,632597.0,0.028,1.117,0.154,38.6,-60.4,-28.5,669,835,0,,,,
R,condition_1_offset,632658.0,-0.08,0.956,0.012,1.5,5.6,-21.2,698,842,0,,,,
R,condition_1_offset,632717.0,-0.078,0.97,0.132,-12.6,-2.1,-4.2,703,846,0,,,,
R,condition_1_offset,632778.0,-0.071,0.989,-0.241,0.2,-42.7,7.4,707,847,0,,,,
R,condition_1_offset,632837.0,-0.053,1.016,-0.054,5.6,-20.0,-6.5,708,847,0,,,,
R,condition_1_offset,632927.0,0.037,1.168,-0.01,-26.3,-52.1,-7.1,631,854,0,,,,
R,condition_1_offset,632988.0,0.062,1.101,-0.094,-8.6,-107.0,-25.9,648,848,0,,,,
R,condition_1_offset,633047.0,-0.163,1.46,0.032,-117.7,-8.4,-61.4,397,840,0,,,,
R,condition_1_offset,633108.0,0.113,1.786,-0.085,-167.8,-21.1,-77.0,377,798,0,,,,
R,condition_1_offset,633167.0,-0.188,1.667,-0.73,-320.9,31.2,-129.9,361,803,0,,,,
R,condition_1_offset,633228.0,-0.037,0.06,-0.017,-52.9,-66.2,-50.9,418,729,0,,,,
R,condition_1_offset,633288.0,0.223,0.001,-0.465,57.2,148.8,83.6,440,723,0,,,,
R,condition_1_offset,633347.0,-0.172,0.478,-0.483,133.2,150.7,169.9,487,737,0,,,,
R,condition_1_offset,633408.0,-0.019,0.872,-0.032,179.3,-1.4,225.8,428,752,0,,,,
R,condition_1_offset,633467.0,-0.018,1.443,-0.139,217.0,-94.2,249.9,499,745,0,,,,
R,condition_1_offset,633528.0,-0.267,2.144,0.493,296.0,39.2,209.3,484,749,0,,,,
R,condition_1_offset,633587.0,-1.587,1.507,0.536,72.1,153.0,76.7,462,752,0,,,,
R,condition_1_offset,633648.0,-0.626,1.866,0.7,-153.5,22.6,-89.7,510,710,0,,,,
R,condition_1_offset,633708.0,0.778,1.521,0.545,-166.1,87.4,-138.8,619,757,0,,,,
R,condition_1_offset,633767.0,-0.153,1.115,0.054,-1.8,110.3,-102.2,654,790,0,,,,
R,condition_1_offset,633828.0,-0.227,0.836,0.0,-82.6,24.2,-55.5,698,820,0,,,,
R,condition_1_offset,633931.0,-0.139,1.011,0.11,9.5,14.2,-26.9,714,843,0,,,,
R,condition_1_offset,633948.0,-0.171,0.984,0.068,-14.8,20.0,-20.7,713,846,0,,,,
R,condition_1_offset,634007.0,-0.081,1.019,0.212,-8.8,-12.2,-1.3,720,850,0,,,,
R,condition_1_offset,634068.0,-0.085,0.998,0.027,-2.8,-20.6,-5.1,722,850,0,,,,
R,condition_1_offset,634136.0,-0.075,1.009,-0.192,-33.4,-14.0,-21.7,718,852,0,,,,
R,condition_1_offset,634188.0,-0.101,1.031,0.033,4.4,-30.1,-12.1,718,854,0,,,,
R,condition_1_offset,634248.0,0.036,1.207,0.038,-26.6,-41.5,-35.7,692,856,0,,,,
R,condition_1_offset,634307.0,-0.093,1.057,-0.018,-46.5,-65.3,-54.7,600,841,0,,,,
R,condition_1_offset,634368.0,-0.254,1.337,-0.137,-76.8,-54.0,-75.8,410,840,0,,,,
R,condition_1_offset,634426.0,0.063,1.703,0.22,-157.5,23.7,-122.3,409,830,0,,,,
R,condition_1_offset,634488.0,-0.198,1.703,-0.597,-247.1,-28.7,-165.9,348,819,0,,,,
R,condition_1_offset,634547.0,0.209,0.418,-0.282,-78.8,-126.9,-109.8,355,712,0,,,,
R,condition_1_offset,634651.0,0.256,0.175,-0.114,99.4,149.3,132.5,457,743,0,,,,
R,condition_1_offset,634667.0,0.212,0.318,-0.378,128.0,151.6,152.1,459,745,0,,,,
R,condition_1_offset,634728.0,0.087,0.812,-0.467,208.5,45.0,225.1,480,752,0,,,,
R,condition_1_offset,634788.0,0.102,1.74,0.202,184.6,-35.5,273.1,469,745,0,,,,
R,condition_1_offset,634847.0,-0.462,2.305,0.922,272.9,97.3,164.1,454,747,0,,,,
R,condition_1_offset,634908.0,-1.479,1.355,0.997,57.6,215.9,58.6,472,752,0,,,,
R,condition_1_offset,634966.0,1.519,1.34,0.267,-74.6,30.1,-43.4,513,744,0,,,,
R,condition_1_offset,635028.0,0.225,1.075,-0.044,-107.0,13.0,-141.7,623,771,0,,,,
R,condition_1_offset,635087.0,-0.26,0.912,0.29,-2.5,57.8,-87.6,669,804,0,,,,
R,condition_1_offset,635148.0,-0.163,0.813,0.067,16.7,-28.1,-35.8,699,835,0,,,,
R,condition_1_offset,635208.0,-0.061,1.009,0.251,23.5,-22.3,-17.5,687,850,0,,,,
R,condition_1_offset,635268.0,-0.122,0.991,-0.015,2.4,-8.0,-7.1,715,849,0,,,,
R,condition_1_offset,635328.0,-0.052,0.985,0.075,-16.3,-7.3,-6.4,713,845,0,,,,
R,condition_1_offset,635387.0,0.034,0.884,-0.147,26.1,-43.4,0.4,712,849,0,,,,
R,condition_1_offset,635448.0,-0.095,1.055,0.08,-41.3,23.3,-24.7,718,854,0,,,,
R,condition_1_offset,635507.0,-0.04,1.038,-0.001,-12.8,-34.0,-16.6,678,857,0,,,,
R,condition_1_offset,635568.0,0.014,1.198,0.002,-19.6,-55.0,-48.5,664,853,0,,,,
R,condition_1_offset,635627.0,-0.059,1.092,0.163,-86.1,-30.3,-57.8,433,844,0,,,,
R,condition_1_offset,635688.0,-0.075,1.358,0.158,-102.9,-13.0,-75.9,414,836,0,,,,
R,condition_1_offset,635748.0,0.122,2.023,-0.146,-230.7,75.7,-132.8,405,833,0,,,,
R,condition_1_offset,635808.0,-0.298,1.428,0.177,-206.8,-74.9,-150.5,373,815,0,,,,
R,condition_1_offset,635868.0,0.013,-0.256,-0.528,13.5,-46.7,9.1,421,717,0,,,,
R,condition_1_offset,635927.0,0.446,-0.031,-0.285,41.8,88.7,143.8,454,730,0,,,,
R,condition_1_offset,635988.0,0.068,0.448,-0.553,108.9,121.5,244.2,470,735,0,,,,
R,condition_1_offset,636047.0,-0.252,1.053,-0.378,154.6,41.3,289.1,484,732,0,,,,
R,condition_1_offset,636108.0,-0.455,2.263,0.012,256.4,-49.2,310.8,458,730,0,,,,
R,condition_1_offset,636167.0,-1.112,1.88,0.407,142.8,164.5,141.8,435,730,0,,,,
R,condition_1_offset,636228.0,-1.799,1.403,0.437,4.9,153.7,28.2,457,741,0,,,,
R,condition_1_offset,636288.0,1.112,0.826,0.744,-138.8,137.2,-77.2,487,737,0,,,,
R,condition_1_offset,636348.0,0.062,1.035,0.113,-94.5,46.2,-158.6,642,767,0,,,,
R,condition_1_offset,636408.0,-0.429,0.823,0.05,24.1,73.3,-71.0,681,804,0,,,,
R,condition_1_offset,636467.0,-0.099,0.98,0.155,-9.8,-31.2,-45.2,697,827,0,,,,
R,condition_1_offset,636528.0,-0.024,0.976,0.223,11.6,-5.9,-26.6,709,841,0,,,,
R,condition_1_offset,636587.0,-0.105,0.984,0.067,-3.4,-8.5,-2.8,711,843,0,,,,
R,condition_1_offset,636677.0,-0.03,1.0,0.124,22.4,-6.6,0.8,708,847,0,,,,
R,condition_1_offset,636738.0,-0.031,1.021,0.012,19.8,-28.2,3.9,706,851,0,,,,
R,condition_1_offset,636797.0,0.025,1.029,0.004,18.2,-42.0,-4.4,676,852,0,,,,
R,condition_1_offset,636858.0,0.075,1.136,-0.283,-24.6,-24.5,-43.0,714,851,0,,,,
R,condition_1_offset,636926.0,-0.141,1.196,0.047,-62.4,-46.4,-68.1,685,849,0,,,,
R,condition_1_offset,636978.0,-0.045,1.168,0.081,-73.7,-90.8,-65.3,478,847,0,,,,
R,condition_1_offset,637068.0,0.203,1.936,0.071,-203.5,52.3,-130.4,403,828,0,,,,
R,condition_1_offset,637127.0,-0.133,1.586,0.147,-227.6,-74.4,-141.5,312,820,0,,,,
R,condition_1_offset,637188.0,0.141,-0.284,0.095,-103.1,-2.5,-44.1,408,753,0,,,,
R,condition_1_offset,637248.0,0.268,0.034,-0.61,53.6,109.4,124.3,459,741,0,,,,
R,condition_1_offset,637308.0,0.199,0.697,-0.155,185.3,43.2,214.8,442,744,0,,,,
R,condition_1_offset,637372.0,0.083,1.193,-0.094,208.5,50.2,271.5,460,749,0,,,,
R,condition_1_offset,637458.0,-0.479,2.578,0.668,214.3,54.3,252.7,476,728,0,,,,
R,condition_1_offset,637518.0,-1.306,1.539,0.943,157.1,85.8,99.8,408,742,0,,,,
R,condition_1_offset,637578.0,-0.838,0.995,1.201,25.6,-87.7,-71.2,509,732,0,,,,
R,condition_1_offset,637638.0,-0.121,1.765,0.108,-122.3,58.2,-204.5,658,775,0,,,,
R,condition_1_offset,637698.0,-0.2,0.874,0.202,37.8,71.4,-106.6,688,805,0,,,,
R,condition_1_offset,637757.0,-0.207,0.855,0.066,-23.6,-7.4,-47.3,697,832,0,,,,
R,condition_1_offset,637817.0,-0.02,1.011,0.246,-3.5,-3.2,-29.8,707,840,0,,,,
R,condition_1_offset,637877.0,-0.143,1.001,0.172,4.7,-1.9,-10.9,718,845,0,,,,
R,condition_1_offset,637938.0,-0.073,0.961,0.106,-9.1,-12.1,-3.3,720,849,0,,,,
R,condition_1_offset,637998.0,-0.104,0.987,0.117,0.0,-16.1,0.8,725,852,0,,,,
R,condition_1_offset,638058.0,-0.079,1.058,0.005,9.5,-61.4,-7.2,715,854,0,,,,
R,condition_1_offset,638118.0,0.003,1.12,0.108,-9.8,-29.6,-15.0,709,856,0,,,,
R,condition_1_offset,638177.0,0.054,1.211,-0.015,-27.7,-51.5,-39.9,673,834,0,,,,
R,condition_1_offset,638238.0,-0.081,1.247,-0.023,-79.1,-8.0,-57.1,478,829,0,,,,
R,condition_1_offset,638297.0,0.019,1.444,-0.093,-124.1,19.7,-72.2,406,830,0,,,,
R,condition_1_offset,638358.0,0.181,2.031,-0.164,-250.0,65.2,-119.0,399,818,0,,,,
R,condition_1_offset,638417.0,-0.505,1.411,-0.178,-169.1,-133.1,-128.7,355,808,0,,,,
R,condition_1_offset,638478.0,-0.739,0.071,1.382,-19.8,-5.3,8.6,469,723,0,,,,
R,condition_1_offset,638568.0,0.127,0.2,-0.366,52.0,186.6,174.0,481,724,0,,,,
R,condition_1_offset,638627.0,0.02,0.819,-0.234,195.1,81.9,252.6,424,727,0,,,,
R,condition_1_offset,638688.0,-0.131,1.431,-0.198,210.0,35.4,279.7,482,719,0,,,,
R,condition_1_offset,638748.0,-0.532,2.406,0.851,226.3,70.9,209.7,481,717,0,,,,
R,condition_1_offset,638808.0,-1.241,1.831,0.759,127.6,146.0,133.4,464,725,0,,,,
R,condition_1_offset,638868.0,-1.405,1.32,0.704,19.3,28.9,-62.5,497,708,0,,,,
R,condition_1_offset,638928.0,0.474,0.679,-0.624,-146.2,156.6,-105.7,619,753,0,,,,
R,condition_1_offset,638988.0,0.165,0.804,0.161,-26.7,86.9,-154.8,669,784,0,,,,
R,condition_1_offset,639047.0,-0.167,0.928,0.244,-46.4,-0.9,-53.8,689,811,0,,,,
R,condition_1_offset,639107.0,0.055,1.066,0.181,-1.6,-7.6,-37.0,709,829,0,,,,
R,condition_1_offset,639167.0,-0.142,1.0,-0.006,-17.0,14.4,-33.3,715,844,0,,,,
R,condition_1_offset,639257.0,-0.057,0.978,0.219,5.8,-23.5,-18.4,703,851,0,,,,
R,condition_1_offset,639348.0,-0.164,1.072,0.23,51.2,-85.9,-5.5,619,852,0,,,,
R,condition_1_offset,639408.0,-0.063,0.988,0.054,23.7,-63.9,-8.6,648,844,0,,,,
R,condition_1_offset,639467.0,-0.02,1.358,-0.033,4.3,-47.6,-50.7,591,825,0,,,,
R,condition_1_offset,639528.0,-0.045,1.162,0.122,-61.1,-3.3,-47.5,396,785,0,,,,
R,condition_1_offset,639618.0,0.03,1.347,0.112,-121.7,-13.4,-58.2,398,801,0,,,,
R,condition_1_offset,639678.0,0.125,2.058,-0.25,-236.8,62.5,-114.9,394,793,0,,,,
R,condition_1_offset,639738.0,-0.459,1.281,0.172,-173.6,-119.5,-116.5,395,797,0,,,,
R,condition_1_offset,639797.0,-0.846,0.435,1.582,-44.7,39.6,-2.5,460,733,0,,,,
R,condition_1_offset,639858.0,0.256,0.069,0.013,27.5,120.8,126.1,397,735,0,,,,
R,condition_1_offset,639917.0,0.034,0.414,-0.318,155.8,125.4,220.9,478,726,0,,,,
R,condition_1_offset,639978.0,-0.114,1.041,-0.364,169.0,81.2,274.7,476,711,0,,,,
R,condition_1_offset,640038.0,-0.58,2.071,-0.053,252.5,-41.1,281.1,482,726,0,,,,
R,condition_1_offset,640098.0,-0.598,2.047,0.739,213.9,83.8,178.2,494,736,0,,,,
R,condition_1_offset,640158.0,-1.632,1.492,0.685,75.6,55.5,39.1,482,742,0,,,,
R,condition_1_offset,640218.0,0.545,1.392,2.061,-225.4,197.4,-116.2,592,737,0,,,,
R,condition_1_offset,640278.0,-0.106,1.087,0.424,-89.1,67.6,-178.2,649,781,0,,,,
R,condition_1_offset,640346.0,-0.292,1.09,-0.037,25.2,7.7,-66.3,692,819,0,,,,
R,condition_1_offset,640398.0,-0.167,0.877,0.02,-12.6,-24.8,-36.4,684,838,0,,,,
R,condition_1_offset,640458.0,-0.002,0.93,0.132,2.1,0.0,-23.4,657,847,0,,,,
R,condition_1_offset,640518.0,-0.174,1.013,-0.037,-19.3,4.4,-9.5,677,850,0,,,,
R,condition_1_offset,640578.0,-0.057,0.953,0.042,2.8,-16.1,-8.2,688,851,0,,,,
R,condition_1_offset,640638.0,-0.064,1.054,0.345,16.1,-32.5,-6.5,676,852,0,,,,
R,condition_1_offset,640698.0,0.069,1.057,0.061,18.9,-64.4,-17.0,716,856,0,,,,
R,condition_1_offset,640758.0,-0.081,1.134,-0.177,-5.6,-73.9,-23.1,680,847,0,,,,
R,condition_1_offset,640818.0,0.0,1.504,-0.319,-38.5,-69.6,-66.1,520,844,0,,,,
R,condition_1_offset,640877.0,-0.206,1.322,0.085,-112.4,-31.4,-66.2,414,833,0,,,,
R,condition_1_offset,640968.0,0.015,2.05,-0.537,-271.6,50.8,-143.6,414,819,0,,,,
R,condition_1_offset,641028.0,-0.057,1.193,-0.183,-247.1,-47.7,-160.3,343,796,0,,,,
R,condition_1_offset,641087.0,0.188,0.321,0.526,-12.8,57.2,82.2,469,738,0,,,,
R,condition_1_offset,641148.0,0.162,0.123,-0.349,103.7,115.7,128.8,481,726,0,,,,
R,condition_1_offset,641208.0,0.004,0.59,-0.218,221.2,29.4,194.8,486,740,0,,,,
R,condition_1_offset,641268.0,0.044,1.241,0.0,226.3,-53.8,228.2,506,746,0,,,,
R,condition_1_offset,641328.0,-0.136,2.383,0.641,295.0,-127.1,216.7,416,756,0,,,,
R,condition_1_offset,641388.0,-0.51,1.409,0.932,173.3,40.7,141.1,507,750,0,,,,
R,condition_1_offset,641478.0,-0.973,1.536,2.048,8.8,-89.5,-59.0,546,723,0,,,,
R,condition_1_offset,641538.0,0.54,2.396,0.229,-179.8,128.1,-153.5,640,770,0,,,,
R,condition_1_offset,641598.0,-0.193,0.916,0.161,-2.9,81.9,-94.3,672,805,0,,,,
R,condition_1_offset,641658.0,-0.226,0.889,-0.186,-69.1,-24.2,-50.3,708,835,0,,,,
R,condition_1_offset,641718.0,-0.047,0.927,0.081,16.3,-36.1,-23.1,723,845,0,,,,
R,condition_1_offset,641778.0,-0.158,1.005,-0.007,-7.3,-10.5,-7.1,667,852,0,,,,
R,condition_1_offset,641837.0,-0.055,0.967,0.082,-6.7,-31.6,0.0,699,853,0,,,,
R,condition_1_offset,641928.0,-0.091,1.037,0.061,-15.3,-24.9,-5.7,691,853,0,,,,
R,condition_1_offset,641988.0,-0.117,0.993,-0.099,6.3,-45.5,-6.7,714,853,0,,,,
R,condition_1_offset,642048.0,0.003,1.098,-0.144,-56.2,-38.0,-24.9,691,852,0,,,,
R,condition_1_offset,642138.0,-0.083,1.291,0.149,-55.2,-65.3,-50.2,451,842,0,,,,
R,condition_1_offset,642198.0,0.011,1.728,0.286,-139.7,-12.4,-80.7,390,784,0,,,,
R,condition_1_offset,642258.0,-0.023,2.056,-0.541,-268.6,22.3,-137.2,378,780,0,,,,
R,condition_1_offset,642318.0,0.179,1.039,-0.14,-214.9,-70.6,-149.4,375,766,0,,,,
R,condition_1_offset,642408.0,0.111,-0.106,-0.483,43.8,124.3,83.4,469,736,0,,,,
R,condition_1_offset,642498.0,-0.01,0.647,-0.137,231.9,21.2,198.5,488,730,0,,,,
R,condition_1_offset,642558.0,-0.347,1.211,-0.321,212.0,-55.4,246.8,481,729,0,,,,
R,condition_1_offset,642618.0,-0.139,2.013,0.724,292.6,-47.8,225.6,491,739,0,,,,
R,condition_1_offset,642678.0,-0.946,1.943,0.834,170.1,87.2,166.4,446,725,0,,,,
R,condition_1_offset,642738.0,-1.225,1.328,1.069,37.5,61.0,-20.7,501,728,0,,,,
R,condition_1_offset,642798.0,1.086,1.103,-0.884,-252.2,176.5,-124.3,589,750,0,,,,
R,condition_1_offset,642858.0,0.26,1.117,0.459,-46.3,49.4,-157.7,646,790,0,,,,
R,condition_1_offset,642917.0,-0.537,0.899,-0.198,-30.8,31.7,-63.4,700,820,0,,,,
R,condition_1_offset,642978.0,-0.037,1.002,0.074,-20.9,-23.8,-32.9,624,844,0,,,,
R,condition_1_offset,643081.0,-0.173,0.921,-0.04,-19.6,-8.4,-5.6,628,853,0,,,,
R,condition_1_offset,643098.0,-0.098,1.016,0.149,-2.0,-15.6,-4.1,633,854,0,,,,
R,condition_1_offset,643158.0,-0.078,1.052,0.108,6.0,-15.7,-7.0,607,857,0,,,,
R,condition_1_offset,643218.0,-0.187,1.065,0.031,-6.2,-30.8,-9.1,630,858,0,,,,
R,condition_1_offset,643287.0,-0.098,1.098,0.046,-9.0,-24.5,-19.7,683,855,0,,,,
R,condition_1_offset,643389.0,-0.001,1.153,0.039,-40.4,-44.6,-49.6,605,832,0,,,,
R,condition_1_offset,643458.0,-0.097,1.155,0.145,-60.3,-46.9,-66.0,414,836,0,,,,
R,condition_1_offset,643518.0,0.047,1.59,0.041,-126.0,-3.4,-92.4,416,827,0,,,,
R,condition_1_offset,643578.0,0.101,2.046,-0.536,-269.9,63.9,-163.2,398,811,0,,,,
R,condition_1_offset,643638.0,-0.037,0.547,-0.08,-100.1,-146.5,-143.4,381,753,0,,,,
R,condition_1_offset,643728.0,0.451,-0.055,0.019,25.7,79.8,105.9,440,719,0,,,,
R,condition_1_offset,643790.0,0.192,0.431,-0.264,128.3,148.2,216.3,406,711,0,,,,
R,condition_1_offset,643848.0,-0.227,1.032,-0.643,135.1,109.8,276.6,423,709,0,,,,
R,condition_1_offset,643951.0,-1.037,1.995,-0.02,238.9,-2.3,228.4,464,713,0,,,,
R,condition_1_offset,643998.0,-0.62,1.751,0.735,178.9,53.4,143.2,482,719,0,,,,
R,condition_1_offset,644057.0,-0.982,1.247,0.836,191.6,-25.4,23.0,463,732,0,,,,
R,condition_1_offset,644118.0,-0.319,1.542,0.226,-61.2,129.4,-90.3,519,693,0,,,,
R,condition_1_offset,644178.0,0.499,1.915,0.714,-170.8,173.7,-147.1,521,763,0,,,,
R,condition_1_offset,644238.0,0.338,1.013,0.41,6.6,91.4,-105.4,663,787,0,,,,
R,condition_1_offset,644298.0,-0.169,0.973,0.103,-19.5,18.2,-55.3,700,825,0,,,,
R,condition_1_offset,644358.0,0.003,1.021,0.239,-9.0,-8.7,-37.5,723,845,0,,,,
R,condition_1_offset,644417.0,-0.131,1.006,-0.029,-13.1,1.1,-17.8,728,850,0,,,,
R,condition_1_offset,644478.0,-0.026,0.981,0.136,-15.3,-17.7,-13.3,716,853,0,,,,
R,condition_1_offset,644538.0,-0.051,0.952,0.155,0.4,-24.5,-9.8,628,856,0,,,,
R,condition_1_offset,644598.0,-0.032,1.025,0.227,-38.3,-22.8,-10.2,654,852,0,,,,
R,condition_1_offset,644658.0,0.0,1.152,0.665,12.6,-56.8,-21.2,664,851,0,,,,
R,condition_1_offset,644718.0,0.034,1.241,0.158,-27.5,-42.2,-40.3,623,838,0,,,,
R,condition_1_offset,644778.0,-0.134,1.298,0.104,-77.6,-23.7,-63.9,398,800,0,,,,
R,condition_1_offset,644838.0,-0.066,1.653,-0.056,-141.8,11.5,-79.1,398,793,0,,,,
R,condition_1_offset,644928.0,-0.236,1.613,-0.495,-200.4,-43.5,-126.7,359,790,0,,,,
R,condition_1_offset,644988.0,0.219,0.419,-0.475,-129.3,-1.7,-85.8,426,707,0,,,,
R,condition_1_offset,645091.0,0.073,0.396,-0.17,59.6,208.7,170.2,466,719,0,,,,
R,condition_1_offset,645108.0,0.029,0.429,-0.36,68.3,213.5,196.7,415,725,0,,,,
R,condition_1_offset,645168.0,-0.263,0.795,-0.401,132.1,97.0,259.2,441,708,0,,,,
R,condition_1_offset,645228.0,-0.283,1.516,-0.299,178.5,-53.7,280.7,438,715,0,,,,
R,condition_1_offset,645288.0,-0.446,2.218,1.542,200.5,139.0,220.5,434,723,0,,,,
R,condition_1_offset,645378.0,-1.848,1.434,0.248,67.2,87.1,25.0,492,721,0,,,,
R,condition_1_offset,645468.0,0.357,1.104,0.143,-171.2,142.2,-102.4,604,739,0,,,,
R,condition_1_offset,645528.0,0.175,0.871,0.263,-28.0,86.7,-175.7,660,777,0,,,,
R,condition_1_offset,645618.0,-0.187,0.942,0.124,-2.0,-24.7,-44.6,705,820,0,,,,
R,condition_1_offset,645678.0,-0.029,1.012,0.179,10.2,-8.4,-24.6,695,835,0,,,,
R,condition_1_offset,645738.0,-0.121,0.985,0.071,-2.0,2.5,-6.3,712,840,0,,,,
R,condition_1_offset,645798.0,0.038,1.005,0.222,-17.2,4.6,-6.4,721,840,0,,,,
R,condition_1_offset,645858.0,-0.05,1.037,0.127,11.7,-16.8,-7.6,725,848,0,,,,
R,condition_1_offset,645918.0,0.023,1.063,0.24,-14.7,-28.8,-19.5,713,849,0,,,,
R,condition_1_offset,646008.0,-0.014,1.107,0.098,-21.2,-40.3,-29.3,705,842,0,,,,
R,condition_1_offset,646098.0,-0.152,1.056,0.053,-74.8,-32.4,-50.6,555,830,0,,,,
R,condition_1_offset,646158.0,-0.228,1.37,0.101,-84.2,4.1,-70.2,404,826,0,,,,
R,condition_1_offset,646218.0,0.165,1.699,0.325,-175.1,15.4,-80.7,406,825,0,,,,
R,condition_1_offset,646278.0,0.001,1.773,-0.189,-217.3,-32.9,-142.1,397,811,0,,,,
R,condition_1_offset,646338.0,-0.125,1.031,-0.009,-204.4,63.6,-101.0,413,730,0,,,,
R,condition_1_offset,646398.0,0.413,0.387,-0.408,-2.3,111.0,92.4,445,723,0,,,,
R,condition_1_offset,646458.0,0.179,0.461,-0.122,56.4,201.3,187.8,451,733,0,,,,
R,condition_1_offset,646518.0,-0.074,0.898,-0.363,138.2,73.2,264.3,396,731,0,,,,
R,condition_1_offset,646578.0,-0.43,1.611,-0.354,169.8,-25.8,258.9,466,721,0,,,,
R,condition_1_offset,646668.0,-0.473,1.612,0.892,281.7,29.6,180.2,489,735,0,,,,
R,condition_1_offset,646758.0,-1.05,1.311,1.058,81.9,-103.8,-38.2,475,744,0,,,,
R,condition_1_offset,646818.0,1.719,1.917,0.311,-203.0,88.2,-97.2,586,736,0,,,,
R,condition_1_offset,646886.0,0.009,1.016,0.068,-53.6,57.4,-160.0,651,775,0,,,,
R,condition_1_offset,646938.0,-0.331,1.02,0.22,-27.7,90.1,-84.4,680,807,0,,,,
R,condition_1_offset,646999.0,-0.06,0.872,0.213,-26.0,-17.4,-37.6,710,830,0,,,,
R,condition_1_offset,647088.0,-0.097,0.92,0.082,23.7,-9.4,-14.7,677,844,0,,,,
R,condition_1_offset,647148.0,-0.079,1.014,0.02,-26.4,2.5,-2.3,678,845,0,,,,
R,condition_1_offset,647208.0,-0.018,0.932,0.046,10.0,-5.0,-8.0,709,846,0,,,,
R,condition_1_offset,647268.0,-0.102,1.03,0.087,-3.3,-29.8,-7.0,719,848,0,,,,
R,condition_1_offset,647328.0,-0.116,1.117,0.202,13.2,-50.4,-17.1,710,849,0,,,,
R,condition_1_offset,647388.0,-0.008,1.127,-0.166,-7.8,-66.5,-29.6,717,854,0,,,,
R,condition_1_offset,647448.0,-0.064,1.185,-0.117,-49.7,-73.5,-55.5,670,844,0,,,,
R,condition_1_offset,647508.0,-0.077,1.22,-0.002,-92.0,-64.1,-67.2,405,838,0,,,,
R,condition_1_offset,647568.0,0.176,1.681,-0.043,-161.5,27.7,-109.6,402,832,0,,,,
R,condition_1_offset,647628.0,-0.096,1.992,-0.646,-291.6,27.6,-153.3,405,821,0,,,,
R,condition_1_offset,647718.0,-0.255,-0.06,1.129,-28.1,-29.4,-10.8,400,726,0,,,,
R,condition_1_offset,647778.0,0.236,0.118,0.0,77.0,105.8,126.2,420,730,0,,,,
R,condition_1_offset,647838.0,-0.121,0.489,-0.136,176.1,127.6,214.8,438,730,0,,,,
R,condition_1_offset,647898.0,-0.22,1.026,-0.242,195.7,64.2,246.2,439,738,0,,,,
R,condition_1_offset,647958.0,-0.343,2.033,-0.015,232.9,-89.3,263.9,454,736,0,,,,
R,condition_1_offset,648018.0,-0.388,2.124,1.111,216.3,27.5,177.3,502,742,0,,,,
R,condition_1_offset,648078.0,-1.404,1.439,0.451,102.3,45.8,36.8,507,745,0,,,,
R,condition_1_offset,648138.0,0.124,1.922,2.167,-108.5,36.4,-112.9,536,718,0,,,,
R,condition_1_offset,648198.0,0.669,2.457,0.697,-186.3,106.7,-194.5,516,770,0,,,,
R,condition_1_offset,648258.0,0.075,1.125,0.377,-27.7,110.6,-93.3,613,801,0,,,,
R,condition_1_offset,648318.0,-0.315,0.9,-0.168,-1.9,-18.6,-39.1,701,828,0,,,,
R,condition_1_offset,648378.0,-0.016,1.048,0.178,-9.9,-3.0,-25.9,716,836,0,,,,
R,condition_1_offset,648438.0,-0.134,0.915,0.002,-1.6,-4.5,-5.8,724,847,0,,,,
R,condition_1_offset,648499.0,-0.027,0.983,0.096,-9.4,-24.7,-5.8,685,845,0,,,,
R,condition_1_offset,648558.0,-0.022,1.025,0.117,-7.4,-21.6,-12.3,717,848,0,,,,
R,condition_1_offset,648648.0,-0.033,1.045,0.03,-2.0,-43.6,-20.6,718,852,0,,,,
R,condition_1_offset,648738.0,-0.058,1.14,-0.051,-55.5,-45.4,-50.1,649,837,0,,,,
R,condition_1_offset,648798.0,-0.039,1.374,0.189,-60.8,-48.6,-80.7,424,838,0,,,,
R,condition_1_offset,648858.0,-0.045,1.366,0.158,-116.8,-59.9,-84.7,408,833,0,,,,
R,condition_1_offset,648918.0,0.061,2.162,-0.317,-232.6,66.0,-143.5,406,823,0,,,,
R,condition_1_offset,648978.0,-0.173,1.165,0.088,-170.5,-102.6,-188.0,397,809,0,,,,
R,condition_1_offset,649039.0,0.228,-0.043,0.518,9.7,23.8,86.4,478,730,0,,,,
R,condition_1_offset,649098.0,0.045,0.189,-0.117,75.1,69.5,106.3,485,729,0,,,,
R,condition_1_offset,649158.0,0.019,0.596,-0.081,207.9,31.9,193.4,475,737,0,,,,
R,condition_1_offset,649249.0,0.0,1.623,-0.074,225.2,-9.8,246.3,475,723,0,,,,
R,condition_1_offset,649338.0,-0.861,1.888,1.204,142.3,129.9,150.4,488,730,0,,,,
R,condition_1_offset,649428.0,-0.302,1.319,0.724,9.5,-36.5,-69.4,525,722,0,,,,
R,condition_1_offset,649488.0,0.184,1.466,0.309,-159.9,112.0,-193.4,650,767,0,,,,
R,condition_1_offset,649548.0,-0.5,1.148,0.275,36.4,78.9,-103.0,692,808,0,,,,
R,condition_1_offset,649638.0,-0.061,0.906,0.0,9.5,-35.7,-24.2,710,842,0,,,,
R,condition_1_offset,649698.0,-0.071,0.945,0.303,49.8,-7.9,-11.3,709,846,0,,,,
R,condition_1_offset,649789.0,-0.056,0.885,-0.018,-9.8,-21.0,-15.1,705,849,0,,,,
R,condition_1_offset,649848.0,-0.147,0.872,-0.203,13.0,-47.1,2.3,700,851,0,,,,
R,condition_1_offset,649947.0,-0.053,1.076,-0.047,-18.3,-39.4,-20.5,669,845,0,,,,
R,condition_1_offset,649999.0,0.078,1.227,0.228,-13.8,-43.2,-47.6,628,838,0,,,,
R,condition_1_offset,650058.0,-0.115,1.18,-0.2,-75.1,-32.7,-75.8,413,838,0,,,,
R,condition_1_offset,650119.0,-0.142,1.477,-0.359,-102.0,-39.0,-95.2,404,834,0,,,,
R,condition_1_offset,650178.0,0.071,2.283,-0.337,-246.3,60.2,-151.2,372,819,0,,,,
R,condition_1_offset,650282.0,-0.191,0.804,-0.013,-70.8,-33.3,-76.0,438,739,0,,,,
R,condition_1_offset,650298.0,-0.117,-0.11,0.238,2.8,3.0,73.7,438,740,0,,,,
R,condition_1_offset,650404.0,0.095,0.495,-0.155,159.8,76.7,216.5,404,757,0,,,,
R,condition_1_offset,650418.0,-0.012,0.651,-0.215,137.4,88.6,201.1,406,761,0,,,,
R,condition_1_offset,650508.0,0.004,1.607,-0.086,261.3,-76.3,288.5,345,753,0,,,,
R,condition_1_offset,650568.0,-0.498,2.358,0.877,233.9,61.7,241.6,463,725,0,,,,
R,condition_1_offset,650628.0,-1.707,1.418,0.728,98.6,82.7,92.9,455,729,0,,,,
R,condition_1_offset,650688.0,0.443,1.753,2.838,-61.1,-5.5,-68.1,573,740,0,,,,
R,condition_1_offset,650791.0,-0.402,0.786,0.284,21.0,85.9,-130.0,667,800,0,,,,
R,condition_1_offset,650808.0,-0.448,1.066,-0.241,17.2,64.3,-90.8,678,810,0,,,,
R,condition_1_offset,650869.0,-0.148,0.714,-0.155,-6.2,-32.3,-45.5,661,837,0,,,,
R,condition_1_offset,650928.0,-0.06,1.048,0.345,29.1,-36.0,-24.9,699,848,0,,,,
R,condition_1_offset,651032.0,-0.077,0.976,0.204,-5.3,-30.2,-2.2,699,852,0,,,,
R,condition_1_offset,651048.0,-0.058,0.908,0.132,1.7,-25.5,4.9,696,853,0,,,,
R,condition_1_offset,651108.0,-0.181,1.126,-0.028,-10.0,-17.0,2.1,685,852,0,,,,
R,condition_1_offset,651168.0,0.004,0.995,0.153,-2.3,-56.2,-2.8,653,848,0,,,,
R,condition_1_offset,651228.0,-0.005,1.12,0.001,-30.0,-29.4,-20.6,593,817,0,,,,
R,condition_1_offset,651289.0,0.076,1.255,-0.008,-33.9,-47.6,-59.5,459,830,0,,,,
R,condition_1_offset,651348.0,-0.183,1.489,0.045,-104.0,26.8,-83.9,423,830,0,,,,
R,condition_1_offset,651409.0,0.211,2.136,-0.045,-179.0,22.1,-113.6,398,823,0,,,,
R,condition_1_offset,651468.0,-0.425,1.538,-0.365,-244.5,-56.0,-140.9,286,817,0,,,,
R,condition_1_offset,651558.0,0.428,0.846,-0.31,27.0,60.6,117.5,455,720,0,,,,
R,condition_1_offset,651662.0,-0.104,0.431,-0.442,142.7,118.7,233.3,426,722,0,,,,
R,condition_1_offset,651678.0,-0.059,0.635,-0.37,174.0,94.1,257.3,453,718,0,,,,
R,condition_1_offset,651738.0,-0.346,1.488,0.126,141.4,51.2,269.2,463,720,0,,,,
R,condition_1_offset,651798.0,-0.836,2.471,0.903,241.6,56.2,223.3,459,712,0,,,,
R,condition_1_offset,651858.0,-1.079,1.814,0.719,132.3,135.2,138.6,465,723,0,,,,
R,condition_1_offset,651918.0,-1.291,1.217,0.4,70.7,22.6,-29.6,483,722,0,,,,
R,condition_1_offset,651978.0,1.764,1.515,0.516,-170.8,189.7,-86.3,559,726,0,,,,
R,condition_1_offset,652039.0,-0.064,1.062,-0.394,-74.1,16.5,-184.8,555,786,0,,,,
R,condition_1_offset,652098.0,-0.377,0.774,0.275,22.6,30.8,-53.1,643,814,0,,,,
R,condition_1_offset,652159.0,0.002,0.924,-0.017,-10.0,1.6,-39.7,561,844,0,,,,
R,condition_1_offset,652218.0,-0.122,0.954,0.088,18.4,-15.7,-29.4,662,849,0,,,,
R,condition_1_offset,652278.0,-0.162,0.964,0.04,-16.5,-14.5,-6.5,624,857,0,,,,
R,condition_1_offset,652338.0,-0.105,0.94,0.169,-16.1,-3.2,-3.2,701,853,0,,,,
R,condition_1_offset,652398.0,-0.047,1.014,0.084,19.0,-36.6,-3.8,681,853,0,,,,
R,condition_1_offset,652458.0,-0.121,1.174,0.04,7.6,-28.2,-13.3,675,852,0,,,,
R,condition_1_offset,652518.0,-0.058,1.254,-0.121,5.4,-45.5,-20.9,672,851,0,,,,
R,condition_1_offset,652579.0,0.013,1.218,-0.126,-29.7,-96.0,-47.8,564,841,0,,,,
R,condition_1_offset,652638.0,-0.142,1.316,0.029,-89.9,-2.8,-68.2,401,834,0,,,,
R,condition_1_offset,652728.0,0.238,2.104,-0.161,-236.6,60.9,-133.8,389,823,0,,,,
R,condition_1_offset,652818.0,0.144,0.059,0.152,-232.9,88.2,-117.6,354,701,0,,,,
R,condition_1_offset,652877.0,0.301,0.696,-0.576,2.2,62.6,75.2,461,716,0,,,,
R,condition_1_offset,652968.0,0.018,0.469,-0.392,155.2,79.7,228.3,455,725,0,,,,
R,condition_1_offset,653028.0,-0.143,1.097,-0.319,179.5,29.8,271.6,466,720,0,,,,
R,condition_1_offset,653088.0,-0.134,2.034,0.523,267.7,-45.2,285.4,489,723,0,,,,
R,condition_1_offset,653148.0,-1.027,1.845,0.474,113.8,239.8,176.1,487,709,0,,,,
R,condition_1_offset,653208.0,-1.666,1.566,-0.047,-55.4,220.7,19.8,462,673,0,,,,
R,condition_1_offset,653268.0,1.901,1.504,0.93,-296.9,239.5,-100.8,606,742,0,,,,
R,condition_1_offset,653336.0,0.319,1.03,0.429,26.5,14.8,-155.2,649,775,0,,,,
R,condition_1_offset,653388.0,-0.362,0.954,0.069,-11.6,33.1,-76.5,652,765,0,,,,
R,condition_1_offset,653449.0,-0.12,0.872,0.21,-8.6,0.7,-46.8,664,827,0,,,,
R,condition_1_offset,653539.0,-0.125,1.006,0.109,5.5,-7.9,-27.7,719,846,0,,,,
R,condition_1_offset,653598.0,-0.081,0.946,0.188,-8.6,-8.3,-5.9,659,853,0,,,,
R,condition_1_offset,653659.0,-0.14,1.031,0.077,16.9,-21.5,-0.9,607,853,0,,,,
R,condition_1_offset,653718.0,-0.144,0.889,-0.349,54.7,-108.2,5.8,656,849,0,,,,
R,condition_1_offset,653778.0,-0.046,0.998,0.013,-13.2,-34.9,-12.9,621,836,0,,,,
R,condition_1_offset,653838.0,0.013,1.184,0.123,-36.3,-38.5,-38.1,519,838,0,,,,
R,condition_1_offset,653898.0,-0.092,1.304,-0.099,-36.0,-41.5,-70.2,406,827,0,,,,
R,condition_1_offset,653958.0,-0.111,1.39,-0.073,-132.4,-3.2,-61.8,416,836,0,,,,
R,condition_1_offset,654018.0,0.34,2.272,-0.046,-276.9,94.1,-118.0,346,827,0,,,,
R,condition_1_offset,654079.0,-0.507,1.322,-0.213,-236.8,-102.4,-147.9,392,806,0,,,,
R,condition_1_offset,654138.0,-0.626,-1.105,1.825,16.0,63.2,33.2,473,725,0,,,,
R,condition_1_offset,654199.0,0.287,0.017,-0.147,58.5,140.8,160.5,449,736,0,,,,
R,condition_1_offset,654258.0,-0.139,0.528,-0.441,152.6,104.0,230.5,424,728,0,,,,
R,condition_1_offset,654318.0,-0.019,1.141,-0.362,176.1,46.4,271.6,397,713,0,,,,
R,condition_1_offset,654378.0,-0.375,2.09,0.0,257.1,-11.3,281.1,481,723,0,,,,
R,condition_1_offset,654438.0,-0.701,1.849,0.346,251.2,64.4,208.7,489,722,0,,,,
R,condition_1_offset,654499.0,-2.028,1.367,0.454,99.4,31.0,34.3,484,722,0,,,,
R,condition_1_offset,654558.0,1.21,0.604,3.006,-220.2,184.5,-94.2,583,728,0,,,,
R,condition_1_offset,654619.0,-0.112,1.301,0.532,-87.4,94.9,-196.2,633,765,0,,,,
R,condition_1_offset,654678.0,-0.503,1.029,0.145,-3.1,79.3,-97.0,683,804,0,,,,
R,condition_1_offset,654739.0,-0.105,0.761,0.069,-42.3,-24.9,-32.6,709,834,0,,,,
R,condition_1_offset,654798.0,0.001,1.008,0.188,9.8,-23.5,-31.7,719,846,0,,,,
R,condition_1_offset,654888.0,-0.1,0.976,0.114,-8.7,-23.9,-5.8,714,850,0,,,,
R,condition_1_offset,654949.0,0.041,0.996,0.439,67.0,-58.0,14.0,698,849,0,,,,
R,condition_1_offset,655008.0,-0.1,0.874,-0.037,-8.4,-42.5,-8.5,650,841,0,,,,
R,condition_1_offset,655068.0,-0.004,1.084,0.213,-10.2,-17.9,-19.3,613,835,0,,,,
R,condition_1_offset,655128.0,-0.023,1.221,0.024,-34.9,-53.4,-30.8,534,839,0,,,,
R,condition_1_offset,655188.0,-0.105,1.24,-0.046,-68.7,-26.8,-60.9,416,836,0,,,,
R,condition_1_offset,655249.0,-0.045,1.678,-0.23,-82.9,-65.4,-89.3,412,829,0,,,,
R,condition_1_offset,655308.0,0.235,2.171,-0.526,-286.7,55.1,-144.7,355,822,0,,,,
R,condition_1_offset,655369.0,0.245,1.648,-0.155,-380.9,93.7,-228.5,371,786,0,,,,
R,condition_1_offset,655428.0,0.373,0.691,-0.567,0.4,72.5,138.1,466,726,0,,,,
R,condition_1_offset,655489.0,0.044,0.19,-0.304,82.9,136.0,157.8,470,727,0,,,,
R,condition_1_offset,655548.0,-0.163,0.722,-0.234,174.3,45.0,224.6,475,731,0,,,,
R,condition_1_offset,655638.0,-0.424,1.649,-0.049,237.3,6.0,258.5,458,732,0,,,,
R,condition_1_offset,655699.0,-0.466,2.128,0.683,274.5,-25.3,194.5,396,738,0,,,,
R,condition_1_offset,655758.0,-1.149,1.585,0.742,105.2,-7.9,93.4,464,734,0,,,,
R,condition_1_offset,655819.0,-0.705,1.175,0.531,43.1,-116.5,-45.2,484,737,0,,,,
R,condition_1_offset,655878.0,1.254,1.668,-0.397,-248.7,143.6,-106.4,578,740,0,,,,
R,condition_1_offset,655938.0,0.135,0.866,0.206,-71.0,103.1,-146.9,646,792,0,,,,
R,condition_1_offset,655999.0,-0.465,0.976,-0.143,-39.8,22.9,-56.0,701,822,0,,,,
R,condition_1_offset,656058.0,-0.047,0.963,0.168,-29.1,-35.7,-33.7,713,834,0,,,,
R,condition_1_offset,656119.0,-0.083,0.929,0.091,2.5,17.7,-17.7,718,841,0,,,,
R,condition_1_offset,656187.0,-0.132,0.915,0.072,3.7,-26.5,-1.2,720,845,0,,,,
R,condition_1_offset,656239.0,-0.08,1.034,-0.049,10.9,-18.2,-3.2,721,847,0,,,,
R,condition_1_offset,656329.0,-0.058,0.974,-0.196,-11.7,-48.9,-5.3,721,850,0,,,,
R,condition_1_offset,656388.0,-0.052,1.155,-0.217,-31.2,-52.1,-21.9,613,855,0,,,,
R,condition_1_offset,656449.0,-0.033,1.194,-0.002,-57.2,-44.3,-53.4,616,839,0,,,,
R,condition_1_offset,656508.0,-0.208,0.788,0.361,-84.4,-67.5,-18.4,445,836,0,,,,
R,condition_1_offset,656569.0,0.08,1.809,-0.077,-173.3,-13.3,-106.0,402,817,0,,,,
R,condition_1_offset,656630.0,-0.12,1.828,-0.734,-310.8,-7.0,-155.7,356,813,0,,,,
R,condition_1_offset,656688.0,0.223,-0.669,-0.777,-164.7,-22.0,-90.0,414,705,0,,,,
R,condition_1_offset,656749.0,0.266,0.173,-0.635,35.2,64.6,42.2,480,732,0,,,,
R,condition_1_offset,656808.0,0.112,0.528,-0.45,165.4,0.0,124.5,477,744,0,,,,
R,condition_1_offset,656869.0,0.379,0.802,0.124,254.3,-55.9,177.5,506,744,0,,,,
R,condition_1_offset,656928.0,0.152,1.693,0.193,304.2,-71.0,236.4,507,750,0,,,,
R,condition_1_offset,656989.0,-0.362,2.473,1.61,251.8,69.5,192.9,495,744,0,,,,
R,condition_1_offset,657048.0,-1.774,1.443,0.293,26.3,146.0,55.9,503,743,0,,,,
R,condition_1_offset,657109.0,-0.613,0.456,0.869,-55.9,-19.3,-52.9,453,670,0,,,,
R,condition_1_offset,657168.0,0.122,1.311,0.266,-162.6,125.7,-199.0,603,778,0,,,,
R,condition_1_offset,657228.0,-0.671,0.925,0.024,13.5,37.6,-86.1,688,812,0,,,,
R,condition_1_offset,657288.0,-0.197,0.916,-0.047,-37.8,-34.5,-39.2,712,837,0,,,,
R,condition_1_offset,657348.0,-0.152,0.993,0.105,27.4,-17.9,-27.6,700,848,0,,,,
R,condition_1_offset,657409.0,-0.163,1.02,-0.075,-22.6,5.0,-5.1,717,850,0,,,,
R,condition_1_offset,657468.0,-0.061,1.037,0.04,1.4,-35.1,-1.8,714,849,0,,,,
R,condition_1_offset,657529.0,0.019,0.394,-0.32,242.6,-354.2,71.2,699,849,0,,,,
R,condition_1_offset,657588.0,-0.003,0.901,0.658,-66.2,18.4,-18.5,700,847,0,,,,
R,condition_1_offset,657648.0,-0.035,1.051,-0.175,-55.4,-13.2,-21.7,684,844,0,,,,
R,condition_1_offset,657708.0,-0.047,1.16,-0.267,-38.7,-54.0,-47.6,526,830,0,,,,
R,condition_1_offset,657768.0,-0.001,1.606,0.665,-75.3,-3.2,-79.5,413,828,0,,,,
R,condition_1_offset,657829.0,0.012,2.079,-0.268,-206.7,42.5,-128.1,401,815,0,,,,
R,condition_1_offset,657888.0,-0.406,1.682,-0.343,-239.5,-89.6,-161.0,223,819,0,,,,
R,condition_1_offset,657949.0,-0.341,-0.509,0.351,-151.7,-11.4,-84.7,465,733,0,,,,
R,condition_1_offset,658008.0,0.244,-0.003,-0.1,68.9,52.1,113.9,475,724,0,,,,
R,condition_1_offset,658069.0,-0.035,0.349,-0.585,157.7,130.3,213.9,484,723,0,,,,
R,condition_1_offset,658128.0,-0.111,1.055,-0.142,223.0,80.8,263.2,485,721,0,,,,
R,condition_1_offset,658188.0,-0.671,2.043,-0.172,226.6,-36.4,271.1,476,724,0,,,,
R,condition_1_offset,658249.0,-0.507,1.688,0.692,248.9,77.7,151.9,493,723,0,,,,
R,condition_1_offset,658338.0,-1.387,1.267,0.508,33.1,28.2,-33.8,449,740,0,,,,
R,condition_1_offset,658428.0,0.427,1.565,0.72,-177.1,82.2,-168.6,478,644,0,,,,
R,condition_1_offset,658489.0,-0.256,1.04,0.232,7.5,104.6,-119.0,665,782,0,,,,
R,condition_1_offset,658548.0,-0.246,0.95,0.004,-1.4,-45.8,-40.8,711,832,0,,,,
R,condition_1_offset,658609.0,-0.04,0.98,0.226,25.2,-37.3,-25.4,719,841,0,,,,
R,condition_1_offset,658668.0,-0.135,0.948,0.036,-20.4,-10.0,-10.3,648,853,0,,,,
R,condition_1_offset,658728.0,-0.047,0.978,0.094,-14.1,-31.2,-1.9,671,851,0,,,,
R,condition_1_offset,658789.0,-0.213,1.075,0.026,-10.5,-36.7,-12.8,543,856,0,,,,
R,condition_1_offset,658848.0,-0.063,1.143,0.158,36.1,-70.0,-6.2,628,851,0,,,,
R,condition_1_offset,658938.0,0.036,1.192,-0.101,-6.7,-64.0,-22.1,602,819,0,,,,
R,condition_1_offset,658999.0,0.076,1.153,0.024,-58.5,0.0,-52.5,380,782,0,,,,
R,condition_1_offset,659058.0,0.15,1.503,-0.16,-166.5,37.9,-41.5,368,748,0,,,,
R,condition_1_offset,659149.0,-0.312,1.647,-0.601,-251.6,-47.1,-121.8,364,729,0,,,,
R,condition_1_offset,659208.0,-0.239,-0.338,-0.112,-155.6,-49.9,-123.9,417,716,0,,,,
R,condition_1_offset,659268.0,0.275,0.173,-0.167,76.6,78.4,95.2,478,728,0,,,,
R,condition_1_offset,659329.0,0.105,0.472,-0.4,145.3,193.5,203.4,469,720,0,,,,
R,condition_1_offset,659388.0,-0.009,0.775,-0.191,159.2,173.1,238.9,469,718,0,,,,
R,condition_1_offset,659449.0,-0.568,1.984,-0.455,229.1,-20.0,263.6,443,721,0,,,,
R,condition_1_offset,659508.0,-0.561,1.725,0.508,235.2,50.1,184.2,486,727,0,,,,
R,condition_1_offset,659575.0,-0.725,1.481,0.928,-2.6,311.5,69.4,494,726,0,,,,
R,condition_1_offset,659659.0,0.463,1.093,0.605,-103.3,169.4,-79.5,580,734,0,,,,
R,condition_1_offset,659718.0,0.013,1.324,0.15,-119.0,44.8,-179.4,626,773,0,,,,
R,condition_1_offset,659779.0,-0.191,0.82,0.09,-3.3,69.5,-111.3,668,792,0,,,,
R,condition_1_offset,659838.0,-0.173,0.966,0.134,0.0,-5.9,-43.7,707,836,0,,,,
R,condition_1_offset,659899.0,-0.028,1.066,0.305,7.1,-7.4,-30.5,713,843,0,,,,
R,condition_1_offset,659958.0,-0.092,1.026,0.099,-23.3,-8.6,-17.5,652,855,0,,,,
R,condition_1_offset,660018.0,-0.069,1.03,0.114,-9.7,-9.0,-16.5,632,852,0,,,,
R,condition_1_offset,660079.0,-0.07,0.997,0.142,21.4,-26.2,-2.6,709,848,0,,,,
R,condition_1_offset,660138.0,-0.028,0.953,-0.547,62.5,-131.9,9.3,691,850,0,,,,
R,condition_1_offset,660199.0,-0.002,1.124,-0.062,-18.8,-33.3,-17.7,645,824,0,,,,
R,condition_1_offset,660289.0,-0.005,1.302,-0.065,-38.9,-38.3,-56.3,430,834,0,,,,
R,condition_1_offset,660348.0,-0.059,1.378,0.168,-151.8,11.9,-51.5,411,832,0,,,,
R,condition_1_offset,660452.0,0.095,1.6,-0.597,-298.9,36.0,-122.5,400,810,0,,,,
R,condition_1_offset,660499.0,0.064,0.984,-0.574,-261.8,6.2,-130.3,371,783,0,,,,
R,condition_1_offset,660558.0,0.325,0.727,-0.38,-0.5,68.4,135.7,479,729,0,,,,
R,condition_1_offset,660619.0,0.068,0.386,-0.158,25.4,188.5,164.8,451,735,0,,,,
R,condition_1_offset,660678.0,-0.138,0.715,-0.34,154.4,85.2,254.5,469,717,0,,,,
R,condition_1_offset,660739.0,-0.343,1.409,-0.34,189.6,-13.7,268.1,471,717,0,,,,
R,condition_1_offset,660798.0,-0.504,2.117,0.15,267.9,-14.1,234.5,483,721,0,,,,
R,condition_1_offset,660888.0,-1.293,1.563,0.298,100.5,120.1,94.2,491,723,0,,,,
R,condition_1_offset,660949.0,-0.783,1.147,1.514,9.3,22.5,-51.8,525,702,0,,,,
R,condition_1_offset,661008.0,0.277,2.257,0.873,-162.4,148.0,-166.7,628,761,0,,,,
R,condition_1_offset,661069.0,0.189,0.781,-0.081,40.6,78.3,-104.5,656,785,0,,,,
R,condition_1_offset,661128.0,-0.295,0.864,-0.042,-50.4,28.0,-51.5,651,831,0,,,,
R,condition_1_offset,661189.0,0.006,1.026,0.21,15.4,-27.3,-27.3,655,842,0,,,,
R,condition_1_offset,661249.0,-0.135,1.014,0.056,-8.4,7.1,-17.9,721,850,0,,,,
R,condition_1_offset,661308.0,-0.03,0.963,0.118,-33.6,-5.3,-11.3,713,851,0,,,,
R,condition_1_offset,661369.0,-0.02,0.992,0.11,-8.1,-8.5,-12.1,712,848,0,,,,
R,condition_1_offset,661428.0,-0.071,0.907,0.07,8.4,-57.0,-8.4,695,852,0,,,,
R,condition_1_offset,661489.0,-0.101,1.129,0.208,-13.2,-20.0,-16.8,688,852,0,,,,
R,condition_1_offset,661548.0,0.091,1.222,0.079,-24.5,-49.2,-37.1,600,840,0,,,,
R,condition_1_offset,661609.0,0.041,1.299,-0.049,-44.1,-33.9,-69.6,392,777,0,,,,
R,condition_1_offset,661668.0,0.041,1.489,0.176,-116.9,-21.3,-66.2,394,772,0,,,,
R,condition_1_offset,661729.0,0.078,1.869,-0.57,-274.4,57.4,-125.7,385,765,0,,,,
R,condition_1_offset,661789.0,-0.346,1.18,0.026,-214.6,-84.5,-160.5,364,723,0,,,,
R,condition_1_offset,661848.0,0.157,-0.064,0.638,-7.8,43.0,99.1,453,706,0,,,,
R,condition_1_offset,661909.0,0.091,0.229,-0.129,103.1,142.7,132.8,466,719,0,,,,
R,condition_1_offset,661999.0,0.0,0.755,-0.492,151.8,46.7,241.8,451,725,0,,,,
R,condition_1_offset,662058.0,-0.1,1.749,0.066,174.1,8.0,254.6,463,728,0,,,,
R,condition_1_offset,662149.0,-0.771,2.068,1.423,150.6,130.5,143.1,463,740,0,,,,
R,condition_1_offset,662208.0,-1.584,1.403,0.415,92.4,-36.4,10.5,512,738,0,,,,
R,condition_1_offset,662269.0,-0.504,1.095,0.682,77.0,-168.7,-74.0,555,721,0,,,,
R,condition_1_offset,662329.0,0.29,1.597,0.376,-164.9,141.7,-203.1,622,761,0,,,,
R,condition_1_offset,662388.0,-0.259,0.955,0.359,27.7,56.0,-85.9,678,793,0,,,,
R,condition_1_offset,662449.0,-0.287,0.88,-0.019,-45.9,-13.0,-43.8,707,831,0,,,,
