0, 197714.410885 906. 677. 693. 558. 771. 906. 481. 753. 693. 693. 558. 558.;
1, 197747.833823 907. 661. 693. 558. 771. 907. 481. 753. 693. 693. 558. 558.;
2, 197781.256762 906. 656. 693. 558. 771. 907. 481. 753. 693. 693. 558. 558.;
3, 197814.6797 910. 385. 693. 558. 771. 910. 385. 753. 693. 693. 558. 558.;
4, 197848.102638 799. 550. 693. 558. 771. 910. 385. 753. 693. 693. 558. 558.;
5, 197881.525576 769. 532. 693. 558. 769. 910. 385. 753. 693. 693. 558. 558.;
6, 197914.948514 768. 529. 693. 558. 768. 910. 385. 753. 693. 693. 558. 558.;
7, 197948.371452 769. 498. 693. 558. 768. 910. 385. 753. 693. 693. 558. 558.;
8, 197981.794391 775. 487. 693. 558. 768. 910. 385. 753. 693. 693. 558. 558.;
9, 198015.217329 785. 486. 693. 558. 768. 910. 385. 753. 693. 693. 558. 558.;
10, 198048.640267 785. 486. 894. 259. 768. 910. 385. 753. 693. 894. 259. 558.;
11, 198082.063205 842. 692. 894. 259. 768. 910. 385. 753. 693. 894. 259. 558.;
12, 198115.486143 887. 747. 894. 259. 768. 910. 385. 753. 693. 894. 259. 558.;
13, 198148.909081 887. 747. 890. 237. 768. 910. 385. 753. 693. 894. 237. 558.;
14, 198182.33202 892. 754. 890. 237. 768. 910. 385. 754. 693. 894. 237. 558.;
15, 198215.754958 892. 754. 670. 524. 768. 910. 385. 754. 670. 894. 237. 558.;
16, 198249.177896 891. 755. 670. 524. 768. 910. 385. 755. 670. 894. 237. 558.;
17, 198282.600834 891. 755. 680. 521. 768. 910. 385. 755. 670. 894. 237. 558.;
18, 198316.023772 892. 744. 680. 521. 768. 910. 385. 755. 670. 894. 237. 558.;
19, 198349.44671 892. 744. 682. 539. 768. 910. 385. 755. 670. 894. 237. 558.;
20, 198382.869649 900. 726. 682. 539. 768. 910. 385. 755. 670. 894. 237. 558.;
21, 198416.292587 900. 726. 692. 511. 768. 910. 385. 755. 670. 894. 237. 558.;
22, 198449.715525 907. 632. 692. 511. 768. 910. 385. 755. 670. 894. 237. 558.;
23, 198483.138463 907. 632. 733. 494. 768. 910. 385. 755. 670. 894. 237. 558.;
24, 198516.561401 912. 579. 733. 494. 768. 912. 385. 755. 670. 894. 237. 558.;
25, 198549.984339 912. 579. 740. 459. 768. 912. 385. 755. 670. 894. 237. 558.;
26, 198583.407278 910. 567. 740. 459. 768. 912. 385. 755. 670. 894. 237. 558.;
27, 198616.830216 910. 567. 804. 698. 768. 912. 385. 755. 670. 894. 237. 698.;
28, 198650.253154 913. 391. 804. 698. 768. 913. 385. 755. 670. 894. 237. 698.;
29, 198683.676092 876. 326. 804. 698. 768. 913. 326. 755. 670. 894. 237. 698.;
30, 198717.09903 876. 326. 863. 748. 768. 913. 326. 755. 670. 894. 237. 748.;
31, 198750.521968 774. 511. 863. 748. 768. 913. 326. 755. 670. 894. 237. 748.;
32, 198783.944907 774. 511. 878. 766. 768. 913. 326. 755. 670. 894. 237. 766.;
33, 198817.367845 762. 517. 878. 766. 762. 913. 326. 755. 670. 894. 237. 766.;
34, 198850.790783 762. 517. 883. 765. 762. 913. 326. 755. 670. 894. 237. 766.;
35, 198884.213721 756. 515. 883. 765. 756. 913. 326. 755. 670. 894. 237. 766.;
36, 198917.636659 756. 515. 889. 755. 756. 913. 326. 755. 670. 894. 237. 766.;
37, 198951.059597 756. 515. 894. 745. 756. 913. 326. 755. 670. 894. 237. 766.;
38, 198984.482535 757. 468. 894. 745. 756. 913. 326. 755. 670. 894. 237. 766.;
39, 199017.905474 757. 468. 904. 694. 756. 913. 326. 755. 670. 904. 237. 766.;
40, 199051.328412 759. 569. 904. 694. 756. 913. 326. 755. 670. 904. 237. 766.;
41, 199084.75135 759. 569. 903. 675. 756. 913. 326. 755. 670. 904. 237. 766.;
42, 199118.174288 802. 657. 903. 675. 756. 913. 326. 755. 670. 904. 237. 766.;
43, 199151.597226 802. 657. 901. 584. 756. 913. 326. 755. 670. 904. 237. 766.;
44, 199185.020164 860. 727. 901. 584. 756. 913. 326. 755. 670. 904. 237. 766.;
45, 199218.443103 860. 727. 900. 264. 756. 913. 326. 755. 670. 904. 237. 766.;
46, 199251.866041 885. 747. 900. 264. 756. 913. 326. 755. 670. 904. 237. 766.;
47, 199285.288979 885. 747. 814. 294. 756. 913. 326. 755. 670. 904. 237. 766.;
48, 199318.711917 892. 755. 814. 294. 756. 913. 326. 755. 670. 904. 237. 766.;
49, 199352.134855 892. 755. 701. 513. 756. 913. 326. 755. 670. 904. 237. 766.;
50, 199385.557793 891. 755. 701. 513. 756. 913. 326. 755. 670. 904. 237. 766.;
51, 199418.980732 891. 755. 681. 495. 756. 913. 326. 755. 670. 904. 237. 766.;
52, 199452.40367 893. 746. 681. 495. 756. 913. 326. 755. 670. 904. 237. 766.;
53, 199485.826608 893. 746. 661. 513. 756. 913. 326. 755. 661. 904. 237. 766.;
54, 199519.249546 900. 718. 661. 513. 756. 913. 326. 755. 661. 904. 237. 766.;
55, 199552.672484 900. 718. 683. 501. 756. 913. 326. 755. 661. 904. 264. 766.;
56, 199586.095422 909. 611. 683. 501. 756. 913. 326. 755. 661. 904. 264. 766.;
57, 199619.518361 909. 611. 698. 500. 756. 913. 326. 755. 661. 904. 264. 766.;
58, 199652.941299 909. 574. 698. 500. 756. 913. 326. 755. 661. 904. 264. 766.;
59, 199686.364237 909. 574. 747. 443. 756. 913. 326. 755. 661. 904. 264. 766.;
60, 199719.787175 905. 592. 747. 443. 756. 913. 326. 755. 661. 904. 264. 766.;
61, 199753.210113 905. 592. 792. 688. 756. 913. 326. 755. 661. 904. 264. 766.;
62, 199786.633051 908. 296. 792. 688. 756. 913. 296. 755. 661. 904. 264. 766.;
63, 199820.05599 908. 296. 855. 742. 756. 913. 296. 755. 661. 904. 264. 766.;
64, 199853.478928 732. 539. 855. 742. 732. 913. 296. 755. 661. 904. 264. 766.;
65, 199886.901866 732. 539. 878. 765. 732. 913. 296. 755. 661. 904. 264. 766.;
66, 199920.324804 761. 529. 878. 765. 732. 913. 296. 755. 661. 904. 264. 766.;
67, 199953.747742 761. 529. 886. 770. 732. 913. 296. 755. 661. 904. 264. 770.;
68, 199987.17068 761. 544. 886. 770. 732. 913. 296. 755. 661. 904. 264. 770.;
69, 200020.593619 761. 544. 893. 761. 732. 913. 296. 755. 661. 904. 264. 770.;
70, 200054.016557 762. 514. 893. 761. 732. 913. 296. 755. 661. 904. 264. 770.;
71, 200087.439495 762. 514. 898. 741. 732. 913. 296. 755. 661. 904. 264. 770.;
72, 200120.862433 774. 460. 898. 741. 732. 913. 296. 755. 661. 904. 264. 770.;
73, 200154.285371 774. 460. 904. 681. 732. 913. 296. 755. 661. 904. 264. 770.;
74, 200187.708309 774. 458. 904. 681. 732. 913. 296. 755. 661. 904. 264. 770.;
75, 200221.131248 774. 458. 910. 618. 732. 913. 296. 755. 661. 910. 264. 770.;
76, 200254.554186 765. 495. 910. 618. 732. 913. 296. 755. 661. 910. 264. 770.;
77, 200287.977124 765. 495. 905. 566. 732. 913. 296. 755. 661. 910. 264. 770.;
78, 200321.400062 834. 695. 905. 566. 732. 913. 296. 755. 661. 910. 264. 770.;
79, 200354.823 834. 695. 898. 352. 732. 913. 296. 755. 661. 910. 264. 770.;
80, 200388.245938 880. 741. 898. 352. 732. 913. 296. 755. 661. 910. 264. 770.;
81, 200421.668877 880. 741. 882. 191. 732. 913. 296. 755. 661. 910. 191. 770.;
82, 200455.091815 894. 754. 882. 191. 732. 913. 296. 755. 661. 910. 191. 770.;
83, 200488.514753 894. 754. 679. 528. 732. 913. 296. 755. 661. 910. 191. 770.;
84, 200521.937691 895. 757. 679. 528. 732. 913. 296. 757. 661. 910. 191. 770.;
85, 200555.360629 895. 757. 673. 483. 732. 913. 296. 757. 661. 910. 191. 770.;
86, 200588.783567 899. 751. 673. 483. 732. 913. 296. 757. 661. 910. 191. 770.;
87, 200622.206506 899. 751. 638. 489. 732. 913. 296. 757. 638. 910. 191. 770.;
88, 200655.629444 902. 730. 638. 489. 732. 913. 296. 757. 638. 910. 191. 770.;
89, 200689.052382 902. 730. 650. 505. 732. 913. 296. 757. 638. 910. 191. 770.;
90, 200722.47532 907. 660. 650. 505. 732. 913. 296. 757. 638. 910. 191. 770.;
91, 200755.898258 907. 660. 666. 515. 732. 913. 296. 757. 638. 910. 191. 770.;
92, 200789.321196 909. 611. 666. 515. 732. 913. 296. 757. 638. 910. 191. 770.;
93, 200822.744134 909. 611. 694. 464. 732. 913. 296. 757. 638. 910. 191. 770.;
94, 200856.167073 908. 576. 694. 464. 732. 913. 296. 757. 638. 910. 191. 770.;
95, 200889.590011 908. 576. 718. 621. 732. 913. 296. 757. 638. 910. 191. 770.;
96, 200923.012949 908. 466. 718. 621. 732. 913. 296. 757. 638. 910. 191. 770.;
97, 200956.435887 908. 466. 808. 702. 732. 913. 296. 757. 638. 910. 191. 770.;
98, 200989.858825 893. 313. 808. 702. 732. 913. 296. 757. 638. 910. 191. 770.;
99, 201023.281763 893. 313. 873. 761. 732. 913. 296. 757. 638. 910. 191. 770.;
100, 201056.704702 893. 313. 884. 772. 732. 913. 296. 757. 638. 910. 191. 772.;
101, 201090.12764 789. 537. 884. 772. 732. 913. 296. 757. 638. 910. 191. 772.;
102, 201123.550578 789. 537. 890. 768. 732. 913. 296. 757. 638. 910. 191. 772.;
103, 201156.973516 767. 519. 890. 768. 732. 913. 296. 757. 638. 910. 191. 772.;
104, 201190.396454 767. 519. 893. 757. 732. 913. 313. 757. 638. 910. 191. 772.;
105, 201223.819392 771. 499. 893. 757. 761. 913. 313. 757. 638. 910. 191. 772.;
106, 201257.242331 771. 499. 899. 735. 761. 913. 313. 757. 638. 910. 191. 772.;
107, 201290.665269 774. 472. 899. 735. 761. 913. 313. 757. 638. 910. 191. 772.;
108, 201324.088207 774. 472. 904. 684. 761. 913. 313. 757. 638. 910. 191. 772.;
109, 201357.511145 784. 464. 904. 684. 762. 913. 313. 757. 638. 910. 191. 772.;
110, 201390.934083 784. 464. 907. 674. 762. 913. 313. 757. 638. 910. 191. 772.;
111, 201424.357021 775. 481. 907. 674. 765. 913. 313. 757. 638. 910. 191. 772.;
112, 201457.77996 775. 481. 894. 657. 765. 913. 313. 757. 638. 910. 191. 772.;
113, 201491.202898 838. 700. 894. 657. 765. 913. 313. 757. 638. 910. 191. 772.;
114, 201524.625836 838. 700. 895. 268. 765. 913. 313. 757. 638. 910. 191. 772.;
115, 201558.048774 878. 742. 895. 268. 765. 913. 313. 757. 638. 910. 191. 772.;
116, 201591.471712 878. 742. 751. 506. 765. 913. 313. 757. 638. 910. 191. 772.;
117, 201624.89465 892. 754. 751. 506. 767. 913. 313. 757. 638. 910. 191. 772.;
118, 201658.317589 892. 754. 690. 544. 767. 913. 313. 757. 638. 910. 191. 772.;
119, 201691.740527 894. 756. 690. 544. 767. 913. 313. 757. 638. 910. 191. 772.;
120, 201725.163465 894. 756. 678. 544. 767. 913. 313. 757. 638. 910. 191. 772.;
121, 201758.586403 894. 752. 678. 544. 767. 913. 313. 757. 638. 910. 191. 772.;
122, 201792.009341 894. 752. 663. 537. 767. 913. 313. 757. 638. 910. 191. 772.;
123, 201825.432279 900. 744. 663. 537. 767. 913. 313. 757. 638. 910. 268. 772.;
124, 201858.855218 900. 744. 659. 527. 767. 913. 313. 757. 638. 910. 268. 772.;
125, 201892.278156 904. 715. 659. 527. 767. 913. 313. 757. 638. 910. 268. 772.;
126, 201925.701094 904. 715. 675. 525. 767. 913. 313. 757. 638. 910. 268. 772.;
127, 201959.124032 905. 639. 675. 525. 767. 913. 313. 757. 638. 910. 268. 772.;
128, 201992.54697 905. 639. 709. 409. 767. 913. 313. 757. 650. 910. 268. 772.;
129, 202025.969908 908. 613. 709. 409. 767. 913. 313. 757. 650. 910. 268. 772.;
130, 202059.392847 908. 613. 740. 646. 767. 913. 313. 757. 659. 910. 268. 772.;
131, 202092.815785 906. 578. 740. 646. 767. 913. 313. 757. 659. 910. 268. 772.;
132, 202126.238723 906. 578. 829. 720. 767. 913. 313. 757. 659. 910. 268. 772.;
133, 202159.661661 903. 332. 829. 720. 767. 913. 313. 757. 659. 910. 268. 772.;
134, 202193.084599 903. 332. 873. 760. 767. 913. 313. 757. 659. 910. 268. 772.;
135, 202226.507537 739. 532. 873. 760. 739. 913. 313. 757. 659. 910. 268. 772.;
136, 202259.930476 739. 532. 884. 769. 739. 913. 313. 757. 659. 910. 268. 772.;
137, 202293.353414 757. 501. 884. 769. 739. 913. 313. 757. 659. 910. 268. 772.;
138, 202326.776352 757. 501. 892. 758. 739. 913. 313. 757. 659. 910. 268. 772.;
139, 202360.19929 750. 512. 892. 758. 739. 913. 313. 757. 659. 910. 268. 772.;
140, 202393.622228 750. 512. 896. 744. 739. 913. 313. 757. 659. 910. 268. 772.;
141, 202427.045166 772. 510. 896. 744. 739. 913. 332. 757. 659. 910. 268. 772.;
142, 202460.468105 772. 510. 903. 687. 739. 913. 332. 757. 659. 910. 268. 772.;
143, 202493.891043 776. 491. 903. 687. 739. 913. 332. 757. 659. 910. 268. 772.;
144, 202527.313981 776. 491. 904. 632. 739. 913. 332. 757. 659. 910. 268. 772.;
145, 202560.736919 774. 480. 904. 632. 739. 913. 332. 757. 659. 910. 268. 772.;
146, 202594.159857 774. 480. 905. 639. 739. 913. 332. 757. 659. 910. 268. 772.;
147, 202627.582795 775. 595. 905. 639. 739. 913. 332. 757. 659. 910. 268. 772.;
148, 202661.005733 775. 595. 897. 594. 739. 913. 332. 757. 659. 910. 268. 772.;
149, 202694.428672 846. 708. 897. 594. 739. 913. 332. 757. 659. 910. 268. 772.;
150, 202727.85161 846. 708. 897. 280. 739. 913. 332. 757. 659. 910. 268. 772.;
151, 202761.274548 884. 745. 897. 280. 739. 913. 332. 757. 659. 910. 268. 772.;
152, 202794.697486 884. 745. 720. 561. 739. 913. 332. 757. 659. 910. 268. 772.;
153, 202828.120424 890. 753. 720. 561. 739. 913. 332. 757. 659. 910. 268. 772.;
154, 202861.543362 890. 753. 699. 535. 739. 913. 332. 757. 659. 910. 268. 772.;
155, 202894.966301 894. 753. 699. 535. 739. 913. 332. 757. 659. 910. 268. 772.;
156, 202928.389239 894. 753. 683. 523. 739. 913. 332. 757. 659. 910. 280. 772.;
157, 202961.812177 898. 741. 683. 523. 739. 913. 332. 757. 659. 910. 280. 772.;
158, 202995.235115 898. 741. 684. 536. 739. 913. 332. 757. 659. 910. 280. 772.;
159, 203028.658053 903. 722. 684. 536. 739. 913. 332. 757. 659. 910. 280. 772.;
160, 203062.080991 903. 722. 662. 510. 739. 913. 332. 757. 659. 910. 280. 772.;
161, 203095.50393 907. 664. 662. 510. 739. 913. 332. 757. 659. 910. 280. 772.;
162, 203128.926868 907. 664. 671. 478. 739. 913. 332. 757. 659. 910. 280. 772.;
163, 203162.349806 908. 631. 671. 478. 739. 913. 332. 757. 659. 910. 280. 772.;
164, 203195.772744 908. 631. 729. 442. 739. 913. 332. 757. 659. 910. 280. 772.;
165, 203229.195682 908. 613. 729. 442. 739. 913. 332. 757. 662. 910. 280. 772.;
166, 203262.61862 908. 613. 780. 680. 739. 913. 332. 757. 662. 910. 280. 772.;
167, 203296.041559 909. 561. 780. 680. 739. 913. 332. 757. 662. 910. 280. 772.;
168, 203329.464497 909. 561. 853. 743. 739. 913. 332. 757. 662. 910. 280. 772.;
169, 203362.887435 894. 306. 853. 743. 739. 913. 306. 757. 662. 910. 280. 772.;
170, 203396.310373 894. 306. 881. 772. 739. 913. 306. 757. 662. 910. 280. 772.;
171, 203429.733311 782. 546. 881. 772. 739. 913. 306. 757. 662. 910. 280. 772.;
172, 203463.156249 782. 546. 886. 772. 739. 913. 306. 757. 662. 910. 280. 772.;
173, 203496.579188 763. 521. 886. 772. 739. 913. 306. 757. 662. 910. 280. 772.;
174, 203530.002126 763. 521. 889. 756. 739. 913. 306. 757. 662. 910. 280. 772.;
175, 203563.425064 768. 520. 889. 756. 739. 913. 306. 757. 662. 910. 280. 772.;
176, 203596.848002 768. 520. 896. 747. 750. 913. 306. 757. 662. 910. 280. 772.;
177, 203630.27094 768. 476. 896. 747. 750. 913. 306. 757. 662. 910. 280. 772.;
178, 203663.693878 768. 476. 906. 696. 750. 913. 306. 757. 662. 910. 280. 772.;
179, 203697.116817 776. 478. 906. 696. 750. 913. 306. 757. 662. 910. 280. 772.;
180, 203730.539755 776. 478. 903. 638. 763. 913. 306. 757. 662. 910. 280. 772.;
181, 203763.962693 766. 499. 903. 638. 763. 913. 306. 757. 662. 910. 280. 772.;
182, 203797.385631 766. 499. 907. 614. 763. 913. 306. 757. 662. 910. 280. 772.;
183, 203830.808569 773. 631. 907. 614. 763. 913. 306. 757. 662. 910. 280. 772.;
184, 203864.231507 773. 631. 903. 483. 763. 913. 306. 757. 662. 910. 280. 772.;
185, 203897.654446 879. 741. 903. 483. 763. 913. 306. 757. 662. 910. 280. 772.;
186, 203931.077384 879. 741. 850. 190. 763. 913. 306. 757. 662. 910. 190. 772.;
187, 203964.500322 891. 753. 850. 190. 763. 913. 306. 757. 662. 910. 190. 772.;
188, 203997.92326 891. 753. 685. 520. 763. 913. 306. 757. 662. 910. 190. 772.;
189, 204031.346198 898. 759. 685. 520. 763. 913. 306. 759. 662. 910. 190. 772.;
190, 204064.769136 898. 759. 688. 532. 763. 913. 306. 759. 662. 910. 190. 772.;
191, 204098.192075 897. 752. 688. 532. 763. 913. 306. 759. 662. 910. 190. 772.;
192, 204131.615013 897. 752. 665. 518. 763. 913. 306. 759. 662. 910. 190. 772.;
193, 204165.037951 902. 729. 665. 518. 763. 913. 306. 759. 662. 910. 190. 772.;
194, 204198.460889 902. 729. 691. 531. 763. 913. 306. 759. 662. 910. 190. 772.;
195, 204231.883827 908. 662. 691. 531. 763. 913. 306. 759. 662. 910. 190. 772.;
196, 204265.306765 907. 605. 691. 531. 763. 913. 306. 759. 662. 910. 190. 772.;
197, 204298.729704 907. 605. 720. 530. 763. 913. 306. 759. 662. 910. 190. 772.;
198, 204332.152642 910. 571. 720. 530. 763. 913. 306. 759. 662. 910. 190. 772.;
199, 204365.57558 910. 571. 726. 499. 763. 913. 306. 759. 662. 910. 190. 772.;
200, 204398.998518 911. 521. 726. 499. 763. 913. 306. 759. 662. 910. 190. 772.;
201, 204432.421456 911. 521. 800. 696. 763. 913. 306. 759. 665. 910. 190. 772.;
202, 204465.844394 905. 290. 800. 696. 763. 913. 290. 759. 665. 910. 190. 772.;
203, 204499.267333 905. 290. 860. 749. 763. 913. 290. 759. 665. 910. 190. 772.;
204, 204532.690271 769. 497. 860. 749. 763. 913. 290. 759. 665. 910. 190. 772.;
205, 204566.113209 769. 497. 881. 769. 763. 913. 290. 759. 665. 910. 190. 772.;
206, 204599.536147 772. 515. 881. 769. 763. 913. 290. 759. 665. 910. 190. 772.;
207, 204632.959085 772. 515. 886. 774. 763. 913. 290. 759. 665. 910. 190. 774.;
208, 204666.382023 770. 523. 886. 774. 763. 913. 290. 759. 665. 910. 190. 774.;
209, 204699.804961 770. 523. 887. 768. 763. 913. 290. 759. 665. 910. 190. 774.;
210, 204733.2279 770. 484. 887. 768. 763. 913. 290. 759. 665. 910. 190. 774.;
211, 204766.650838 770. 484. 892. 763. 763. 913. 290. 759. 665. 910. 190. 774.;
212, 204800.073776 758. 463. 892. 763. 758. 913. 290. 759. 665. 910. 190. 774.;
213, 204833.496714 758. 463. 899. 751. 758. 913. 290. 759. 665. 910. 190. 774.;
214, 204866.919652 774. 471. 899. 751. 758. 913. 290. 759. 665. 910. 190. 774.;
215, 204900.34259 774. 471. 906. 677. 758. 913. 290. 759. 665. 910. 190. 774.;
216, 204933.765529 774. 480. 906. 677. 758. 913. 290. 759. 665. 910. 190. 774.;
217, 204967.188467 774. 480. 905. 650. 758. 913. 290. 759. 665. 910. 190. 774.;
218, 205000.611405 831. 692. 905. 650. 758. 913. 290. 759. 665. 910. 190. 774.;
219, 205034.034343 831. 692. 900. 578. 758. 913. 290. 759. 665. 910. 190. 774.;
220, 205067.457281 874. 737. 900. 578. 758. 913. 290. 759. 665. 910. 190. 774.;
221, 205100.880219 874. 737. 865. 184. 758. 913. 290. 759. 665. 910. 184. 774.;
222, 205134.303158 888. 750. 865. 184. 758. 913. 290. 759. 665. 910. 184. 774.;
223, 205167.726096 888. 750. 712. 558. 758. 913. 290. 759. 665. 910. 184. 774.;
224, 205201.149034 897. 760. 712. 558. 758. 913. 290. 760. 665. 910. 184. 774.;
225, 205234.571972 897. 760. 698. 539. 758. 913. 290. 760. 665. 910. 184. 774.;
226, 205267.99491 895. 754. 698. 539. 758. 913. 290. 760. 665. 910. 184. 774.;
227, 205301.417848 895. 754. 674. 518. 758. 913. 290. 760. 665. 910. 184. 774.;
228, 205334.840787 899. 743. 674. 518. 758. 913. 290. 760. 665. 910. 184. 774.;
229, 205368.263725 899. 743. 707. 501. 758. 913. 290. 760. 665. 910. 184. 774.;
230, 205401.686663 905. 709. 707. 501. 758. 913. 290. 760. 665. 910. 184. 774.;
231, 205435.109601 905. 709. 748. 518. 758. 913. 290. 760. 665. 910. 184. 774.;
232, 205468.532539 909. 597. 748. 518. 758. 913. 290. 760. 665. 910. 184. 774.;
233, 205501.955477 909. 597. 743. 465. 758. 913. 290. 760. 674. 910. 184. 774.;
234, 205535.378416 910. 560. 743. 465. 758. 913. 290. 760. 674. 910. 184. 774.;
235, 205568.801354 910. 560. 794. 690. 758. 913. 290. 760. 674. 910. 184. 774.;
236, 205602.224292 909. 385. 794. 690. 758. 913. 290. 760. 674. 910. 184. 774.;
237, 205635.64723 909. 385. 854. 741. 758. 913. 290. 760. 674. 910. 184. 774.;
238, 205669.070168 892. 284. 854. 741. 758. 913. 284. 760. 674. 910. 184. 774.;
239, 205702.493106 892. 284. 878. 765. 758. 913. 284. 760. 674. 910. 184. 774.;
240, 205735.916045 767. 542. 878. 765. 758. 913. 284. 760. 674. 910. 184. 774.;
241, 205769.338983 767. 542. 885. 771. 758. 913. 284. 760. 674. 910. 184. 774.;
242, 205802.761921 756. 532. 885. 771. 756. 913. 284. 760. 674. 910. 184. 774.;
243, 205836.184859 756. 532. 891. 769. 756. 913. 284. 760. 674. 910. 184. 774.;
244, 205869.607797 753. 539. 891. 769. 753. 913. 284. 760. 674. 910. 184. 774.;
245, 205903.030735 753. 539. 895. 760. 753. 913. 284. 760. 674. 910. 184. 774.;
246, 205936.453674 758. 492. 895. 760. 753. 913. 284. 760. 674. 910. 184. 774.;
247, 205969.876612 758. 492. 900. 746. 753. 913. 284. 760. 674. 910. 184. 774.;
248, 206003.29955 782. 495. 900. 746. 753. 913. 284. 760. 674. 910. 184. 774.;
249, 206036.722488 782. 495. 903. 685. 753. 913. 284. 760. 674. 910. 184. 774.;
250, 206070.145426 785. 486. 903. 685. 753. 913. 284. 760. 674. 910. 184. 774.;
251, 206103.568364 785. 486. 904. 667. 753. 913. 284. 760. 674. 910. 184. 774.;
252, 206136.991303 764. 604. 904. 667. 753. 913. 284. 760. 674. 910. 184. 774.;
253, 206170.414241 842. 707. 904. 667. 753. 913. 284. 760. 674. 910. 184. 774.;
254, 206203.837179 842. 707. 896. 465. 753. 913. 284. 760. 674. 910. 184. 774.;
255, 206237.260117 890. 750. 896. 465. 753. 913. 284. 760. 674. 910. 184. 774.;
256, 206270.683055 890. 750. 883. 194. 753. 913. 284. 760. 674. 910. 184. 774.;
257, 206304.105993 897. 761. 883. 194. 753. 913. 284. 761. 674. 910. 184. 774.;
258, 206337.528932 897. 761. 693. 509. 753. 913. 284. 761. 674. 910. 184. 774.;
259, 206370.95187 895. 760. 693. 509. 753. 913. 284. 761. 674. 910. 184. 774.;
260, 206404.374808 895. 760. 682. 496. 753. 913. 284. 761. 674. 910. 184. 774.;
261, 206437.797746 895. 760. 655. 527. 753. 913. 284. 761. 655. 910. 184. 774.;
262, 206471.220684 895. 753. 655. 527. 753. 913. 284. 761. 655. 910. 184. 774.;
263, 206504.643622 895. 753. 673. 512. 753. 913. 284. 761. 655. 910. 194. 774.;
264, 206538.06656 900. 741. 673. 512. 753. 913. 284. 761. 655. 910. 194. 774.;
265, 206571.489499 911. 635. 673. 512. 753. 913. 284. 761. 655. 910. 194. 774.;
266, 206604.912437 911. 635. 705. 498. 753. 913. 284. 761. 655. 910. 194. 774.;
267, 206638.335375 907. 578. 705. 498. 753. 913. 284. 761. 655. 910. 194. 774.;
268, 206671.758313 907. 578. 730. 421. 753. 913. 284. 761. 655. 910. 194. 774.;
269, 206705.181251 907. 546. 730. 421. 753. 913. 284. 761. 655. 910. 194. 774.;
270, 206738.604189 907. 546. 803. 696. 753. 913. 284. 761. 655. 910. 194. 774.;
271, 206772.027128 906. 260. 803. 696. 753. 913. 260. 761. 655. 910. 194. 774.;
272, 206805.450066 906. 260. 865. 753. 753. 913. 260. 761. 655. 910. 194. 774.;
273, 206838.873004 755. 559. 865. 753. 753. 913. 260. 761. 655. 910. 194. 774.;
274, 206872.295942 755. 559. 884. 771. 753. 913. 260. 761. 655. 910. 194. 774.;
275, 206905.71888 760. 526. 884. 771. 753. 913. 260. 761. 655. 910. 194. 774.;
276, 206939.141818 760. 526. 893. 779. 753. 913. 260. 761. 655. 910. 194. 779.;
277, 206972.564757 761. 544. 893. 779. 753. 913. 260. 761. 655. 910. 194. 779.;
278, 207005.987695 761. 544. 894. 762. 753. 913. 260. 761. 655. 910. 194. 779.;
279, 207039.410633 766. 488. 894. 762. 753. 913. 260. 761. 655. 910. 194. 779.;
280, 207072.833571 766. 488. 900. 746. 753. 913. 260. 761. 655. 910. 194. 779.;
281, 207106.256509 774. 449. 900. 746. 753. 913. 260. 761. 655. 910. 194. 779.;
282, 207139.679447 774. 449. 903. 685. 753. 913. 260. 761. 655. 910. 194. 779.;
283, 207173.102386 772. 483. 903. 685. 753. 913. 260. 761. 655. 910. 194. 779.;
284, 207206.525324 772. 483. 905. 652. 753. 913. 260. 761. 655. 910. 194. 779.;
285, 207239.948262 768. 545. 905. 652. 755. 913. 260. 761. 655. 910. 194. 779.;
286, 207273.3712 768. 545. 903. 577. 755. 913. 260. 761. 655. 910. 194. 779.;
287, 207306.794138 836. 698. 903. 577. 755. 913. 260. 761. 655. 910. 194. 779.;
288, 207340.217076 836. 698. 898. 251. 755. 913. 260. 761. 655. 910. 194. 779.;
289, 207373.640015 889. 754. 898. 251. 755. 913. 260. 761. 655. 910. 194. 779.;
290, 207407.062953 889. 754. 807. 453. 755. 913. 260. 761. 655. 910. 194. 779.;
291, 207440.485891 899. 761. 807. 453. 755. 913. 260. 761. 655. 910. 194. 779.;
292, 207473.908829 899. 761. 735. 554. 755. 913. 260. 761. 655. 910. 194. 779.;
293, 207507.331767 897. 756. 735. 554. 755. 913. 260. 761. 655. 910. 194. 779.;
294, 207540.754705 897. 756. 689. 514. 755. 913. 260. 761. 655. 910. 194. 779.;
295, 207574.177644 901. 737. 689. 514. 755. 913. 260. 761. 655. 910. 194. 779.;
296, 207607.600582 901. 737. 693. 520. 755. 913. 260. 761. 655. 910. 194. 779.;
297, 207641.02352 903. 719. 693. 520. 755. 913. 260. 761. 655. 910. 194. 779.;
298, 207674.446458 905. 690. 693. 520. 755. 913. 260. 761. 655. 910. 251. 779.;
299, 207707.869396 905. 690. 652. 496. 755. 913. 260. 761. 652. 910. 251. 779.;
300, 207741.292334 907. 637. 652. 496. 755. 913. 260. 761. 652. 910. 251. 779.;
301, 207774.715273 907. 637. 814. 705. 755. 913. 260. 761. 652. 910. 251. 779.;
302, 207808.138211 906. 483. 814. 705. 755. 913. 260. 761. 652. 910. 251. 779.;
303, 207841.561149 906. 483. 839. 732. 755. 913. 260. 761. 652. 910. 251. 779.;
304, 207874.984087 879. 279. 839. 732. 755. 913. 260. 761. 652. 910. 251. 779.;
305, 207908.407025 879. 279. 878. 769. 755. 913. 260. 761. 652. 910. 251. 779.;
306, 207941.829963 879. 279. 887. 776. 755. 913. 260. 761. 652. 910. 251. 779.;
307, 207975.252902 780. 530. 887. 776. 755. 913. 260. 761. 652. 910. 251. 779.;
308, 208008.67584 780. 530. 890. 760. 755. 913. 260. 761. 652. 910. 251. 779.;
309, 208042.098778 758. 530. 890. 760. 755. 913. 260. 761. 652. 910. 251. 779.;
310, 208075.521716 758. 530. 890. 738. 755. 913. 260. 761. 652. 910. 251. 779.;
311, 208108.944654 769. 471. 890. 738. 755. 913. 260. 761. 652. 910. 251. 779.;
312, 208142.367592 770. 461. 890. 738. 755. 913. 260. 761. 652. 910. 251. 779.;
313, 208175.790531 770. 461. 898. 704. 755. 913. 279. 761. 652. 910. 251. 779.;
314, 208209.213469 773. 490. 898. 704. 758. 913. 279. 761. 652. 910. 251. 779.;
315, 208242.636407 773. 490. 905. 440. 758. 913. 279. 761. 652. 910. 251. 779.;
316, 208276.059345 773. 490. 904. 446. 758. 913. 279. 761. 652. 910. 251. 779.;
317, 208309.482283 773. 490. 903. 316. 758. 913. 279. 761. 652. 910. 251. 779.;
318, 208342.905221 781. 642. 903. 316. 758. 913. 279. 761. 652. 910. 251. 779.;
319, 208376.328159 892. 754. 903. 316. 758. 913. 279. 761. 652. 910. 251. 779.;
320, 208409.751098 892. 754. 838. 172. 758. 913. 279. 761. 652. 910. 172. 779.;
321, 208443.174036 894. 756. 838. 172. 758. 913. 279. 761. 652. 910. 172. 779.;
322, 208476.596974 894. 756. 703. 494. 758. 913. 279. 761. 652. 910. 172. 779.;
323, 208510.019912 897. 754. 703. 494. 758. 913. 279. 761. 652. 910. 172. 779.;
324, 208543.44285 897. 754. 673. 479. 758. 913. 279. 761. 652. 910. 172. 779.;
325, 208576.865788 895. 744. 673. 479. 758. 913. 279. 761. 652. 910. 172. 779.;
326, 208610.288727 895. 744. 677. 500. 758. 913. 279. 761. 652. 910. 172. 779.;
327, 208643.711665 905. 727. 677. 500. 758. 913. 279. 761. 652. 910. 172. 779.;
328, 208677.134603 905. 727. 668. 453. 758. 911. 279. 761. 652. 910. 172. 779.;
329, 208710.557541 909. 656. 668. 453. 758. 911. 279. 761. 652. 910. 172. 779.;
330, 208743.980479 907. 626. 668. 453. 758. 911. 279. 761. 652. 910. 172. 779.;
331, 208777.403417 907. 626. 703. 452. 758. 911. 279. 761. 652. 910. 172. 779.;
332, 208810.826356 905. 600. 703. 452. 758. 911. 279. 761. 652. 910. 172. 779.;
333, 208844.249294 905. 600. 874. 762. 758. 911. 279. 761. 652. 910. 172. 779.;
334, 208877.672232 903. 300. 874. 762. 758. 911. 279. 761. 652. 910. 172. 779.;
335, 208911.09517 903. 300. 880. 769. 758. 911. 279. 761. 652. 910. 172. 779.;
336, 208944.518108 791. 552. 880. 769. 758. 911. 279. 761. 652. 910. 172. 779.;
337, 208977.941046 791. 552. 890. 777. 758. 911. 279. 761. 652. 910. 172. 779.;
338, 209011.363985 766. 541. 890. 777. 758. 911. 279. 761. 652. 910. 172. 779.;
339, 209044.786923 766. 541. 892. 763. 758. 911. 279. 761. 652. 910. 172. 779.;
340, 209078.209861 770. 518. 892. 763. 758. 911. 279. 761. 668. 910. 172. 779.;
341, 209111.632799 770. 518. 895. 753. 758. 911. 279. 761. 668. 910. 172. 779.;
342, 209145.055737 775. 476. 895. 753. 758. 911. 279. 761. 668. 910. 172. 779.;
343, 209178.478675 775. 476. 901. 737. 758. 911. 279. 761. 668. 910. 172. 779.;
344, 209211.901614 770. 478. 901. 737. 758. 911. 279. 761. 668. 910. 172. 779.;
345, 209245.324552 770. 478. 906. 661. 758. 911. 279. 761. 668. 910. 172. 779.;
346, 209278.74749 758. 574. 906. 661. 758. 911. 279. 761. 668. 910. 172. 779.;
347, 209312.170428 758. 574. 904. 641. 758. 911. 300. 761. 668. 910. 172. 779.;
348, 209345.593366 847. 713. 904. 641. 758. 911. 300. 761. 668. 910. 172. 779.;
349, 209379.016304 847. 713. 893. 433. 758. 911. 300. 761. 668. 910. 172. 779.;
350, 209412.439243 884. 746. 893. 433. 758. 911. 300. 761. 668. 910. 172. 779.;
351, 209445.862181 884. 746. 870. 187. 758. 911. 300. 761. 668. 910. 172. 779.;
352, 209479.285119 890. 755. 870. 187. 758. 911. 300. 761. 668. 910. 172. 779.;
353, 209512.708057 890. 755. 703. 560. 758. 911. 300. 761. 668. 910. 172. 779.;
354, 209546.130995 896. 759. 703. 560. 758. 911. 300. 761. 668. 910. 172. 779.;
355, 209579.553933 896. 759. 675. 512. 758. 911. 300. 761. 668. 910. 172. 779.;
356, 209612.976872 898. 745. 675. 512. 758. 911. 300. 761. 668. 910. 172. 779.;
357, 209646.39981 898. 745. 664. 528. 758. 911. 300. 761. 664. 910. 172. 779.;
358, 209679.822748 900. 712. 664. 528. 758. 911. 300. 761. 664. 910. 172. 779.;
359, 209713.245686 900. 712. 673. 514. 758. 911. 300. 761. 664. 910. 172. 779.;
360, 209746.668624 908. 655. 673. 514. 758. 911. 300. 761. 664. 910. 172. 779.;
361, 209780.091562 908. 655. 686. 516. 758. 911. 300. 761. 664. 910. 172. 779.;
362, 209813.514501 909. 633. 686. 516. 758. 911. 300. 761. 664. 910. 187. 779.;
363, 209846.937439 909. 633. 730. 452. 758. 911. 300. 761. 664. 910. 187. 779.;
364, 209880.360377 908. 611. 730. 452. 758. 911. 300. 761. 664. 910. 187. 779.;
365, 209913.783315 912. 342. 730. 452. 758. 912. 300. 761. 664. 910. 187. 779.;
366, 209947.206253 912. 342. 787. 684. 758. 912. 300. 761. 664. 910. 187. 779.;
367, 209980.629191 849. 423. 787. 684. 758. 912. 300. 761. 664. 910. 187. 779.;
368, 210014.05213 849. 423. 871. 759. 758. 912. 300. 761. 664. 910. 187. 779.;
369, 210047.475068 789. 507. 871. 759. 758. 912. 300. 761. 664. 910. 187. 779.;
370, 210080.898006 789. 507. 886. 774. 758. 912. 300. 761. 664. 910. 187. 779.;
371, 210114.320944 764. 520. 886. 774. 758. 912. 300. 761. 664. 910. 187. 779.;
372, 210147.743882 764. 520. 887. 771. 758. 912. 300. 761. 664. 910. 187. 779.;
373, 210181.16682 773. 502. 887. 771. 758. 912. 300. 761. 664. 910. 187. 779.;
374, 210214.589758 773. 502. 903. 712. 758. 912. 300. 761. 664. 910. 187. 779.;
375, 210248.012697 781. 498. 903. 712. 758. 912. 300. 761. 664. 910. 187. 779.;
376, 210281.435635 781. 498. 903. 650. 758. 912. 342. 761. 664. 907. 187. 779.;
377, 210314.858573 783. 516. 903. 650. 758. 912. 342. 761. 664. 907. 187. 779.;
378, 210348.281511 796. 653. 903. 650. 758. 912. 342. 761. 664. 907. 187. 779.;
379, 210381.704449 796. 653. 902. 617. 758. 912. 342. 761. 664. 907. 187. 779.;
380, 210415.127387 860. 724. 902. 617. 758. 912. 342. 761. 664. 907. 187. 779.;
381, 210448.550326 860. 724. 901. 501. 758. 912. 342. 761. 664. 907. 187. 779.;
382, 210481.973264 860. 724. 860. 171. 758. 912. 342. 761. 664. 907. 171. 779.;
383, 210515.396202 887. 745. 860. 171. 758. 912. 342. 761. 664. 907. 171. 779.;
384, 210548.81914 887. 745. 699. 539. 758. 912. 342. 761. 664. 907. 171. 779.;
385, 210582.242078 891. 752. 699. 539. 758. 912. 342. 761. 664. 907. 171. 779.;
386, 210615.665016 891. 752. 690. 536. 758. 912. 342. 761. 664. 907. 171. 779.;
387, 210649.087955 892. 754. 690. 536. 764. 912. 342. 761. 664. 907. 171. 779.;
388, 210682.510893 892. 754. 666. 530. 764. 912. 342. 761. 664. 907. 171. 779.;
389, 210715.933831 895. 746. 666. 530. 764. 912. 342. 761. 664. 907. 171. 779.;
390, 210749.356769 895. 746. 679. 517. 764. 912. 342. 761. 664. 907. 171. 779.;
391, 210782.779707 903. 721. 679. 517. 764. 912. 342. 761. 664. 907. 171. 779.;
392, 210816.202645 903. 721. 701. 477. 764. 912. 342. 761. 664. 907. 171. 779.;
393, 210849.625584 912. 622. 701. 477. 764. 912. 342. 761. 664. 907. 171. 779.;
394, 210883.048522 912. 622. 740. 405. 764. 912. 342. 761. 664. 907. 171. 779.;
395, 210916.47146 909. 577. 740. 405. 764. 912. 342. 761. 664. 907. 171. 779.;
396, 210949.894398 909. 577. 713. 621. 764. 912. 342. 761. 664. 907. 171. 779.;
397, 210983.317336 912. 474. 713. 621. 764. 912. 342. 761. 664. 907. 171. 779.;
398, 211016.740274 912. 474. 816. 711. 764. 912. 342. 761. 666. 907. 171. 779.;
399, 211050.163213 906. 270. 816. 711. 764. 912. 270. 761. 666. 907. 171. 779.;
400, 211083.586151 906. 270. 869. 756. 764. 912. 270. 761. 666. 907. 171. 779.;
401, 211117.009089 754. 521. 869. 756. 754. 912. 270. 761. 666. 907. 171. 779.;
402, 211150.432027 754. 521. 879. 765. 754. 912. 270. 761. 666. 907. 171. 779.;
403, 211183.854965 768. 509. 879. 765. 754. 912. 270. 761. 666. 907. 171. 779.;
404, 211217.277903 768. 509. 885. 769. 754. 912. 270. 761. 666. 907. 171. 779.;
405, 211250.700842 761. 516. 885. 769. 754. 912. 270. 761. 666. 907. 171. 779.;
406, 211284.12378 761. 516. 893. 763. 754. 912. 270. 761. 666. 907. 171. 779.;
407, 211317.546718 761. 516. 902. 744. 754. 912. 270. 761. 666. 907. 171. 779.;
408, 211350.969656 775. 477. 902. 744. 754. 912. 270. 761. 666. 907. 171. 779.;
409, 211384.392594 775. 477. 905. 681. 754. 912. 270. 761. 666. 907. 171. 779.;
410, 211417.815532 783. 485. 905. 681. 754. 912. 270. 761. 666. 907. 171. 779.;
411, 211451.238471 783. 485. 902. 677. 754. 912. 270. 761. 666. 907. 171. 779.;
412, 211484.661409 826. 681. 902. 677. 754. 912. 270. 761. 666. 907. 171. 779.;
413, 211518.084347 826. 681. 894. 632. 754. 912. 270. 761. 666. 907. 171. 779.;
414, 211551.507285 867. 730. 894. 632. 754. 912. 270. 761. 666. 907. 171. 779.;
415, 211584.930223 867. 730. 889. 249. 754. 912. 270. 761. 666. 907. 171. 779.;
416, 211618.353161 888. 748. 889. 249. 754. 912. 270. 761. 666. 907. 171. 779.;
417, 211651.7761 888. 748. 721. 569. 754. 912. 270. 761. 666. 907. 171. 779.;
418, 211685.199038 896. 755. 721. 569. 754. 912. 270. 761. 666. 907. 171. 779.;
419, 211718.621976 896. 755. 695. 531. 754. 912. 270. 761. 666. 907. 171. 779.;
420, 211752.044914 900. 762. 695. 531. 754. 912. 270. 762. 666. 907. 171. 779.;
421, 211785.467852 900. 762. 684. 536. 754. 912. 270. 762. 666. 907. 171. 779.;
422, 211818.89079 900. 750. 684. 536. 754. 912. 270. 762. 666. 907. 171. 779.;
423, 211852.313729 900. 750. 684. 536. 754. 912. 270. 762. 666. 907. 171. 779.;
424, 211885.736667 900. 725. 684. 536. 754. 912. 270. 762. 666. 907. 249. 779.;
425, 211919.159605 900. 725. 709. 526. 754. 912. 270. 762. 666. 907. 249. 779.;
426, 211952.582543 909. 638. 709. 526. 754. 912. 270. 762. 666. 907. 249. 779.;
427, 211986.005481 909. 638. 733. 512. 754. 912. 270. 762. 666. 907. 249. 779.;
428, 212019.428419 909. 596. 733. 512. 754. 912. 270. 762. 666. 907. 249. 779.;
429, 212052.851357 909. 596. 731. 437. 754. 912. 270. 762. 679. 907. 249. 779.;
430, 212086.274296 909. 576. 731. 437. 754. 912. 270. 762. 679. 907. 249. 779.;
431, 212119.697234 909. 576. 794. 693. 754. 912. 270. 762. 684. 907. 249. 779.;
432, 212153.120172 911. 394. 794. 693. 754. 912. 270. 762. 684. 907. 249. 779.;
433, 212186.54311 911. 394. 860. 747. 754. 912. 270. 762. 684. 907. 249. 779.;
434, 212219.966048 894. 325. 860. 747. 754. 912. 270. 762. 684. 907. 249. 779.;
435, 212253.388986 894. 325. 879. 765. 754. 912. 270. 762. 684. 907. 249. 779.;
436, 212286.811925 781. 547. 879. 765. 754. 912. 270. 762. 684. 907. 249. 779.;
437, 212320.234863 781. 547. 884. 773. 754. 912. 270. 762. 684. 907. 249. 779.;
438, 212353.657801 764. 529. 884. 773. 754. 912. 270. 762. 684. 907. 249. 779.;
439, 212387.080739 764. 529. 892. 774. 754. 912. 270. 762. 684. 907. 249. 779.;
440, 212420.503677 758. 515. 892. 774. 754. 912. 270. 762. 684. 907. 249. 779.;
441, 212453.926615 758. 515. 897. 758. 754. 912. 325. 762. 684. 907. 249. 779.;
442, 212487.349554 770. 481. 897. 758. 758. 912. 325. 762. 684. 907. 249. 779.;
443, 212520.772492 770. 481. 901. 728. 758. 912. 325. 762. 684. 907. 249. 779.;
444, 212554.19543 773. 469. 901. 728. 758. 912. 325. 762. 684. 907. 249. 779.;
445, 212587.618368 773. 469. 903. 678. 758. 912. 325. 762. 684. 907. 249. 779.;
446, 212621.041306 773. 469. 901. 641. 758. 912. 325. 762. 684. 907. 249. 779.;
447, 212654.464244 808. 661. 901. 641. 758. 912. 325. 762. 684. 907. 249. 779.;
448, 212687.887183 808. 661. 899. 424. 758. 912. 325. 762. 684. 907. 249. 779.;
449, 212721.310121 860. 723. 899. 424. 758. 912. 325. 762. 684. 907. 249. 779.;
450, 212754.733059 860. 723. 869. 173. 758. 912. 325. 762. 684. 907. 173. 779.;
451, 212788.155997 892. 754. 869. 173. 758. 912. 325. 762. 684. 907. 173. 779.;
452, 212821.578935 892. 754. 710. 557. 758. 912. 325. 762. 684. 907. 173. 779.;
453, 212855.001873 901. 761. 710. 557. 758. 912. 325. 762. 684. 907. 173. 779.;
454, 212888.424812 901. 761. 713. 540. 758. 912. 325. 762. 684. 907. 173. 779.;
455, 212921.84775 901. 761. 684. 542. 758. 912. 325. 762. 684. 907. 173. 779.;
456, 212955.270688 899. 753. 684. 542. 758. 912. 325. 762. 684. 907. 173. 779.;
457, 212988.693626 899. 753. 677. 547. 758. 912. 325. 762. 677. 907. 173. 779.;
458, 213022.116564 899. 743. 677. 547. 758. 912. 325. 762. 677. 907. 173. 779.;
459, 213055.539502 899. 743. 682. 535. 758. 912. 325. 762. 677. 907. 173. 779.;
460, 213088.962441 910. 681. 682. 535. 758. 912. 325. 762. 677. 907. 173. 779.;
461, 213122.385379 910. 681. 735. 418. 758. 912. 325. 762. 677. 907. 173. 779.;
462, 213155.808317 909. 618. 735. 418. 758. 912. 325. 762. 677. 907. 173. 779.;
463, 213189.231255 906. 592. 735. 418. 758. 912. 325. 762. 677. 907. 173. 779.;
464, 213222.654193 906. 592. 706. 615. 758. 912. 325. 762. 677. 907. 173. 779.;
465, 213256.077131 909. 375. 706. 615. 758. 912. 325. 762. 677. 907. 173. 779.;
466, 213289.50007 909. 375. 818. 710. 758. 912. 325. 762. 677. 907. 173. 779.;
467, 213322.923008 853. 393. 818. 710. 758. 912. 325. 762. 677. 907. 173. 779.;
468, 213356.345946 853. 393. 879. 765. 758. 912. 325. 762. 677. 907. 173. 779.;
469, 213389.768884 782. 534. 879. 765. 758. 912. 325. 762. 677. 907. 173. 779.;
470, 213423.191822 782. 534. 886. 772. 758. 912. 325. 762. 677. 907. 173. 779.;
471, 213456.61476 782. 534. 892. 772. 758. 912. 325. 762. 677. 907. 173. 779.;
472, 213490.037699 771. 545. 892. 772. 758. 912. 325. 762. 677. 907. 173. 779.;
473, 213523.460637 771. 545. 898. 751. 758. 912. 325. 762. 677. 907. 173. 779.;
474, 213556.883575 777. 497. 898. 751. 758. 912. 325. 762. 677. 907. 173. 779.;
475, 213590.306513 769. 479. 898. 751. 758. 912. 325. 762. 677. 907. 173. 779.;
476, 213623.729451 769. 479. 899. 728. 758. 912. 375. 762. 677. 907. 173. 779.;
477, 213657.152389 755. 471. 899. 728. 755. 912. 375. 762. 677. 907. 173. 779.;
478, 213690.575328 755. 471. 905. 670. 755. 912. 375. 762. 677. 907. 173. 779.;
479, 213723.998266 816. 674. 905. 670. 755. 912. 375. 762. 677. 907. 173. 779.;
480, 213757.421204 816. 674. 899. 609. 755. 912. 375. 762. 677. 907. 173. 779.;
481, 213790.844142 867. 732. 899. 609. 755. 912. 375. 762. 677. 907. 173. 779.;
482, 213824.26708 867. 732. 894. 242. 755. 912. 375. 762. 677. 907. 173. 779.;
483, 213857.690018 888. 750. 894. 242. 755. 912. 375. 762. 677. 906. 173. 779.;
484, 213891.112957 888. 750. 707. 579. 755. 912. 375. 762. 677. 906. 173. 779.;
485, 213924.535895 895. 757. 707. 579. 755. 912. 375. 762. 677. 906. 173. 779.;
486, 213957.958833 895. 757. 692. 542. 755. 912. 375. 762. 677. 906. 173. 779.;
487, 213991.381771 895. 758. 692. 542. 755. 912. 375. 762. 677. 906. 173. 779.;
488, 214024.804709 895. 758. 672. 522. 755. 912. 375. 762. 672. 906. 173. 779.;
489, 214058.227647 897. 753. 672. 522. 755. 912. 375. 762. 672. 906. 173. 779.;
490, 214091.650585 897. 753. 668. 536. 755. 912. 375. 762. 668. 906. 173. 779.;
491, 214125.073524 899. 742. 668. 536. 755. 912. 375. 762. 668. 906. 173. 779.;
492, 214158.496462 899. 742. 671. 524. 755. 912. 375. 762. 668. 906. 242. 779.;
493, 214191.9194 907. 727. 671. 524. 755. 912. 375. 762. 668. 906. 242. 779.;
494, 214225.342338 907. 727. 723. 488. 755. 912. 375. 762. 668. 906. 242. 779.;
495, 214258.765276 909. 641. 723. 488. 755. 912. 375. 762. 668. 906. 242. 779.;
496, 214292.188214 909. 641. 693. 573. 755. 912. 375. 762. 668. 906. 242. 779.;
497, 214325.611153 907. 615. 693. 573. 755. 912. 375. 762. 668. 906. 242. 779.;
498, 214359.034091 907. 615. 801. 694. 755. 912. 375. 762. 668. 906. 242. 779.;
499, 214392.457029 900. 291. 801. 694. 755. 912. 291. 762. 668. 906. 242. 779.;
500, 214425.879967 900. 291. 851. 739. 755. 912. 291. 762. 668. 906. 242. 779.;
501, 214459.302905 786. 568. 851. 739. 755. 912. 291. 762. 668. 906. 242. 779.;
502, 214492.725843 786. 568. 876. 764. 755. 912. 291. 762. 668. 906. 242. 779.;
503, 214526.148782 774. 554. 876. 764. 755. 912. 291. 762. 668. 906. 242. 779.;
504, 214559.57172 774. 554. 879. 760. 755. 912. 291. 762. 668. 906. 242. 779.;
505, 214592.994658 777. 533. 879. 760. 755. 912. 291. 762. 668. 906. 242. 779.;
506, 214626.417596 777. 533. 890. 755. 755. 912. 291. 762. 668. 906. 242. 779.;
507, 214659.840534 787. 475. 890. 755. 755. 912. 291. 762. 668. 906. 242. 779.;
508, 214693.263472 787. 475. 897. 761. 755. 912. 291. 762. 668. 906. 242. 779.;
509, 214726.686411 784. 491. 897. 761. 755. 912. 291. 762. 668. 906. 242. 779.;
510, 214760.109349 784. 491. 901. 746. 755. 912. 291. 762. 668. 906. 242. 779.;
511, 214793.532287 773. 473. 901. 746. 755. 912. 291. 762. 668. 906. 242. 779.;
512, 214826.955225 773. 473. 903. 690. 755. 912. 291. 762. 668. 906. 242. 779.;
513, 214860.378163 799. 654. 903. 690. 755. 912. 291. 762. 668. 906. 242. 779.;
514, 214893.801101 799. 654. 903. 676. 755. 912. 291. 762. 668. 906. 242. 779.;
515, 214927.22404 859. 724. 903. 676. 755. 912. 291. 762. 668. 906. 242. 779.;
516, 214960.646978 859. 724. 895. 395. 755. 912. 291. 762. 668. 906. 242. 779.;
517, 214994.069916 886. 750. 895. 395. 755. 912. 291. 762. 668. 906. 242. 779.;
518, 215027.492854 886. 750. 847. 261. 773. 912. 291. 762. 668. 906. 242. 779.;
519, 215060.915792 892. 757. 847. 261. 773. 912. 291. 762. 668. 906. 242. 779.;
520, 215094.33873 892. 757. 709. 534. 773. 912. 291. 762. 668. 906. 242. 779.;
521, 215127.761669 898. 758. 709. 534. 773. 912. 291. 762. 668. 906. 242. 779.;
522, 215161.184607 898. 758. 681. 523. 773. 912. 291. 762. 668. 906. 242. 779.;
523, 215194.607545 898. 751. 681. 523. 773. 912. 291. 762. 668. 906. 242. 779.;
524, 215228.030483 898. 751. 675. 520. 773. 912. 291. 762. 668. 906. 261. 779.;
525, 215261.453421 904. 734. 675. 520. 773. 912. 291. 762. 668. 906. 261. 779.;
526, 215294.876359 904. 734. 665. 486. 773. 912. 291. 762. 665. 906. 261. 779.;
527, 215328.299298 909. 669. 665. 486. 773. 912. 291. 762. 665. 906. 261. 779.;
528, 215361.722236 909. 669. 687. 493. 773. 912. 291. 762. 665. 906. 261. 779.;
529, 215395.145174 907. 630. 687. 493. 773. 912. 291. 762. 665. 906. 261. 779.;
530, 215428.568112 907. 630. 755. 445. 773. 912. 291. 762. 665. 906. 261. 779.;
531, 215461.99105 906. 608. 755. 445. 773. 912. 291. 762. 665. 906. 261. 779.;
532, 215495.413988 906. 608. 781. 678. 773. 912. 291. 762. 665. 906. 261. 779.;
533, 215528.836927 912. 327. 781. 678. 773. 912. 291. 762. 665. 906. 261. 779.;
534, 215562.259865 912. 327. 848. 733. 773. 912. 291. 762. 665. 906. 261. 779.;
535, 215595.682803 912. 327. 878. 767. 773. 912. 291. 762. 665. 906. 261. 779.;
536, 215629.105741 827. 483. 878. 767. 773. 912. 291. 762. 665. 906. 261. 779.;
537, 215662.528679 827. 483. 886. 774. 773. 912. 291. 762. 665. 906. 261. 779.;
538, 215695.951617 774. 526. 886. 774. 773. 912. 291. 762. 665. 906. 261. 779.;
539, 215729.374556 774. 526. 889. 767. 773. 912. 291. 762. 665. 906. 261. 779.;
540, 215762.797494 777. 505. 889. 767. 773. 912. 291. 762. 665. 906. 261. 779.;
541, 215796.220432 777. 505. 893. 758. 773. 912. 327. 762. 665. 906. 261. 779.;
542, 215829.64337 803. 490. 893. 758. 773. 912. 327. 762. 665. 906. 261. 779.;
543, 215863.066308 803. 490. 899. 747. 773. 912. 327. 762. 665. 906. 261. 779.;
544, 215896.489246 816. 498. 899. 747. 773. 912. 327. 762. 665. 906. 261. 779.;
545, 215929.912184 816. 498. 911. 667. 773. 912. 327. 762. 665. 911. 261. 779.;
546, 215963.335123 806. 492. 911. 667. 773. 912. 327. 762. 665. 911. 261. 779.;
547, 215996.758061 806. 492. 905. 639. 773. 912. 327. 762. 665. 911. 261. 779.;
548, 216030.180999 797. 654. 905. 639. 773. 912. 327. 762. 665. 911. 261. 779.;
549, 216063.603937 797. 654. 903. 583. 773. 912. 327. 762. 665. 911. 261. 779.;
550, 216097.026875 797. 654. 900. 262. 773. 912. 327. 762. 665. 911. 261. 779.;
551, 216130.449813 862. 728. 900. 262. 773. 912. 327. 762. 665. 911. 261. 779.;
552, 216163.872752 862. 728. 849. 191. 774. 912. 327. 762. 665. 911. 191. 779.;
553, 216197.29569 888. 751. 849. 191. 774. 912. 327. 762. 665. 911. 191. 779.;
554, 216230.718628 888. 751. 687. 531. 774. 912. 327. 762. 665. 911. 191. 779.;
555, 216264.141566 895. 760. 687. 531. 774. 912. 327. 762. 665. 911. 191. 779.;
556, 216297.564504 895. 760. 679. 533. 774. 912. 327. 762. 665. 911. 191. 779.;
557, 216330.987442 896. 753. 679. 533. 774. 912. 327. 762. 665. 911. 191. 779.;
558, 216364.410381 896. 753. 674. 530. 774. 912. 327. 762. 665. 911. 191. 779.;
559, 216397.833319 900. 736. 674. 530. 774. 912. 327. 762. 665. 911. 191. 779.;
560, 216431.256257 900. 736. 671. 524. 774. 912. 327. 762. 665. 911. 191. 779.;
561, 216464.679195 909. 690. 671. 524. 774. 912. 327. 762. 665. 911. 191. 779.;
562, 216498.102133 909. 690. 696. 535. 774. 912. 327. 762. 665. 911. 191. 779.;
563, 216531.525071 910. 630. 696. 535. 774. 912. 327. 762. 665. 911. 191. 779.;
564, 216564.94801 910. 630. 734. 458. 774. 912. 327. 762. 665. 911. 191. 779.;
565, 216598.370948 910. 599. 734. 458. 774. 912. 327. 762. 665. 911. 191. 779.;
566, 216631.793886 910. 599. 790. 688. 774. 912. 327. 762. 665. 911. 191. 779.;
567, 216665.216824 909. 318. 790. 688. 774. 912. 318. 762. 671. 911. 191. 779.;
568, 216698.639762 909. 318. 877. 765. 774. 912. 318. 762. 671. 911. 191. 779.;
569, 216732.0627 799. 550. 877. 765. 774. 912. 318. 762. 671. 911. 191. 779.;
570, 216765.485639 799. 550. 884. 774. 774. 912. 318. 762. 671. 911. 191. 779.;
571, 216798.908577 756. 499. 884. 774. 756. 912. 318. 762. 671. 911. 191. 779.;
572, 216832.331515 756. 499. 889. 771. 756. 912. 318. 762. 671. 911. 191. 779.;
573, 216865.754453 752. 473. 889. 771. 752. 912. 318. 762. 671. 911. 191. 779.;
574, 216899.177391 752. 473. 893. 764. 752. 912. 318. 762. 671. 911. 191. 779.;
575, 216932.600329 782. 472. 893. 764. 752. 912. 318. 762. 671. 911. 191. 779.;
576, 216966.023268 782. 472. 899. 757. 752. 912. 318. 762. 671. 911. 191. 779.;
577, 216999.446206 788. 491. 899. 757. 752. 912. 318. 762. 671. 911. 191. 779.;
578, 217032.869144 788. 491. 906. 697. 752. 912. 318. 762. 671. 911. 191. 777.;
579, 217066.292082 850. 714. 906. 697. 752. 912. 318. 762. 671. 911. 191. 777.;
580, 217099.71502 850. 714. 904. 649. 752. 912. 318. 762. 671. 911. 191. 777.;
581, 217133.137958 852. 718. 904. 649. 752. 912. 318. 762. 671. 911. 191. 777.;
582, 217166.560897 883. 743. 904. 649. 752. 912. 318. 762. 671. 911. 191. 777.;
583, 217199.983835 883. 743. 896. 477. 752. 912. 318. 762. 671. 911. 191. 777.;
584, 217233.406773 893. 751. 896. 477. 752. 912. 318. 762. 671. 911. 191. 777.;
585, 217266.829711 893. 751. 704. 532. 752. 912. 318. 762. 671. 911. 191. 777.;
586, 217300.252649 894. 758. 704. 532. 752. 912. 318. 762. 671. 911. 191. 777.;
587, 217333.675587 894. 758. 709. 539. 752. 912. 318. 762. 671. 911. 191. 777.;
588, 217367.098526 895. 754. 709. 539. 752. 912. 318. 762. 671. 911. 191. 777.;
589, 217400.521464 895. 754. 684. 530. 752. 912. 318. 762. 671. 911. 191. 777.;
590, 217433.944402 905. 737. 684. 530. 752. 912. 318. 762. 671. 911. 191. 777.;
591, 217467.36734 905. 737. 743. 522. 752. 912. 318. 762. 671. 911. 191. 777.;
592, 217500.790278 910. 627. 743. 522. 752. 912. 318. 762. 671. 911. 191. 777.;
593, 217534.213216 910. 627. 745. 434. 752. 912. 318. 762. 671. 911. 191. 777.;
594, 217567.636155 910. 627. 697. 557. 752. 912. 318. 762. 671. 911. 434. 777.;
595, 217601.059093 910. 580. 697. 557. 752. 912. 318. 762. 671. 911. 434. 777.;
596, 217634.482031 910. 580. 800. 695. 752. 912. 318. 762. 671. 911. 434. 777.;
597, 217667.904969 912. 344. 800. 695. 752. 912. 318. 762. 671. 911. 434. 777.;
598, 217701.327907 912. 344. 865. 753. 752. 912. 318. 762. 671. 911. 434. 777.;
599, 217734.750845 912. 344. 881. 768. 752. 912. 318. 762. 671. 911. 434. 777.;
600, 217768.173783 760. 570. 881. 768. 752. 912. 318. 762. 671. 911. 434. 777.;
601, 217801.596722 760. 570. 884. 772. 752. 912. 318. 762. 684. 911. 434. 777.;
602, 217835.01966 770. 532. 884. 772. 752. 912. 318. 762. 684. 911. 434. 777.;
603, 217868.442598 757. 505. 884. 772. 752. 912. 318. 762. 684. 911. 434. 777.;
604, 217901.865536 757. 505. 894. 772. 752. 912. 318. 762. 684. 911. 434. 777.;
605, 217935.288474 754. 490. 894. 772. 752. 912. 318. 762. 684. 911. 434. 777.;
606, 217968.711412 754. 490. 895. 754. 752. 912. 318. 762. 684. 911. 434. 777.;
607, 218002.134351 758. 445. 895. 754. 752. 912. 318. 762. 684. 911. 434. 777.;
608, 218035.557289 758. 445. 904. 671. 752. 912. 318. 762. 684. 911. 434. 777.;
609, 218068.980227 772. 458. 904. 671. 752. 912. 344. 762. 684. 911. 434. 777.;
610, 218102.403165 772. 458. 904. 661. 752. 912. 344. 762. 684. 911. 434. 777.;
611, 218135.826103 772. 458. 899. 571. 752. 912. 344. 762. 684. 911. 434. 777.;
612, 218169.249041 812. 663. 899. 571. 752. 912. 344. 762. 684. 911. 434. 777.;
613, 218202.67198 812. 663. 899. 248. 752. 912. 344. 762. 684. 911. 248. 777.;
614, 218236.094918 870. 732. 899. 248. 754. 912. 344. 762. 684. 911. 248. 777.;
615, 218269.517856 870. 732. 738. 536. 754. 912. 344. 762. 684. 911. 248. 777.;
616, 218302.940794 893. 752. 738. 536. 754. 912. 344. 762. 684. 911. 248. 777.;
617, 218336.363732 893. 752. 700. 488. 754. 912. 344. 762. 684. 911. 248. 777.;
618, 218369.78667 896. 757. 700. 488. 754. 912. 344. 762. 684. 911. 248. 777.;
619, 218403.209609 896. 757. 673. 493. 754. 912. 344. 762. 673. 911. 248. 777.;
620, 218436.632547 895. 754. 673. 493. 754. 912. 344. 762. 673. 911. 248. 777.;
621, 218470.055485 895. 754. 676. 520. 754. 912. 344. 762. 673. 911. 248. 777.;
622, 218503.478423 900. 742. 676. 520. 754. 912. 344. 762. 673. 911. 248. 777.;
623, 218536.901361 900. 742. 709. 516. 754. 912. 344. 762. 673. 911. 248. 777.;
624, 218570.324299 906. 703. 709. 516. 754. 912. 344. 762. 673. 911. 248. 777.;
625, 218603.747238 906. 703. 746. 503. 754. 912. 344. 762. 673. 911. 248. 777.;
626, 218637.170176 913. 602. 746. 503. 754. 913. 344. 762. 673. 911. 248. 777.;
627, 218670.593114 913. 602. 772. 443. 754. 913. 344. 762. 673. 911. 248. 777.;
628, 218704.016052 911. 561. 772. 443. 754. 913. 344. 762. 673. 911. 248. 777.;
629, 218737.43899 911. 561. 792. 687. 754. 913. 344. 762. 673. 911. 248. 777.;
630, 218770.861928 911. 442. 792. 687. 754. 913. 344. 762. 673. 911. 248. 777.;
631, 218804.284867 911. 442. 840. 727. 754. 913. 344. 762. 673. 911. 248. 777.;
632, 218837.707805 911. 442. 879. 764. 754. 913. 344. 762. 673. 911. 248. 777.;
633, 218871.130743 831. 409. 879. 764. 754. 913. 344. 762. 673. 911. 248. 777.;
634, 218904.553681 831. 409. 886. 773. 754. 913. 344. 762. 673. 911. 248. 777.;
635, 218937.976619 756. 513. 886. 773. 754. 913. 344. 762. 673. 911. 248. 777.;
636, 218971.399557 769. 537. 886. 773. 754. 913. 344. 762. 673. 911. 248. 777.;
637, 219004.822496 769. 537. 891. 768. 754. 913. 344. 762. 673. 911. 248. 777.;
638, 219038.245434 766. 502. 891. 768. 754. 913. 344. 762. 673. 911. 248. 777.;
639, 219071.668372 766. 502. 894. 756. 754. 913. 344. 762. 673. 911. 248. 774.;
640, 219105.09131 770. 468. 894. 756. 754. 913. 409. 762. 673. 911. 248. 774.;
641, 219138.514248 770. 468. 901. 723. 754. 913. 409. 762. 673. 911. 248. 774.;
642, 219171.937186 782. 471. 901. 723. 754. 913. 409. 762. 673. 911. 248. 774.;
643, 219205.360125 782. 471. 905. 654. 754. 913. 409. 762. 673. 911. 248. 774.;
644, 219238.783063 775. 489. 905. 654. 754. 913. 409. 762. 673. 911. 248. 774.;
645, 219272.206001 775. 489. 906. 589. 754. 913. 409. 762. 673. 911. 248. 774.;
646, 219305.628939 834. 696. 906. 589. 756. 913. 409. 762. 673. 911. 248. 774.;
647, 219339.051877 834. 696. 903. 445. 756. 913. 409. 762. 673. 911. 248. 774.;
648, 219372.474815 874. 735. 903. 445. 756. 913. 409. 762. 673. 911. 248. 774.;
649, 219405.897754 888. 750. 903. 445. 756. 913. 409. 762. 673. 911. 248. 774.;
650, 219439.320692 888. 750. 859. 202. 756. 913. 409. 762. 673. 911. 202. 774.;
651, 219472.74363 896. 758. 859. 202. 756. 913. 409. 762. 673. 911. 202. 774.;
652, 219506.166568 896. 758. 709. 536. 756. 913. 409. 762. 673. 911. 202. 774.;
653, 219539.589506 899. 756. 709. 536. 756. 913. 409. 762. 673. 911. 202. 774.;
654, 219573.012444 899. 756. 694. 487. 756. 913. 409. 762. 673. 911. 202. 774.;
655, 219606.435382 899. 756. 666. 503. 756. 913. 409. 762. 666. 911. 202. 774.;
656, 219639.858321 901. 746. 666. 503. 756. 913. 409. 762. 666. 911. 202. 774.;
657, 219673.281259 901. 746. 656. 495. 756. 913. 409. 762. 656. 911. 202. 774.;
658, 219706.704197 903. 720. 656. 495. 756. 913. 409. 762. 656. 911. 202. 774.;
659, 219740.127135 903. 720. 697. 492. 756. 913. 409. 762. 656. 911. 202. 774.;
660, 219773.550073 908. 620. 697. 492. 756. 913. 409. 762. 656. 911. 202. 774.;
661, 219806.973011 908. 620. 736. 416. 756. 913. 409. 762. 656. 911. 202. 774.;
662, 219840.39595 908. 584. 736. 416. 756. 913. 409. 762. 656. 911. 202. 774.;
663, 219873.818888 908. 506. 736. 416. 756. 913. 409. 762. 656. 911. 202. 774.;
664, 219907.241826 908. 506. 794. 688. 756. 913. 409. 762. 656. 911. 202. 774.;
665, 219940.664764 894. 317. 794. 688. 756. 913. 317. 762. 656. 911. 202. 774.;
666, 219974.087702 894. 317. 882. 766. 756. 913. 317. 762. 656. 911. 202. 774.;
667, 220007.51064 791. 555. 882. 766. 756. 913. 317. 762. 656. 911. 202. 774.;
668, 220040.933579 791. 555. 882. 767. 756. 913. 317. 762. 656. 911. 202. 774.;
669, 220074.356517 775. 508. 882. 767. 756. 913. 317. 762. 656. 911. 202. 774.;
670, 220107.779455 775. 508. 890. 757. 756. 913. 317. 762. 656. 911. 202. 774.;
671, 220141.202393 772. 482. 890. 757. 756. 913. 317. 762. 656. 911. 202. 774.;
672, 220174.625331 772. 482. 896. 750. 756. 913. 317. 762. 656. 911. 202. 774.;
673, 220208.048269 785. 500. 896. 750. 756. 913. 317. 762. 656. 911. 202. 774.;
674, 220241.471208 785. 500. 905. 680. 756. 913. 317. 762. 656. 911. 202. 774.;
675, 220274.894146 764. 488. 905. 680. 764. 913. 317. 762. 656. 911. 202. 774.;
676, 220308.317084 802. 651. 905. 680. 764. 913. 317. 762. 656. 911. 202. 774.;
677, 220341.740022 802. 651. 905. 652. 764. 913. 317. 762. 656. 911. 202. 774.;
678, 220375.16296 854. 719. 905. 652. 764. 913. 317. 762. 656. 911. 202. 774.;
679, 220408.585898 854. 719. 891. 465. 764. 913. 317. 762. 656. 911. 202. 774.;
680, 220442.008837 889. 751. 891. 465. 764. 913. 317. 762. 656. 911. 202. 774.;
681, 220475.431775 889. 751. 864. 216. 764. 913. 317. 762. 656. 911. 202. 774.;
682, 220508.854713 892. 754. 864. 216. 764. 913. 317. 762. 656. 911. 202. 774.;
683, 220542.277651 892. 754. 698. 559. 764. 913. 317. 762. 656. 911. 202. 774.;
684, 220575.700589 895. 758. 698. 559. 764. 913. 317. 762. 656. 911. 202. 774.;
685, 220609.123527 895. 758. 709. 539. 764. 913. 317. 762. 656. 911. 202. 774.;
686, 220642.546466 897. 751. 709. 539. 764. 913. 317. 762. 656. 911. 202. 774.;
687, 220675.969404 897. 751. 681. 518. 764. 913. 317. 762. 656. 911. 202. 774.;
688, 220709.392342 901. 735. 681. 518. 764. 913. 317. 762. 656. 911. 202. 774.;
689, 220742.81528 901. 735. 680. 490. 764. 913. 317. 762. 656. 911. 202. 774.;
690, 220776.238218 908. 686. 680. 490. 764. 913. 317. 762. 656. 911. 202. 774.;
691, 220809.661156 908. 686. 700. 487. 764. 913. 317. 762. 656. 911. 202. 774.;
692, 220843.084095 910. 623. 700. 487. 764. 913. 317. 762. 656. 911. 216. 774.;
693, 220876.507033 909. 588. 700. 487. 764. 913. 317. 762. 656. 911. 216. 774.;
694, 220909.929971 909. 588. 749. 437. 764. 913. 317. 762. 656. 911. 216. 774.;
695, 220943.352909 909. 588. 790. 684. 764. 913. 317. 762. 656. 911. 216. 774.;
696, 220976.775847 911. 481. 790. 684. 764. 913. 317. 762. 656. 911. 216. 774.;
697, 221010.198785 911. 481. 871. 756. 764. 913. 317. 762. 656. 911. 216. 774.;
698, 221043.621724 895. 322. 871. 756. 764. 913. 317. 762. 680. 911. 216. 774.;
699, 221077.044662 895. 322. 886. 772. 764. 913. 317. 762. 680. 911. 216. 774.;
700, 221110.4676 773. 524. 886. 772. 764. 913. 317. 762. 680. 911. 216. 774.;
701, 221143.890538 781. 476. 886. 772. 764. 913. 317. 762. 680. 911. 216. 774.;
702, 221177.313476 781. 476. 890. 765. 764. 913. 317. 762. 680. 911. 216. 774.;
703, 221210.736414 780. 479. 890. 765. 764. 913. 317. 762. 680. 911. 216. 774.;
704, 221244.159353 787. 501. 890. 765. 764. 913. 317. 762. 680. 911. 216. 774.;
705, 221277.582291 787. 501. 907. 488. 764. 913. 317. 762. 680. 911. 216. 774.;
706, 221311.005229 790. 641. 907. 488. 764. 913. 317. 762. 680. 911. 216. 774.;
707, 221344.428167 790. 641. 908. 470. 764. 913. 322. 762. 680. 911. 216. 774.;
708, 221377.851105 857. 723. 908. 470. 764. 913. 322. 762. 680. 911. 216. 774.;
709, 221411.274043 857. 723. 904. 314. 764. 913. 322. 762. 680. 911. 216. 774.;
710, 221444.696981 889. 751. 904. 314. 764. 913. 322. 762. 680. 911. 216. 774.;
711, 221478.11992 893. 755. 904. 314. 764. 913. 322. 762. 680. 911. 216. 774.;
712, 221511.542858 893. 755. 856. 211. 764. 913. 322. 762. 680. 911. 211. 774.;
713, 221544.965796 893. 759. 856. 211. 764. 913. 322. 762. 680. 911. 211. 774.;
714, 221578.388734 893. 759. 742. 539. 764. 913. 322. 762. 680. 911. 211. 774.;
715, 221611.811672 893. 758. 742. 539. 773. 913. 322. 762. 680. 911. 211. 774.;
716, 221645.23461 893. 758. 720. 499. 773. 913. 322. 762. 680. 911. 211. 774.;
717, 221678.657549 899. 752. 720. 499. 773. 913. 322. 762. 680. 911. 211. 774.;
718, 221712.080487 899. 752. 694. 417. 773. 913. 322. 762. 680. 911. 211. 774.;
719, 221745.503425 906. 711. 694. 417. 773. 913. 322. 762. 680. 911. 211. 774.;
720, 221778.926363 908. 643. 694. 417. 773. 913. 322. 762. 680. 911. 211. 774.;
721, 221812.349301 908. 643. 726. 438. 773. 913. 322. 762. 680. 911. 211. 774.;
722, 221845.772239 908. 568. 726. 438. 773. 913. 322. 761. 680. 911. 211. 774.;
723, 221879.195178 908. 568. 861. 749. 773. 913. 322. 761. 680. 911. 211. 774.;
724, 221912.618116 893. 367. 861. 749. 773. 913. 322. 761. 680. 911. 211. 774.;
725, 221946.041054 893. 367. 886. 772. 773. 913. 322. 761. 680. 911. 211. 774.;
726, 221979.463992 791. 550. 886. 772. 773. 913. 322. 761. 680. 911. 211. 774.;
727, 222012.88693 791. 550. 887. 772. 773. 913. 322. 761. 680. 911. 211. 774.;
728, 222046.309868 762. 537. 887. 772. 762. 913. 322. 761. 680. 911. 211. 774.;
729, 222079.732807 766. 538. 887. 772. 762. 913. 322. 761. 680. 911. 211. 774.;
730, 222113.155745 766. 538. 891. 761. 762. 913. 322. 761. 694. 911. 211. 774.;
731, 222146.578683 778. 508. 891. 761. 762. 913. 322. 761. 694. 911. 211. 774.;
732, 222180.001621 778. 508. 898. 745. 762. 913. 322. 761. 694. 911. 211. 774.;
733, 222213.424559 786. 514. 898. 745. 762. 913. 322. 761. 694. 911. 211. 774.;
734, 222246.847497 783. 511. 898. 745. 762. 913. 322. 761. 694. 911. 211. 774.;
735, 222280.270436 783. 511. 905. 549. 762. 913. 322. 761. 694. 911. 211. 774.;
736, 222313.693374 803. 658. 905. 549. 762. 913. 322. 761. 694. 911. 211. 774.;
737, 222347.116312 803. 658. 904. 514. 762. 913. 322. 761. 694. 911. 211. 774.;
738, 222380.53925 803. 658. 685. 502. 762. 913. 322. 761. 685. 911. 211. 774.;
739, 222413.962188 865. 731. 685. 502. 762. 913. 322. 761. 685. 911. 211. 774.;
740, 222447.385126 865. 731. 691. 519. 762. 913. 367. 761. 685. 911. 211. 774.;
741, 222480.808065 892. 752. 691. 519. 762. 913. 367. 761. 685. 911. 211. 774.;
742, 222514.231003 892. 752. 655. 491. 762. 913. 367. 761. 655. 911. 211. 774.;
743, 222547.653941 890. 750. 655. 491. 762. 913. 367. 761. 655. 911. 211. 774.;
744, 222581.076879 890. 750. 682. 511. 762. 913. 367. 761. 655. 911. 211. 774.;
745, 222614.499817 897. 737. 682. 511. 762. 913. 367. 761. 655. 911. 211. 774.;
746, 222647.922755 897. 737. 695. 508. 762. 913. 367. 761. 655. 911. 211. 774.;
747, 222681.345694 906. 704. 695. 508. 762. 913. 367. 761. 655. 911. 211. 774.;
748, 222714.768632 906. 704. 730. 497. 762. 913. 367. 761. 655. 911. 211. 774.;
749, 222748.19157 913. 615. 730. 497. 762. 913. 367. 761. 655. 911. 211. 774.;
750, 222781.614508 913. 615. 733. 639. 762. 913. 367. 761. 655. 911. 211. 774.;
751, 222815.037446 912. 480. 733. 639. 762. 913. 367. 761. 655. 911. 211. 774.;
752, 222848.460384 790. 528. 733. 639. 762. 913. 367. 761. 655. 911. 211. 774.;
753, 222881.883323 790. 528. 854. 744. 762. 913. 367. 761. 655. 911. 211. 774.;
754, 222915.306261 781. 519. 854. 744. 762. 913. 367. 761. 655. 911. 417. 774.;
755, 222948.729199 781. 519. 888. 772. 762. 913. 367. 761. 655. 911. 417. 774.;
756, 222982.152137 782. 516. 888. 772. 762. 913. 367. 760. 655. 911. 417. 774.;
757, 223015.575075 782. 516. 887. 771. 762. 913. 367. 760. 655. 911. 417. 774.;
758, 223048.998013 784. 500. 887. 771. 762. 913. 367. 760. 655. 911. 417. 774.;
759, 223082.420952 784. 500. 900. 760. 762. 913. 367. 760. 655. 911. 417. 774.;
760, 223115.84389 762. 483. 900. 760. 762. 913. 367. 760. 655. 911. 417. 774.;
761, 223149.266828 762. 483. 904. 717. 762. 913. 367. 760. 655. 911. 438. 774.;
762, 223182.689766 769. 493. 904. 717. 762. 913. 367. 760. 655. 911. 438. 774.;
763, 223216.112704 769. 493. 905. 669. 762. 913. 367. 760. 655. 911. 491. 774.;
764, 223249.535642 765. 490. 905. 669. 762. 913. 367. 760. 655. 911. 491. 774.;
765, 223282.95858 765. 490. 902. 605. 762. 913. 367. 760. 655. 911. 491. 774.;
766, 223316.381519 836. 692. 902. 605. 762. 913. 480. 760. 655. 911. 491. 774.;
767, 223349.804457 836. 692. 899. 360. 762. 913. 480. 760. 655. 911. 360. 774.;
768, 223383.227395 870. 733. 899. 360. 762. 913. 480. 760. 655. 911. 360. 774.;
769, 223416.650333 870. 733. 876. 186. 762. 913. 480. 760. 655. 911. 186. 774.;
770, 223450.073271 887. 747. 876. 186. 762. 913. 480. 760. 655. 911. 186. 774.;
771, 223483.496209 887. 747. 695. 545. 762. 913. 480. 760. 655. 911. 186. 774.;
772, 223516.919148 889. 751. 695. 545. 762. 913. 480. 760. 655. 911. 186. 774.;
773, 223550.342086 889. 751. 684. 494. 762. 913. 480. 760. 655. 911. 186. 774.;
774, 223583.765024 893. 752. 684. 494. 762. 913. 480. 760. 655. 911. 186. 774.;
775, 223617.187962 893. 752. 664. 521. 762. 913. 480. 760. 655. 911. 186. 774.;
776, 223650.6109 894. 748. 664. 521. 762. 913. 480. 760. 655. 911. 186. 774.;
777, 223684.033838 900. 734. 664. 521. 762. 913. 480. 760. 655. 911. 186. 774.;
778, 223717.456777 900. 734. 692. 520. 762. 913. 480. 760. 655. 911. 186. 774.;
779, 223750.879715 900. 734. 738. 505. 762. 913. 480. 760. 655. 911. 186. 774.;
780, 223784.302653 910. 633. 738. 505. 762. 913. 480. 760. 655. 911. 186. 774.;
781, 223817.725591 910. 633. 752. 467. 762. 913. 480. 760. 655. 911. 186. 774.;
782, 223851.148529 910. 574. 752. 467. 762. 913. 480. 760. 655. 911. 186. 774.;
783, 223884.571467 913. 364. 752. 467. 762. 913. 364. 760. 664. 911. 186. 774.;
784, 223917.994406 913. 364. 796. 690. 762. 913. 364. 760. 664. 911. 186. 774.;
785, 223951.417344 899. 312. 796. 690. 762. 913. 312. 760. 664. 911. 186. 774.;
786, 223984.840282 899. 312. 846. 733. 762. 913. 312. 760. 664. 911. 186. 774.;
787, 224018.26322 813. 549. 846. 733. 762. 913. 312. 760. 664. 911. 186. 774.;
788, 224051.686158 813. 549. 881. 767. 762. 913. 312. 760. 664. 911. 186. 774.;
789, 224085.109096 767. 534. 881. 767. 762. 913. 312. 760. 664. 911. 186. 774.;
790, 224118.532035 767. 534. 888. 764. 762. 913. 312. 760. 664. 911. 186. 774.;
791, 224151.954973 763. 527. 888. 764. 762. 913. 312. 760. 664. 911. 186. 774.;
792, 224185.377911 763. 527. 894. 752. 762. 913. 312. 760. 664. 911. 186. 774.;
793, 224218.800849 759. 489. 894. 752. 759. 913. 312. 760. 664. 911. 186. 774.;
794, 224252.223787 759. 489. 902. 724. 759. 913. 312. 760. 664. 911. 186. 774.;
795, 224285.646725 780. 488. 902. 724. 759. 913. 312. 760. 664. 911. 186. 774.;
796, 224319.069664 780. 488. 905. 662. 759. 913. 312. 760. 664. 911. 186. 774.;
797, 224352.492602 787. 492. 905. 662. 759. 913. 312. 760. 664. 911. 186. 774.;
798, 224385.91554 787. 492. 905. 610. 759. 913. 312. 760. 664. 911. 186. 774.;
799, 224419.338478 829. 690. 905. 610. 759. 913. 312. 760. 664. 911. 186. 774.;
800, 224452.761416 829. 690. 904. 510. 759. 913. 312. 760. 664. 911. 186. 774.;
801, 224486.184354 875. 737. 904. 510. 759. 913. 312. 760. 664. 911. 186. 774.;
802, 224519.607293 875. 737. 890. 254. 759. 913. 312. 760. 664. 911. 186. 774.;
803, 224553.030231 875. 737. 706. 522. 759. 913. 312. 760. 664. 911. 186. 774.;
804, 224586.453169 889. 751. 706. 522. 759. 913. 312. 760. 664. 911. 186. 774.;
805, 224619.876107 889. 751. 678. 495. 759. 913. 312. 760. 664. 911. 186. 774.;
806, 224653.299045 897. 755. 678. 495. 759. 913. 312. 760. 664. 911. 186. 774.;
807, 224686.721983 897. 755. 663. 503. 759. 913. 312. 760. 663. 911. 186. 774.;
808, 224720.144922 897. 751. 663. 503. 759. 913. 312. 760. 663. 911. 186. 774.;
809, 224753.56786 904. 719. 663. 503. 759. 913. 312. 760. 663. 911. 186. 774.;
810, 224786.990798 904. 719. 661. 516. 759. 913. 312. 760. 661. 911. 186. 774.;
811, 224820.413736 909. 620. 661. 516. 759. 913. 312. 760. 661. 911. 254. 774.;
812, 224853.836674 909. 620. 719. 499. 759. 913. 312. 760. 661. 911. 254. 774.;
813, 224887.259612 910. 565. 719. 499. 759. 913. 312. 760. 661. 911. 254. 774.;
814, 224920.682551 910. 565. 738. 455. 759. 913. 312. 760. 661. 911. 254. 774.;
815, 224954.105489 913. 527. 738. 455. 759. 913. 312. 760. 661. 911. 254. 774.;
816, 224987.528427 913. 527. 763. 660. 759. 913. 312. 760. 661. 911. 254. 774.;
817, 225020.951365 911. 352. 763. 660. 759. 913. 312. 760. 661. 911. 254. 774.;
818, 225054.374303 911. 352. 829. 719. 759. 913. 312. 760. 661. 911. 254. 774.;
819, 225087.797241 911. 352. 873. 759. 759. 913. 312. 760. 661. 911. 254. 774.;
820, 225121.22018 888. 291. 873. 759. 759. 913. 291. 760. 661. 911. 254. 774.;
821, 225154.643118 888. 291. 881. 772. 759. 913. 291. 760. 661. 911. 254. 774.;
822, 225188.066056 780. 532. 881. 772. 759. 913. 291. 760. 661. 911. 254. 774.;
823, 225221.488994 780. 532. 889. 767. 759. 913. 291. 760. 661. 911. 254. 774.;
824, 225254.911932 759. 491. 889. 767. 759. 913. 291. 760. 661. 911. 254. 774.;
825, 225288.33487 759. 491. 891. 754. 759. 913. 291. 760. 661. 911. 254. 774.;
826, 225321.757808 757. 471. 891. 754. 757. 913. 291. 760. 661. 911. 254. 774.;
827, 225355.180747 757. 471. 902. 701. 757. 913. 291. 760. 661. 911. 254. 774.;
828, 225388.603685 780. 490. 902. 701. 757. 913. 291. 760. 661. 911. 254. 774.;
829, 225422.026623 780. 490. 905. 651. 757. 913. 291. 760. 661. 911. 254. 774.;
830, 225455.449561 776. 460. 905. 651. 757. 913. 291. 760. 661. 911. 254. 774.;
831, 225488.872499 776. 460. 905. 592. 757. 913. 291. 760. 661. 911. 254. 774.;
832, 225522.295437 803. 652. 905. 592. 757. 913. 291. 760. 661. 911. 254. 774.;
833, 225555.718376 803. 652. 906. 455. 757. 913. 291. 760. 661. 911. 254. 774.;
834, 225589.141314 803. 652. 891. 265. 757. 913. 291. 760. 661. 911. 254. 774.;
835, 225622.564252 857. 719. 891. 265. 757. 913. 291. 760. 661. 911. 254. 774.;
836, 225655.98719 857. 719. 693. 549. 757. 913. 291. 760. 661. 911. 254. 774.;
837, 225689.410128 898. 760. 693. 549. 757. 913. 291. 760. 661. 911. 254. 774.;
838, 225722.833066 898. 761. 693. 549. 757. 913. 291. 761. 661. 911. 254. 774.;
839, 225756.256005 900. 755. 693. 549. 757. 913. 291. 761. 661. 911. 254. 774.;
840, 225789.678943 900. 755. 694. 515. 757. 913. 291. 761. 661. 911. 254. 774.;
841, 225823.101881 901. 739. 694. 515. 757. 913. 291. 761. 661. 911. 254. 774.;
842, 225856.524819 901. 739. 672. 515. 757. 913. 291. 761. 661. 911. 254. 774.;
843, 225889.947757 907. 686. 672. 515. 757. 913. 291. 761. 661. 911. 265. 774.;
844, 225923.370695 907. 686. 710. 506. 757. 913. 291. 761. 661. 911. 265. 774.;
845, 225956.793634 911. 592. 710. 506. 757. 913. 291. 761. 661. 911. 265. 774.;
846, 225990.216572 911. 592. 728. 398. 757. 913. 291. 761. 661. 908. 265. 774.;
847, 226023.63951 911. 577. 728. 398. 757. 913. 291. 761. 661. 908. 265. 774.;
848, 226057.062448 911. 577. 857. 743. 757. 913. 291. 761. 661. 908. 265. 774.;
849, 226090.485386 906. 309. 857. 743. 757. 913. 291. 761. 661. 908. 265. 774.;
850, 226123.908324 906. 309. 869. 754. 757. 913. 291. 761. 661. 908. 265. 774.;
851, 226157.331263 814. 519. 869. 754. 757. 913. 291. 761. 672. 908. 265. 774.;
852, 226190.754201 814. 519. 881. 769. 757. 913. 291. 761. 672. 908. 265. 774.;
853, 226224.177139 783. 549. 881. 769. 757. 913. 291. 761. 672. 908. 265. 774.;
854, 226257.600077 783. 549. 889. 762. 757. 913. 291. 761. 672. 908. 265. 774.;
855, 226291.023015 771. 549. 889. 762. 757. 913. 291. 761. 672. 908. 265. 774.;
856, 226324.445953 771. 549. 892. 740. 757. 913. 291. 761. 672. 908. 265. 774.;
857, 226357.868892 773. 508. 892. 740. 757. 913. 291. 761. 672. 908. 265. 774.;
858, 226391.29183 773. 508. 903. 672. 757. 913. 291. 761. 672. 908. 265. 774.;
859, 226424.714768 769. 492. 903. 672. 757. 913. 291. 761. 672. 908. 265. 774.;
860, 226458.137706 769. 492. 906. 630. 757. 913. 291. 761. 672. 908. 265. 774.;
861, 226491.560644 776. 506. 906. 630. 757. 913. 291. 761. 672. 908. 265. 774.;
862, 226524.983582 776. 506. 903. 606. 757. 913. 309. 761. 672. 908. 265. 774.;
863, 226558.406521 815. 663. 903. 606. 757. 913. 309. 761. 672. 908. 265. 774.;
864, 226591.829459 815. 663. 899. 522. 757. 913. 309. 761. 672. 908. 265. 774.;
865, 226625.252397 857. 722. 899. 522. 757. 913. 309. 761. 672. 908. 265. 774.;
866, 226658.675335 857. 722. 889. 269. 757. 913. 309. 761. 672. 908. 265. 774.;
867, 226692.098273 857. 722. 696. 535. 769. 913. 309. 761. 672. 908. 265. 774.;
868, 226725.521211 890. 750. 696. 535. 769. 913. 309. 761. 672. 908. 265. 774.;
869, 226758.94415 890. 750. 681. 511. 769. 913. 309. 761. 672. 908. 265. 774.;
870, 226792.367088 894. 755. 681. 511. 769. 913. 309. 761. 672. 908. 265. 774.;
871, 226825.790026 899. 756. 681. 511. 769. 913. 309. 761. 672. 908. 265. 774.;
872, 226859.212964 899. 756. 673. 495. 769. 913. 309. 761. 672. 908. 265. 773.;
873, 226892.635902 902. 741. 673. 495. 769. 913. 309. 761. 672. 908. 265. 773.;
874, 226926.05884 902. 741. 670. 518. 769. 913. 309. 761. 670. 908. 265. 773.;
875, 226959.481779 906. 703. 670. 518. 769. 913. 309. 761. 670. 908. 265. 773.;
876, 226992.904717 906. 703. 701. 507. 769. 913. 309. 761. 670. 908. 269. 773.;
877, 227026.327655 906. 703. 735. 430. 769. 913. 309. 761. 670. 908. 269. 773.;
878, 227059.750593 910. 607. 735. 430. 769. 913. 309. 761. 670. 908. 269. 773.;
879, 227093.173531 910. 607. 708. 608. 769. 913. 309. 761. 670. 908. 269. 773.;
880, 227126.596469 910. 571. 708. 608. 769. 913. 309. 761. 670. 908. 269. 773.;
881, 227160.019407 910. 571. 814. 705. 769. 913. 309. 761. 670. 908. 269. 773.;
882, 227193.442346 911. 364. 814. 705. 769. 913. 309. 761. 670. 908. 269. 773.;
883, 227226.865284 911. 364. 868. 753. 769. 913. 309. 761. 670. 908. 269. 773.;
884, 227260.288222 911. 364. 880. 768. 769. 913. 309. 761. 670. 908. 269. 773.;
885, 227293.71116 785. 557. 880. 768. 769. 913. 309. 761. 670. 908. 269. 773.;
886, 227327.134098 771. 544. 880. 768. 769. 913. 309. 761. 670. 908. 269. 773.;
887, 227360.557036 771. 544. 887. 771. 769. 913. 309. 761. 670. 908. 269. 773.;
888, 227393.979975 778. 512. 887. 771. 769. 913. 309. 761. 670. 908. 269. 773.;
889, 227427.402913 778. 512. 892. 754. 769. 913. 309. 761. 670. 908. 269. 773.;
890, 227460.825851 784. 484. 892. 754. 769. 913. 309. 761. 670. 908. 269. 773.;
891, 227494.248789 784. 484. 900. 737. 769. 913. 364. 761. 670. 908. 269. 773.;
892, 227527.671727 789. 499. 900. 737. 769. 913. 364. 761. 670. 908. 269. 773.;
893, 227561.094665 789. 499. 905. 669. 769. 913. 364. 761. 670. 908. 269. 773.;
894, 227594.517604 796. 512. 905. 669. 769. 913. 364. 761. 670. 908. 269. 773.;
895, 227627.940542 796. 512. 907. 648. 769. 913. 364. 761. 670. 908. 269. 773.;
896, 227661.36348 823. 674. 907. 648. 769. 913. 364. 761. 670. 908. 269. 773.;
897, 227694.786418 823. 674. 902. 558. 769. 913. 364. 761. 670. 908. 269. 773.;
898, 227728.209356 857. 722. 902. 558. 769. 913. 364. 761. 670. 908. 269. 773.;
899, 227761.632294 857. 722. 896. 301. 769. 913. 364. 761. 670. 908. 269. 773.;
900, 227795.055233 887. 750. 896. 301. 771. 913. 364. 761. 670. 908. 269. 773.;
901, 227828.478171 887. 750. 823. 303. 771. 913. 364. 761. 670. 908. 269. 773.;
902, 227861.901109 894. 757. 823. 303. 771. 913. 364. 761. 670. 908. 269. 773.;
903, 227895.324047 894. 757. 701. 520. 771. 913. 364. 761. 670. 908. 269. 773.;
904, 227928.746985 899. 758. 701. 520. 771. 913. 364. 761. 670. 908. 269. 773.;
905, 227962.169923 899. 758. 711. 523. 771. 913. 364. 761. 670. 908. 269. 773.;
906, 227995.592862 900. 746. 711. 523. 771. 913. 364. 761. 670. 908. 269. 773.;
907, 228029.0158 900. 746. 650. 499. 771. 913. 364. 761. 650. 908. 301. 773.;
908, 228062.438738 904. 720. 650. 499. 771. 913. 364. 761. 650. 908. 301. 773.;
909, 228095.861676 904. 720. 648. 490. 771. 913. 364. 761. 648. 908. 301. 773.;
910, 228129.284614 908. 643. 648. 490. 771. 913. 364. 761. 648. 908. 301. 773.;
911, 228162.707552 908. 643. 672. 481. 771. 913. 364. 761. 648. 908. 301. 773.;
912, 228196.130491 904. 613. 672. 481. 771. 913. 364. 761. 648. 908. 301. 773.;
913, 228229.553429 904. 613. 732. 472. 771. 913. 364. 761. 648. 908. 301. 773.;
914, 228262.976367 906. 554. 732. 472. 771. 913. 364. 761. 648. 908. 301. 773.;
915, 228296.399305 906. 554. 794. 688. 771. 913. 364. 761. 648. 908. 301. 773.;
916, 228329.822243 906. 289. 794. 688. 771. 913. 289. 761. 648. 908. 301. 773.;
917, 228363.245181 906. 289. 851. 742. 771. 913. 289. 761. 648. 908. 301. 773.;
918, 228396.66812 785. 506. 851. 742. 771. 913. 289. 761. 648. 908. 301. 773.;
919, 228430.091058 785. 506. 879. 767. 771. 913. 289. 761. 648. 908. 301. 773.;
920, 228463.513996 787. 515. 879. 767. 771. 913. 289. 761. 648. 908. 301. 773.;
921, 228496.936934 787. 515. 890. 770. 771. 913. 289. 761. 648. 908. 301. 773.;
922, 228530.359872 787. 515. 894. 751. 771. 913. 289. 761. 648. 908. 301. 773.;
923, 228563.78281 773. 510. 894. 751. 771. 913. 289. 761. 648. 908. 301. 773.;
924, 228597.205749 773. 510. 900. 718. 771. 913. 289. 761. 648. 908. 301. 773.;
925, 228630.628687 776. 502. 900. 718. 771. 913. 289. 761. 648. 908. 301. 773.;
926, 228664.051625 776. 502. 906. 641. 771. 913. 289. 761. 648. 908. 301. 773.;
927, 228697.474563 789. 491. 906. 641. 773. 913. 289. 761. 648. 908. 301. 773.;
928, 228730.897501 789. 491. 909. 611. 773. 913. 289. 761. 648. 909. 301. 773.;
929, 228764.320439 779. 497. 909. 611. 773. 913. 289. 761. 648. 909. 301. 773.;
930, 228797.743378 779. 497. 905. 526. 773. 913. 289. 761. 648. 909. 301. 773.;
931, 228831.166316 824. 672. 905. 526. 773. 913. 289. 761. 648. 909. 301. 773.;
932, 228864.589254 824. 672. 902. 375. 773. 913. 289. 761. 648. 909. 301. 773.;
933, 228898.012192 867. 732. 902. 375. 773. 913. 289. 761. 648. 909. 301. 773.;
934, 228931.43513 867. 732. 881. 217. 773. 913. 289. 761. 648. 909. 217. 773.;
935, 228964.858068 889. 749. 881. 217. 773. 913. 289. 761. 648. 909. 217. 773.;
936, 228998.281006 889. 749. 724. 578. 773. 913. 289. 761. 648. 909. 217. 773.;
937, 229031.703945 893. 756. 724. 578. 773. 913. 289. 761. 648. 909. 217. 772.;
938, 229065.126883 893. 756. 719. 528. 773. 913. 289. 761. 648. 909. 217. 772.;
939, 229098.549821 896. 751. 719. 528. 773. 913. 289. 761. 648. 909. 217. 772.;
940, 229131.972759 896. 751. 693. 503. 773. 913. 289. 761. 648. 909. 217. 772.;
941, 229165.395697 900. 739. 693. 503. 773. 913. 289. 761. 648. 909. 217. 772.;
942, 229198.818635 900. 739. 679. 451. 773. 913. 289. 761. 648. 909. 217. 772.;
943, 229232.241574 909. 703. 679. 451. 773. 913. 289. 761. 648. 909. 217. 772.;
944, 229265.664512 909. 703. 725. 447. 773. 913. 289. 761. 648. 909. 217. 772.;
945, 229299.08745 909. 612. 725. 447. 773. 913. 289. 761. 648. 909. 217. 772.;
946, 229332.510388 909. 612. 743. 428. 773. 913. 289. 761. 648. 909. 217. 772.;
947, 229365.933326 909. 575. 743. 428. 773. 913. 289. 761. 648. 909. 217. 772.;
948, 229399.356264 909. 575. 793. 689. 773. 913. 289. 761. 648. 909. 217. 772.;
949, 229432.779203 910. 445. 793. 689. 773. 913. 289. 761. 648. 909. 217. 772.;
950, 229466.202141 910. 445. 853. 741. 773. 913. 289. 761. 672. 909. 217. 772.;
951, 229499.625079 897. 334. 853. 741. 773. 913. 289. 761. 672. 909. 217. 772.;
952, 229533.048017 897. 334. 878. 767. 773. 913. 289. 761. 679. 909. 217. 772.;
953, 229566.470955 796. 555. 878. 767. 773. 913. 289. 761. 679. 909. 217. 772.;
954, 229599.893893 796. 555. 884. 772. 773. 913. 289. 761. 679. 909. 217. 772.;
955, 229633.316832 771. 529. 884. 772. 771. 913. 289. 761. 679. 909. 217. 772.;
956, 229666.73977 771. 529. 886. 765. 771. 913. 289. 761. 679. 909. 217. 772.;
957, 229700.162708 771. 531. 886. 765. 771. 913. 289. 761. 679. 909. 217. 772.;
958, 229733.585646 771. 531. 892. 756. 771. 913. 334. 761. 679. 909. 217. 772.;
959, 229767.008584 772. 473. 892. 756. 771. 913. 334. 761. 679. 909. 217. 772.;
960, 229800.431522 772. 473. 899. 748. 771. 913. 334. 761. 679. 909. 217. 772.;
961, 229833.854461 781. 485. 899. 748. 771. 913. 334. 761. 679. 909. 217. 772.;
962, 229867.277399 781. 485. 908. 667. 771. 913. 334. 761. 679. 909. 217. 772.;
963, 229900.700337 767. 491. 908. 667. 767. 913. 334. 761. 679. 909. 217. 772.;
964, 229934.123275 767. 491. 904. 645. 767. 913. 334. 761. 679. 909. 217. 772.;
965, 229967.546213 777. 637. 904. 645. 767. 913. 334. 761. 679. 909. 217. 772.;
966, 230000.969151 777. 637. 895. 560. 767. 913. 334. 761. 679. 909. 217. 772.;
967, 230034.39209 852. 716. 895. 560. 767. 913. 334. 761. 679. 909. 217. 772.;
968, 230067.815028 852. 716. 893. 272. 767. 913. 334. 761. 679. 909. 217. 772.;
969, 230101.237966 885. 746. 893. 272. 767. 913. 334. 761. 679. 909. 217. 772.;
970, 230134.660904 885. 746. 721. 574. 767. 913. 334. 761. 679. 909. 217. 772.;
971, 230168.083842 893. 755. 721. 574. 767. 913. 334. 761. 679. 909. 217. 772.;
972, 230201.50678 893. 755. 710. 535. 767. 913. 334. 761. 679. 909. 217. 772.;
973, 230234.929719 897. 754. 710. 535. 767. 913. 334. 761. 679. 909. 217. 772.;
974, 230268.352657 897. 754. 678. 504. 767. 913. 334. 761. 678. 909. 217. 772.;
975, 230301.775595 901. 739. 678. 504. 767. 913. 334. 761. 678. 909. 217. 772.;
976, 230335.198533 907. 692. 678. 504. 767. 913. 334. 761. 678. 909. 272. 772.;
977, 230368.621471 907. 692. 680. 494. 767. 913. 334. 761. 678. 909. 272. 772.;
978, 230402.044409 909. 602. 680. 494. 767. 913. 334. 761. 678. 909. 272. 772.;
979, 230435.467348 909. 602. 717. 516. 767. 913. 334. 761. 678. 909. 272. 772.;
980, 230468.890286 910. 559. 717. 516. 767. 913. 334. 761. 678. 909. 272. 772.;
981, 230502.313224 910. 559. 730. 471. 767. 913. 334. 761. 678. 909. 272. 772.;
982, 230535.736162 912. 464. 730. 471. 767. 913. 334. 761. 678. 909. 272. 772.;
983, 230569.1591 912. 464. 798. 693. 767. 913. 334. 761. 678. 909. 272. 772.;
984, 230602.582038 907. 270. 798. 693. 767. 913. 270. 761. 678. 909. 272. 772.;
985, 230636.004977 907. 270. 857. 745. 767. 913. 270. 761. 678. 909. 272. 772.;
986, 230669.427915 735. 527. 857. 745. 735. 913. 270. 761. 678. 909. 272. 772.;
987, 230702.850853 735. 527. 881. 769. 735. 913. 270. 761. 678. 909. 272. 772.;
988, 230736.273791 770. 538. 881. 769. 735. 913. 270. 761. 678. 909. 272. 772.;
989, 230769.696729 770. 538. 888. 772. 735. 913. 270. 761. 678. 909. 272. 772.;
990, 230803.119667 760. 525. 888. 772. 735. 913. 270. 761. 678. 909. 272. 772.;
991, 230836.542605 760. 525. 891. 757. 735. 913. 270. 761. 678. 909. 272. 772.;
992, 230869.965544 760. 525. 899. 720. 735. 913. 270. 761. 678. 909. 272. 772.;
993, 230903.388482 757. 505. 899. 720. 735. 913. 270. 761. 678. 909. 272. 772.;
994, 230936.81142 757. 505. 903. 671. 735. 913. 270. 761. 678. 909. 272. 772.;
995, 230970.234358 766. 507. 903. 671. 735. 913. 270. 761. 678. 909. 272. 772.;
996, 231003.657296 774. 467. 903. 671. 735. 913. 270. 761. 678. 909. 272. 772.;
997, 231037.080234 774. 467. 906. 655. 735. 913. 270. 761. 678. 909. 272. 772.;
998, 231070.503173 813. 666. 906. 655. 735. 913. 270. 761. 678. 909. 272. 772.;
999, 231103.926111 813. 666. 902. 627. 735. 913. 270. 761. 678. 909. 272. 772.;
1000, 231137.349049 868. 730. 902. 627. 735. 913. 270. 761. 678. 909. 272. 772.;
1001, 231170.771987 868. 730. 897. 270. 735. 913. 270. 761. 678. 909. 270. 772.;
1002, 231204.194925 893. 751. 897. 270. 735. 913. 270. 761. 678. 909. 270. 772.;
1003, 231237.617863 893. 751. 814. 334. 735. 913. 270. 761. 678. 909. 270. 772.;
1004, 231271.040802 899. 760. 814. 334. 735. 913. 270. 761. 678. 909. 270. 772.;
1005, 231304.46374 899. 760. 717. 498. 735. 913. 270. 761. 678. 909. 270. 772.;
1006, 231337.886678 904. 744. 717. 498. 735. 913. 270. 761. 678. 909. 270. 772.;
1007, 231371.309616 904. 744. 654. 489. 735. 913. 270. 761. 654. 909. 270. 772.;
1008, 231404.732554 908. 670. 654. 489. 735. 913. 270. 761. 654. 909. 270. 772.;
1009, 231438.155492 908. 670. 660. 520. 735. 913. 270. 761. 654. 909. 270. 772.;
