0, 22850.731959 29996.714625 533 408 735 246;
1, 22854.231959 29996.714625 533 408 639 337;
2, 22857.731959 20. 559 428 639 337;
3, 22865.731959 30. 559 428 651 395;
4, 22917.849292 80. 561 431 651 395;
5, 22924.849292 85. 561 431 659 421;
6, 22976.849292 140. 573 438 659 421;
7, 22983.849292 145. 573 438 689 399;
8, 23036.849292 200. 590 444 689 399;
9, 23044.849292 205. 590 444 724 428;
10, 23095.849292 255. 595 432 724 428;
11, 23103.849292 265. 595 432 730 440;
12, 23156.849292 320. 582 396 730 440;
13, 23164.849292 325. 582 396 719 444;
14, 23217.849292 380. 600 391 719 444;
15, 23223.849292 385. 600 391 695 422;
16, 23276.849292 440. 605 392 695 422;
17, 23283.849292 445. 605 392 760 598;
18, 23336.849292 500. 590 299 760 598;
19, 23344.849292 505. 590 299 801 669;
20, 23396.849292 560. 352 197 801 669;
21, 23404.849292 565. 352 197 833 688;
22, 23456.849292 620. 314 247 833 688;
23, 23464.849292 625. 314 247 842 706;
24, 23516.849292 680. 317 263 842 706;
25, 23523.849292 685. 317 263 839 687;
26, 23576.849292 740. 356 279 839 687;
27, 23584.849292 745. 356 279 835 625;
28, 23636.849292 800. 366 262 835 625;
29, 23646.849292 810. 366 262 841 478;
30, 23696.849292 860. 382 254 841 478;
31, 23703.849292 865. 382 254 843 463;
32, 23756.849292 920. 408 284 843 463;
33, 23764.849292 925. 408 284 843 453;
34, 23816.849292 980. 406 287 843 453;
35, 23824.849292 985. 406 287 839 472;
36, 23883.849292 1045. 406 287 825 465;
37, 23937.849292 1100. 491 382 825 465;
38, 23945.849292 1110. 491 382 783 418;
39, 23997.849292 1160. 496 384 783 418;
40, 24005.849292 1170. 496 384 783 331;
41, 24058.849292 1220. 514 394 783 331;
42, 24064.849292 1225. 514 394 659 344;
43, 24118.849292 1280. 536 411 659 344;
44, 24124.849292 1285. 536 411 670 380;
45, 24177.849292 1340. 551 425 670 380;
46, 24184.849292 1345. 551 425 664 417;
47, 24236.849292 1400. 566 436 664 417;
48, 24243.849292 1405. 566 436 691 420;
49, 24297.849292 1460. 575 439 691 420;
50, 24301.849292 1465. 575 439 707 431;
51, 24356.849292 1520. 582 441 707 431;
52, 24364.849292 1525. 582 441 709 451;
53, 24417.849292 1580. 560 401 709 451;
54, 24425.849292 1590. 560 401 701 412;
55, 24478.849292 1640. 571 396 701 412;
56, 24485.849292 1650. 571 396 700 424;
57, 24537.849292 1700. 591 398 700 424;
58, 24575.849292 1740. 591 398 677 541;
59, 24598.849292 1760. 585 380 677 541;
60, 24633.849292 1795. 585 380 780 601;
61, 24657.849292 1820. 456 238 780 601;
62, 24716.849292 1880. 252 213 780 601;
63, 24724.849292 1885. 252 213 828 697;
64, 24776.849292 1940. 287 239 828 697;
65, 24784.849292 1945. 287 239 841 712;
66, 24836.849292 2000. 313 244 841 712;
67, 24843.849292 2005. 313 244 840 693;
68, 24896.849292 2060. 313 244 840 693;
69, 24904.849292 2065. 313 244 837 651;
70, 24956.849292 2120. 322 238 837 651;
71, 24963.849292 2125. 322 238 840 578;
72, 25017.849292 2180. 364 268 840 578;
73, 25025.849292 2190. 364 268 838 493;
74, 25077.849292 2240. 365 280 838 493;
75, 25084.849292 2245. 365 280 839 486;
76, 25137.849292 2300. 328 272 839 486;
77, 25144.849292 2305. 328 272 832 466;
78, 25198.849292 2360. 444 356 832 466;
79, 25205.849292 2370. 444 356 784 480;
80, 25257.849292 2420. 499 389 784 480;
81, 25264.849292 2425. 499 389 778 371;
82, 25326.849292 2490. 499 389 715 324;
83, 25348.849292 2510. 516 401 715 324;
84, 25385.849292 2545. 516 401 681 360;
85, 25408.849292 2570. 548 425 681 360;
86, 25446.849292 2610. 548 425 680 429;
87, 25467.849292 2630. 559 432 680 429;
88, 25503.849292 2665. 559 432 686 446;
89, 25527.849292 2690. 556 422 686 446;
90, 25564.849292 2725. 556 422 707 437;
91, 25586.849292 2750. 540 404 707 437;
92, 25625.849292 2790. 540 404 719 425;
93, 25648.849292 2810. 539 381 719 425;
94, 25683.849292 2845. 539 381 727 398;
95, 25708.849292 2870. 564 385 727 398;
96, 25745.849292 2910. 564 385 723 445;
97, 25768.849292 2930. 587 382 723 445;
98, 25804.849292 2965. 587 382 678 521;
99, 25827.849292 2990. 590 385 678 521;
100, 25864.849292 3025. 590 385 784 631;
101, 25886.849292 3050. 583 333 784 631;
102, 25925.849292 3090. 583 333 815 623;
103, 25977.849292 3140. 374 204 815 623;
104, 25984.849292 3145. 374 204 844 576;
105, 26038.849292 3200. 283 239 844 576;
106, 26044.849292 3205. 283 239 844 678;
107, 26096.849292 3260. 328 260 844 678;
108, 26105.849292 3270. 328 260 845 657;
109, 26158.849292 3320. 325 262 845 657;
110, 26166.849292 3330. 325 262 849 602;
111, 26225.849292 3390. 325 262 842 633;
112, 26246.849292 3410. 335 247 842 633;
113, 26284.849292 3445. 335 247 838 542;
114, 26306.849292 3470. 355 251 838 542;
115, 26344.849292 3505. 355 251 842 486;
116, 26366.849292 3530. 359 257 842 486;
117, 26403.849292 3565. 359 257 835 482;
118, 26426.849292 3590. 383 315 835 482;
119, 26464.849292 3625. 383 315 786 491;
120, 26487.849292 3650. 483 382 786 491;
121, 26523.849292 3685. 483 382 771 331;
122, 26546.849292 3710. 518 402 771 331;
123, 26584.849292 3745. 518 402 673 356;
124, 26607.849292 3770. 554 424 673 356;
125, 26644.849292 3805. 554 424 669 377;
126, 26666.849292 3830. 572 439 669 377;
127, 26704.849292 3865. 572 439 679 407;
128, 26728.849292 3890. 578 444 679 407;
129, 26765.849292 3930. 578 444 700 415;
130, 26786.849292 3950. 580 442 700 415;
131, 26825.849292 3990. 580 442 714 435;
132, 26846.849292 4010. 583 438 714 435;
133, 26884.849292 4045. 583 438 721 453;
134, 26906.849292 4070. 581 414 721 453;
135, 26944.849292 4105. 581 414 726 444;
136, 26966.849292 4130. 592 385 726 444;
137, 27004.849292 4165. 592 385 696 469;
138, 27056.849292 4220. 600 388 696 469;
139, 27064.849292 4225. 600 388 738 617;
140, 27118.849292 4280. 597 366 738 617;
141, 27126.849292 4290. 597 366 790 654;
142, 27176.849292 4340. 429 209 790 654;
143, 27185.849292 4350. 429 209 824 686;
144, 27238.849292 4400. 300 243 824 686;
145, 27244.849292 4405. 300 243 838 713;
146, 27296.849292 4460. 332 262 838 713;
147, 27304.849292 4465. 332 262 843 716;
148, 27365.849292 4530. 332 262 844 702;
149, 27416.849292 4580. 319 261 844 702;
150, 27424.849292 4585. 319 261 840 664;
151, 27477.849292 4640. 356 270 840 664;
152, 27485.849292 4650. 356 270 841 599;
153, 27538.849292 4700. 387 283 841 599;
154, 27544.849292 4705. 387 283 845 476;
155, 27597.849292 4760. 389 280 845 476;
156, 27604.849292 4765. 389 280 844 484;
157, 27657.849292 4820. 385 322 844 484;
158, 27663.849292 4825. 385 322 822 483;
159, 27717.849292 4880. 481 375 822 483;
160, 27723.849292 4885. 481 375 776 488;
161, 27778.849292 4940. 519 404 776 488;
162, 27785.849292 4945. 519 404 776 245;
163, 27837.849292 5000. 551 425 776 245;
164, 27843.849292 5005. 551 425 680 390;
165, 27896.849292 5060. 577 448 680 390;
166, 27904.849292 5065. 577 448 658 404;
167, 27956.849292 5120. 584 450 658 404;
168, 27963.849292 5125. 584 450 685 455;
169, 28016.849292 5180. 581 439 685 455;
170, 28024.849292 5185. 581 439 700 449;
171, 28078.849292 5240. 568 422 700 449;
172, 28085.849292 5250. 568 422 720 453;
173, 28136.849292 5300. 557 394 720 453;
174, 28143.849292 5305. 557 394 730 454;
175, 28205.849292 5370. 557 394 713 444;
176, 28228.849292 5390. 571 393 713 444;
177, 28264.849292 5425. 571 393 688 498;
178, 28288.849292 5450. 590 383 688 498;
179, 28324.849292 5485. 590 383 768 606;
180, 28346.849292 5510. 598 367 768 606;
181, 28384.849292 5545. 598 367 811 669;
182, 28405.849292 5570. 456 219 811 669;
183, 28443.849292 5605. 456 219 842 682;
184, 28467.849292 5630. 271 220 842 682;
185, 28526.849292 5690. 322 267 842 682;
186, 28533.849292 5695. 322 267 847 683;
187, 28588.849292 5750. 358 276 847 683;
188, 28595.849292 5760. 358 276 845 677;
189, 28647.849292 5810. 366 262 845 677;
190, 28654.849292 5815. 366 262 840 615;
191, 28707.849292 5870. 392 265 840 615;
192, 28713.849292 5875. 392 265 843 498;
193, 28766.849292 5930. 420 286 843 498;
194, 28774.849292 5935. 420 286 843 466;
195, 28826.849292 5990. 425 303 843 466;
196, 28833.849292 5995. 425 303 840 488;
197, 28886.849292 6050. 363 302 840 488;
198, 28894.849292 6055. 363 302 830 484;
199, 28946.849292 6110. 465 364 830 484;
200, 28954.849292 6115. 465 364 783 500;
201, 29007.849292 6170. 511 393 783 500;
202, 29014.849292 6175. 511 393 785 355;
203, 29066.849292 6230. 529 406 785 355;
204, 29073.849292 6235. 529 406 721 334;
205, 29126.849292 6290. 557 426 721 334;
206, 29135.849292 6300. 557 426 676 394;
207, 29188.849292 6350. 580 446 676 394;
208, 29194.849292 6355. 580 446 676 424;
209, 29247.849292 6410. 592 451 676 424;
210, 29254.849292 6415. 592 451 683 441;
211, 29309.849292 6470. 589 445 683 441;
212, 29315.849292 6480. 589 445 699 447;
213, 29367.849292 6530. 586 433 699 447;
214, 29374.849292 6535. 586 433 707 458;
215, 29428.849292 6590. 571 407 707 458;
216, 29435.849292 6600. 571 407 707 464;
217, 29489.849292 6650. 581 402 707 464;
218, 29495.849292 6660. 581 402 707 439;
219, 29547.849292 6710. 592 387 707 439;
220, 29554.849292 6715. 592 387 702 409;
221, 29608.849292 6770. 596 379 702 409;
222, 29644.849292 6805. 596 379 757 601;
223, 29696.849292 6860. 569 299 757 601;
224, 29704.849292 6865. 569 299 798 628;
225, 29756.849292 6920. 276 218 798 628;
226, 29764.849292 6925. 276 218 833 688;
227, 29816.849292 6980. 298 250 833 688;
228, 29824.849292 6985. 298 250 840 700;
229, 29876.849292 7040. 330 271 840 700;
230, 29883.849292 7045. 330 271 839 680;
231, 29936.849292 7100. 349 266 839 680;
232, 29974.849292 7135. 349 266 838 639;
233, 29996.849292 7160. 371 259 838 639;
234, 30035.849292 7200. 371 259 833 502;
235, 30088.849292 7250. 391 285 833 502;
236, 30095.849292 7260. 391 285 840 465;
237, 30148.849292 7310. 399 281 840 465;
238, 30155.849292 7320. 399 281 844 456;
239, 30208.849292 7370. 461 362 844 456;
240, 30215.849292 7380. 461 362 815 490;
241, 30267.849292 7430. 498 390 815 490;
242, 30274.849292 7435. 498 390 780 450;
243, 30327.849292 7490. 527 410 780 450;
244, 30335.849292 7495. 527 410 747 240;
245, 30387.849292 7550. 547 422 747 240;
246, 30394.849292 7555. 547 422 669 348;
247, 30448.849292 7610. 576 445 669 348;
248, 30455.849292 7620. 576 445 662 393;
249, 30507.849292 7670. 584 451 662 393;
250, 30513.849292 7675. 584 451 669 422;
251, 30566.849292 7730. 596 460 669 422;
252, 30574.849292 7735. 596 460 689 435;
253, 30627.849292 7790. 600 458 689 435;
254, 30664.849292 7825. 600 458 673 416;
255, 30686.849292 7850. 591 437 673 416;
256, 30724.849292 7885. 591 437 691 430;
257, 30746.849292 7910. 585 407 691 430;
258, 30784.849292 7945. 585 407 713 424;
259, 30806.849292 7970. 594 403 713 424;
260, 30866.849292 8030. 608 398 713 424;
261, 30874.849292 8035. 608 398 716 529;
262, 30926.849292 8090. 576 322 716 529;
263, 30934.849292 8095. 576 322 796 604;
264, 30987.849292 8150. 338 196 796 604;
265, 30994.849292 8155. 338 196 828 701;
266, 31046.849292 8210. 297 240 828 701;
267, 31054.849292 8215. 297 240 842 701;
268, 31105.849292 8270. 320 265 842 701;
269, 31114.849292 8275. 320 265 844 706;
270, 31166.849292 8330. 360 279 844 706;
271, 31174.849292 8335. 360 279 840 664;
272, 31226.849292 8390. 367 267 840 664;
273, 31234.849292 8395. 367 267 839 544;
274, 31294.849292 8455. 367 267 840 473;
275, 31316.849292 8480. 385 268 840 473;
276, 31354.849292 8515. 385 268 842 471;
277, 31376.849292 8540. 400 289 842 471;
278, 31414.849292 8575. 400 289 843 462;
279, 31436.849292 8600. 385 327 843 462;
280, 31474.849292 8635. 385 327 800 499;
281, 31496.849292 8660. 498 387 800 499;
282, 31534.849292 8695. 498 387 782 461;
283, 31556.849292 8720. 519 402 782 461;
284, 31594.849292 8755. 519 402 723 233;
285, 31616.849292 8780. 550 425 723 233;
286, 31653.849292 8815. 550 425 665 338;
287, 31676.849292 8840. 576 444 665 338;
288, 31714.849292 8875. 576 444 657 374;
289, 31736.849292 8900. 582 445 657 374;
290, 31774.849292 8935. 582 445 670 410;
291, 31796.849292 8960. 573 422 670 410;
292, 31835.849292 9000. 573 422 691 412;
293, 31858.849292 9020. 555 399 691 412;
294, 31895.849292 9055. 555 399 704 418;
295, 31917.849292 9080. 557 386 704 418;
296, 31955.849292 9120. 557 386 708 412;
297, 31978.849292 9140. 572 383 708 412;
298, 32014.849292 9175. 572 383 712 446;
299, 32068.849292 9230. 594 380 712 446;
300, 32075.849292 9240. 594 380 696 475;
301, 32126.849292 9290. 604 385 696 475;
302, 32133.849292 9295. 604 385 782 613;
303, 32186.849292 9350. 509 248 782 613;
304, 32194.849292 9355. 509 248 818 611;
305, 32247.849292 9410. 292 223 818 611;
306, 32277.349292 9410. 292 223 843 589;
307, 32306.849292 9470. 329 249 843 589;
308, 32313.849292 9475. 329 249 842 713;
309, 32367.849292 9530. 364 275 842 713;
310, 32374.849292 9535. 364 275 842 684;
311, 32426.849292 9590. 374 278 842 684;
312, 32433.849292 9595. 374 278 838 556;
313, 32487.849292 9650. 395 266 838 556;
314, 32494.849292 9655. 395 266 837 472;
315, 32548.849292 9710. 406 287 837 472;
316, 32555.849292 9720. 406 287 842 457;
317, 32607.849292 9770. 417 290 842 457;
318, 32614.849292 9775. 417 290 842 474;
319, 32667.849292 9830. 365 289 842 474;
320, 32675.849292 9840. 365 289 832 481;
321, 32726.849292 9890. 465 363 832 481;
322, 32734.849292 9895. 465 363 793 487;
323, 32788.849292 9950. 499 388 793 487;
324, 32793.849292 9955. 499 388 796 308;
325, 32846.849292 10010. 524 403 796 308;
326, 32854.849292 10015. 524 403 670 243;
327, 32904.849292 10065. 554 426 670 243;
328, 32914.849292 10075. 554 426 652 325;
329, 32966.849292 10130. 575 444 652 325;
330, 32973.849292 10135. 575 444 649 368;
331, 33027.849292 10190. 581 445 649 368;
332, 33034.849292 10195. 581 445 665 420;
333, 33088.849292 10250. 580 439 665 420;
334, 33095.849292 10260. 580 439 678 393;
335, 33148.849292 10310. 580 432 678 393;
336, 33156.849292 10320. 580 432 694 433;
337, 33209.849292 10370. 568 394 694 433;
338, 33213.849292 10375. 568 394 693 422;
339, 33276.849292 10440. 568 394 706 384;
340, 33299.849292 10460. 586 394 706 384;
341, 33335.849292 10495. 586 394 733 529;
342, 33357.849292 10520. 598 391 733 529;
343, 33397.849292 10560. 598 391 795 588;
344, 33418.849292 10580. 550 275 795 588;
345, 33455.849292 10620. 550 275 824 664;
346, 33508.849292 10670. 344 222 824 664;
347, 33514.849292 10675. 344 222 841 700;
348, 33566.849292 10730. 338 265 841 700;
349, 33573.849292 10735. 338 265 850 677;
350, 33628.849292 10790. 362 279 850 677;
351, 33635.849292 10800. 362 279 844 658;
352, 33688.849292 10850. 374 275 844 658;
353, 33695.849292 10855. 374 275 842 589;
354, 33746.849292 10910. 400 262 842 589;
355, 33754.849292 10915. 400 262 846 471;
356, 33806.849292 10970. 403 291 846 471;
357, 33813.849292 10975. 403 291 845 485;
358, 33874.849292 11035. 403 291 843 463;
359, 33897.849292 11060. 413 276 843 463;
360, 33934.849292 11095. 413 276 822 474;
361, 33957.849292 11120. 362 307 822 474;
362, 33996.849292 11160. 362 307 784 467;
363, 34018.849292 11180. 512 397 784 467;
364, 34054.849292 11215. 512 397 778 244;
365, 34077.849292 11240. 540 418 778 244;
366, 34115.849292 11280. 540 418 660 352;
367, 34138.849292 11300. 572 440 660 352;
368, 34174.849292 11335. 572 440 641 381;
369, 34198.849292 11360. 596 458 641 381;
370, 34235.849292 11400. 596 458 659 418;
371, 34257.849292 11420. 603 464 659 418;
372, 34296.849292 11460. 603 464 679 443;
373, 34320.849292 11485. 605 458 679 443;
374, 34355.849292 11520. 605 458 591 369;
375, 34378.849292 11540. 612 461 591 369;
376, 34415.849292 11575. 612 461 667 400;
377, 34438.849292 11600. 607 450 667 400;
378, 34474.849292 11635. 607 450 695 414;
379, 34495.849292 11660. 595 407 695 414;
380, 34535.849292 11700. 595 407 693 381;
381, 34557.849292 11720. 603 404 693 381;
382, 34595.849292 11755. 603 404 701 561;
383, 34619.849292 11780. 610 402 701 561;
384, 34655.849292 11820. 610 402 790 518;
385, 34708.471459 11872.557875 607 368 790 518;
386, 34716.471459 11877.557875 607 368 819 624;
387, 34767.471459 11927.557875 424 214 819 624;
388, 34774.471459 11937.557875 424 214 841 702;
389, 34828.471459 11992.557875 308 246 841 702;
390, 34835.471459 11997.557875 308 246 845 707;
391, 34887.471459 12047.557875 358 276 845 707;
392, 34895.471459 12057.557875 358 276 845 702;
393, 34948.471459 12112.557875 369 276 845 702;
394, 34955.471459 12117.557875 369 276 842 664;
395, 35009.471459 12172.557875 379 263 842 664;
396, 35016.471459 12177.557875 379 263 841 590;
397, 35068.471459 12232.557875 389 265 841 590;
398, 35076.471459 12237.557875 389 265 845 476;
399, 35128.471459 12292.557875 412 294 845 476;
400, 35134.471459 12297.557875 412 294 845 468;
401, 35186.471459 12347.557875 413 288 845 468;
402, 35194.471459 12357.557875 413 288 843 450;
403, 35248.471459 12412.557875 450 359 843 450;
404, 35256.471459 12417.557875 450 359 803 505;
405, 35307.471459 12467.557875 497 388 803 505;
406, 35314.471459 12477.557875 497 388 779 441;
407, 35368.471459 12532.557875 518 400 779 441;
408, 35375.471459 12537.557875 518 400 762 236;
409, 35428.471459 12592.557875 565 431 762 236;
410, 35435.471459 12597.557875 565 431 658 372;
411, 35488.471459 12652.557875 586 447 658 372;
412, 35494.471459 12657.557875 586 447 661 411;
413, 35549.471459 12712.557875 599 457 661 411;
414, 35555.471459 12717.557875 599 457 670 437;
415, 35608.471459 12772.557875 606 460 670 437;
416, 35616.471459 12777.557875 606 460 692 439;
417, 35668.471459 12832.557875 620 417 692 439;
418, 35674.471459 12837.557875 620 417 713 443;
419, 35728.471459 12892.557875 605 446 713 443;
420, 35736.471459 12897.557875 605 446 724 442;
421, 35788.471459 12952.557875 600 403 724 442;
422, 35795.471459 12957.557875 600 403 710 416;
423, 35848.471459 13012.557875 602 399 710 416;
424, 35855.471459 13017.557875 602 399 709 412;
425, 35907.471459 13067.557875 607 397 709 412;
426, 35914.471459 13077.557875 607 397 742 542;
427, 35969.471459 13132.557875 604 376 742 542;
428, 35976.471459 13137.557875 604 376 786 649;
429, 36037.058209 13197.557875 604 376 825 686;
430, 36058.058209 13222.557875 441 227 825 686;
431, 36095.058209 13257.557875 441 227 842 714;
432, 36117.058209 13277.557875 296 244 842 714;
433, 36155.058209 13317.557875 296 244 844 716;
434, 36179.058209 13342.557875 333 274 844 716;
435, 36216.058209 13377.557875 333 274 841 689;
436, 36236.058209 13397.557875 362 276 841 689;
437, 36276.058209 13437.557875 362 276 839 637;
438, 36298.058209 13462.557875 374 277 839 637;
439, 36335.058209 13497.557875 374 277 839 516;
440, 36359.058209 13522.557875 400 268 839 516;
441, 36394.058209 13557.557875 400 268 837 488;
442, 36417.058209 13577.557875 419 303 837 488;
443, 36456.058209 13617.557875 419 303 840 467;
444, 36477.058209 13637.557875 416 315 840 467;
445, 36515.058209 13677.557875 416 315 822 464;
446, 36537.058209 13697.557875 449 358 822 464;
447, 36575.058209 13737.557875 449 358 776 479;
448, 36597.058209 13757.557875 498 391 776 479;
449, 36635.058209 13797.557875 498 391 770 330;
450, 36657.058209 13817.557875 517 401 770 330;
451, 36695.058209 13857.557875 517 401 678 328;
452, 36717.058209 13877.557875 550 425 678 328;
453, 36756.058209 13917.557875 550 425 659 383;
454, 36778.058209 13942.557875 557 432 659 383;
455, 36816.058209 13977.557875 557 432 665 418;
456, 36838.058209 14002.557875 563 438 665 418;
457, 36876.058209 14037.557875 563 438 681 444;
458, 36898.058209 14062.557875 577 446 681 444;
459, 36934.058209 14097.557875 577 446 700 436;
460, 36958.058209 14117.557875 590 455 700 436;
461, 36996.058209 14157.557875 590 455 716 433;
462, 37019.058209 14182.557875 596 448 716 433;
463, 37079.058209 14242.557875 579 407 716 433;
464, 37085.058209 14247.557875 579 407 719 418;
465, 37136.058209 14297.557875 589 407 719 418;
466, 37144.058209 14307.557875 589 407 718 417;
467, 37198.058209 14362.557875 595 403 718 417;
468, 37206.058209 14367.557875 595 403 741 601;
469, 37257.058209 14417.557875 595 377 741 601;
470, 37264.058209 14427.557875 595 377 798 563;
471, 37317.058209 14477.557875 420 218 798 563;
472, 37325.058209 14487.557875 420 218 822 650;
473, 37377.058209 14537.557875 300 248 822 650;
474, 37384.058209 14547.557875 300 248 838 690;
475, 37437.058209 14597.557875 330 264 838 690;
476, 37445.058209 14607.557875 330 264 842 715;
477, 37499.058209 14662.557875 369 245 842 715;
478, 37506.058209 14667.557875 369 245 843 695;
479, 37557.058209 14717.557875 364 281 843 695;
480, 37565.058209 14727.557875 364 281 841 662;
481, 37619.058209 14782.557875 382 260 841 662;
482, 37626.058209 14787.557875 382 260 840 627;
483, 37677.058209 14837.557875 392 281 840 627;
484, 37686.058209 14847.557875 392 281 842 523;
485, 37738.058209 14902.557875 401 274 842 523;
486, 37745.058209 14907.557875 401 274 840 460;
487, 37799.058209 14962.557875 373 321 840 460;
488, 37805.058209 14967.557875 373 321 832 521;
489, 37857.058209 15017.557875 489 381 832 521;
490, 37864.058209 15027.557875 489 381 775 524;
491, 37919.058209 15082.557875 514 401 775 524;
492, 37926.058209 15087.557875 514 401 769 334;
493, 37977.058209 15137.557875 547 420 769 334;
494, 37986.058209 15147.557875 547 420 686 363;
495, 38045.058209 15207.557875 547 420 668 399;
496, 38067.058209 15227.557875 577 444 668 399;
497, 38104.058209 15267.557875 577 444 685 436;
498, 38127.058209 15287.557875 589 453 685 436;
499, 38164.058209 15327.557875 589 453 701 450;
500, 38187.058209 15347.557875 583 444 701 450;
501, 38225.058209 15387.557875 583 444 720 455;
502, 38247.058209 15407.557875 585 440 720 455;
503, 38284.058209 15447.557875 585 440 718 477;
504, 38308.058209 15472.557875 579 422 718 477;
505, 38344.058209 15507.557875 579 422 710 452;
506, 38367.058209 15527.557875 576 410 710 452;
507, 38406.058209 15567.557875 576 410 719 435;
508, 38429.058209 15592.557875 589 394 719 435;
509, 38464.058209 15627.557875 589 394 685 540;
510, 38488.058209 15647.557875 591 391 685 540;
511, 38527.058209 15687.557875 591 391 795 524;
512, 38548.058209 15707.557875 559 299 795 524;
513, 38585.058209 15747.557875 559 299 822 647;
514, 38609.058209 15772.557875 306 184 822 647;
515, 38646.058209 15807.557875 306 184 845 684;
516, 38667.058209 15827.557875 308 253 845 684;
517, 38706.058209 15867.557875 308 253 845 702;
518, 38729.058209 15892.557875 330 257 845 702;
519, 38765.058209 15927.557875 330 257 845 687;
520, 38787.058209 15947.557875 340 265 845 687;
521, 38826.058209 15987.557875 340 265 840 628;
522, 38849.058209 16012.557875 349 253 840 628;
523, 38884.058209 16047.557875 349 253 847 451;
524, 38908.058209 16067.557875 369 258 847 451;
525, 38946.058209 16107.557875 369 258 842 474;
526, 38968.058209 16132.557875 399 289 842 474;
527, 39006.058209 16167.557875 399 289 841 473;
528, 39029.058209 16192.557875 391 282 841 473;
529, 39065.058209 16227.557875 391 282 822 489;
530, 39087.058209 16247.557875 409 341 822 489;
531, 39126.058209 16287.557875 409 341 783 516;
532, 39149.058209 16312.557875 484 379 783 516;
533, 39185.058209 16347.557875 484 379 768 250;
534, 39208.058209 16372.557875 515 398 768 250;
535, 39246.058209 16407.557875 515 398 692 358;
536, 39267.058209 16427.557875 542 415 692 358;
537, 39306.058209 16467.557875 542 415 659 394;
538, 39328.058209 16492.557875 562 433 659 394;
539, 39366.058209 16527.557875 562 433 682 444;
540, 39387.058209 16547.557875 574 439 682 444;
541, 39425.058209 16587.557875 574 439 691 463;
542, 39450.058209 16612.557875 572 435 691 463;
543, 39485.058209 16647.557875 572 435 715 459;
544, 39506.058209 16667.557875 565 420 715 459;
545, 39546.058209 16707.557875 565 420 712 460;
546, 39568.058209 16732.557875 561 392 712 460;
547, 39604.058209 16767.557875 561 392 719 458;
548, 39628.058209 16787.557875 599 403 719 458;
549, 39666.058209 16827.557875 599 403 727 459;
550, 39685.058209 16847.557875 610 391 727 459;
551, 39727.058209 16887.557875 610 391 750 570;
552, 39748.058209 16912.557875 609 358 750 570;
553, 39784.058209 16947.557875 609 358 804 600;
554, 39807.058209 16967.557875 514 243 804 600;
555, 39846.058209 17007.557875 514 243 831 634;
556, 39868.058209 17032.557875 318 213 831 634;
557, 39907.058209 17067.557875 318 213 846 694;
558, 39928.058209 17092.557875 322 258 846 694;
559, 39964.058209 17127.557875 322 258 852 648;
560, 39988.058209 17147.557875 334 271 852 648;
561, 40049.058209 17212.557875 359 277 852 648;
562, 40056.058209 17217.557875 359 277 845 655;
563, 40107.058209 17267.557875 372 266 845 655;
564, 40115.058209 17277.557875 372 266 840 507;
565, 40169.058209 17332.557875 404 296 840 507;
566, 40176.058209 17337.557875 404 296 836 447;
567, 40227.058209 17387.557875 422 308 836 447;
568, 40236.058209 17397.557875 422 308 817 420;
569, 40289.058209 17452.557875 418 293 817 420;
570, 40297.058209 17457.557875 418 293 841 425;
571, 40350.058209 17512.557875 416 339 841 425;
572, 40356.058209 17517.557875 416 339 801 467;
573, 40407.058209 17567.557875 496 387 801 467;
574, 40415.058209 17577.557875 496 387 793 371;
575, 40469.058209 17632.557875 524 403 793 371;
576, 40476.058209 17637.557875 524 403 734 211;
577, 40527.058209 17687.557875 550 424 734 211;
578, 40536.058209 17697.557875 550 424 659 342;
579, 40589.058209 17752.557875 573 442 659 342;
580, 40595.058209 17757.557875 573 442 656 374;
581, 40649.058209 17812.557875 584 448 656 374;
582, 40657.058209 17817.557875 584 448 663 415;
583, 40708.058209 17867.557875 583 446 663 415;
584, 40715.058209 17877.557875 583 446 612 381;
585, 40769.058209 17932.557875 590 441 612 381;
586, 40776.058209 17937.557875 590 441 692 390;
587, 40827.058209 17987.557875 587 415 692 390;
588, 40835.058209 17997.557875 587 415 682 406;
589, 40889.058209 18052.557875 594 405 682 406;
590, 40896.058209 18057.557875 594 405 707 324;
591, 40947.058209 18107.557875 605 396 707 324;
592, 40956.058209 18117.557875 605 396 696 351;
593, 41009.058209 18172.557875 599 394 696 351;
594, 41015.058209 18177.557875 599 394 763 455;
595, 41067.058209 18227.557875 595 292 763 455;
596, 41076.058209 18237.557875 595 292 791 644;
597, 41128.058209 18292.557875 370 210 791 644;
598, 41138.058209 18297.557875 370 210 825 685;
599, 41189.058209 18352.557875 289 239 825 685;
600, 41197.058209 18357.557875 289 239 840 694;
601, 41256.941459 18421.027875 311 254 840 694;
602, 41292.899125 18456.985541 311 254 843 690;
603, 41305.899125 18466.985541 331 263 843 690;
604, 41344.899125 18506.985541 331 263 843 671;
605, 41366.899125 18526.985541 351 258 843 671;
606, 41403.899125 18566.985541 351 258 840 563;
607, 41426.899125 18586.985541 379 271 840 563;
608, 41464.899125 18626.985541 379 271 838 470;
609, 41486.899125 18646.985541 394 292 838 470;
610, 41524.899125 18686.985541 394 292 838 458;
611, 41546.899125 18706.985541 405 303 838 458;
612, 41585.899125 18746.985541 405 303 833 453;
613, 41608.899125 18771.985541 427 348 833 453;
614, 41644.899125 18806.985541 427 348 788 444;
615, 41668.899125 18831.985541 495 388 788 444;
616, 41705.899125 18866.985541 495 388 787 279;
617, 41728.899125 18891.985541 535 413 787 279;
618, 41766.899125 18926.985541 535 413 674 326;
619, 41788.899125 18951.985541 569 439 674 326;
620, 41826.899125 18986.985541 569 439 667 377;
621, 41847.899125 19011.985541 598 463 667 377;
622, 41886.899125 19046.985541 598 463 670 387;
623, 41909.899125 19071.985541 608 467 670 387;
624, 41943.899125 19106.985541 608 467 680 426;
625, 41966.899125 19126.985541 611 467 680 426;
626, 42005.899125 19166.985541 611 467 694 456;
627, 42028.899125 19191.985541 617 468 694 456;
628, 42064.899125 19226.985541 617 468 701 434;
629, 42088.899125 19251.985541 613 456 701 434;
630, 42124.899125 19286.985541 613 456 660 405;
631, 42146.899125 19306.985541 598 411 660 405;
632, 42183.899125 19346.985541 598 411 703 397;
633, 42206.899125 19366.985541 607 414 703 397;
634, 42244.899125 19406.985541 607 414 712 285;
635, 42266.899125 19426.985541 606 404 712 285;
636, 42304.899125 19466.985541 606 404 778 625;
637, 42327.899125 19491.985541 603 383 778 625;
638, 42364.899125 19526.985541 603 383 790 647;
639, 42387.899125 19551.985541 438 230 790 647;
640, 42424.899125 19586.985541 438 230 824 682;
641, 42446.899125 19606.985541 310 243 824 682;
642, 42483.899125 19646.985541 310 243 837 702;
643, 42506.899125 19666.985541 333 259 837 702;
644, 42544.899125 19706.985541 333 259 842 698;
645, 42566.899125 19726.985541 357 279 842 698;
646, 42605.899125 19766.985541 357 279 837 682;
647, 42628.899125 19791.985541 367 265 837 682;
648, 42665.899125 19826.985541 367 265 837 639;
649, 42687.899125 19851.985541 384 263 837 639;
650, 42726.899125 19886.985541 384 263 836 569;
651, 42748.899125 19911.985541 415 301 836 569;
652, 42811.899125 19971.985541 424 317 836 569;
653, 42815.899125 19976.985541 424 317 836 467;
654, 42867.899125 20031.985541 399 331 836 467;
655, 42875.899125 20036.985541 399 331 837 479;
656, 42928.899125 20091.985541 488 378 837 479;
657, 42935.899125 20096.985541 488 378 766 510;
658, 42989.899125 20151.985541 507 392 766 510;
659, 42996.899125 20156.985541 507 392 753 271;
660, 43049.899125 20211.985541 528 408 753 271;
661, 43056.899125 20216.985541 528 408 701 351;
662, 43108.899125 20271.985541 536 414 701 351;
663, 43115.899125 20276.985541 536 414 690 402;
664, 43174.899125 20336.985541 536 414 694 438;
665, 43197.899125 20361.985541 529 399 694 438;
666, 43236.899125 20396.985541 529 399 701 441;
667, 43257.899125 20421.985541 500 362 701 441;
668, 43295.899125 20456.985541 500 362 711 450;
669, 43317.899125 20481.985541 509 364 711 450;
670, 43356.899125 20516.985541 509 364 703 461;
671, 43376.899125 20536.985541 514 366 703 461;
672, 43415.899125 20576.985541 514 366 688 452;
673, 43438.899125 20601.985541 525 375 688 452;
674, 43496.899125 20656.985541 533 374 688 452;
675, 43504.899125 20666.985541 533 374 703 407;
676, 43558.899125 20721.985541 540 364 703 407;
677, 43566.899125 20726.985541 540 364 773 560;
678, 43618.899125 20781.985541 441 253 773 560;
679, 43626.899125 20786.985541 441 253 803 669;
680, 43678.899125 20841.985541 263 207 803 669;
681, 43684.899125 20846.985541 263 207 834 687;
682, 43738.899125 20901.985541 259 214 834 687;
683, 43746.899125 20906.985541 259 214 845 701;
684, 43797.899125 20961.985541 294 242 845 701;
685, 43804.899125 20966.985541 294 242 843 679;
686, 43859.899125 21021.985541 325 242 843 679;
687, 43864.899125 21026.985541 325 242 841 572;
688, 43918.899125 21081.985541 334 222 841 572;
689, 43926.899125 21086.985541 334 222 843 450;
690, 43978.899125 21141.985541 353 229 843 450;
691, 43985.899125 21146.985541 353 229 839 443;
692, 44038.899125 21201.985541 373 280 839 443;
693, 44045.899125 21206.985541 373 280 837 430;
694, 44097.899125 21261.985541 374 267 837 430;
695, 44104.899125 21266.985541 374 267 832 451;
696, 44158.899125 21321.985541 404 334 832 451;
697, 44166.899125 21326.985541 404 334 787 507;
698, 44222.899125 21386.985541 480 376 787 507;
699, 44225.899125 21386.985541 480 376 780 422;
700, 44279.899125 21441.985541 516 397 780 422;
701, 44285.899125 21446.985541 516 397 725 237;
702, 44346.899125 21506.985541 516 397 660 366;
703, 44368.899125 21531.985541 546 422 660 366;
704, 44404.899125 21566.985541 546 422 644 393;
705, 44427.899125 21591.985541 572 441 644 393;
706, 44466.899125 21626.985541 572 441 661 432;
707, 44488.899125 21651.985541 575 437 661 432;
708, 44525.899125 21686.985541 575 437 689 384;
709, 44549.899125 21711.985541 563 422 689 384;
710, 44584.899125 21746.985541 563 422 691 417;
711, 44607.899125 21771.985541 551 397 691 417;
712, 44646.899125 21806.985541 551 397 653 403;
713, 44669.899125 21831.985541 561 397 653 403;
714, 44704.899125 21866.985541 561 397 674 398;
715, 44728.899125 21891.985541 580 385 674 398;
716, 44766.899125 21926.985541 580 385 662 531;
717, 44788.899125 21951.985541 589 390 662 531;
718, 44825.899125 21986.985541 589 390 779 590;
719, 44848.899125 22011.985541 581 343 779 590;
720, 44886.899125 22046.985541 581 343 823 634;
721, 44907.899125 22071.985541 410 206 823 634;
722, 44946.899125 22106.985541 410 206 840 705;
723, 44967.899125 22131.985541 314 249 840 705;
724, 45006.899125 22166.985541 314 249 843 722;
725, 45027.899125 22191.985541 330 258 843 722;
726, 45066.899125 22226.985541 330 258 844 680;
727, 45089.899125 22251.985541 360 270 844 680;
728, 45125.899125 22286.985541 360 270 840 596;
729, 45147.899125 22311.985541 369 273 840 596;
730, 45185.899125 22346.985541 369 273 841 434;
731, 45208.899125 22371.985541 397 226 841 434;
732, 45245.899125 22406.985541 397 226 842 437;
733, 45268.899125 22431.985541 409 286 842 437;
734, 45306.899125 22466.985541 409 286 789 432;
735, 45327.899125 22491.985541 395 267 789 432;
736, 45366.899125 22526.985541 395 267 817 457;
737, 45388.899125 22551.985541 419 343 817 457;
738, 45425.899125 22586.985541 419 343 785 514;
739, 45448.899125 22611.985541 498 386 785 514;
740, 45486.899125 22646.985541 498 386 736 224;
741, 45509.899125 22671.985541 522 402 736 224;
742, 45544.899125 22706.985541 522 402 660 348;
743, 45568.899125 22731.985541 556 424 660 348;
744, 45606.899125 22766.985541 556 424 656 399;
745, 45627.899125 22791.985541 584 448 656 399;
746, 45665.899125 22826.985541 584 448 668 429;
747, 45718.899125 22881.985541 596 456 668 429;
748, 45725.899125 22886.985541 596 456 676 449;
749, 45778.899125 22941.985541 608 455 676 449;
750, 45786.899125 22946.985541 608 455 693 439;
751, 45836.899125 22996.985541 608 446 693 439;
752, 45844.899125 23006.985541 608 446 717 423;
753, 45897.899125 23061.985541 597 421 717 423;
754, 45904.899125 23066.985541 597 421 719 427;
755, 45956.899125 23116.985541 593 374 719 427;
756, 45964.899125 23126.985541 593 374 718 439;
757, 46017.899125 23181.985541 598 379 718 439;
758, 46025.899125 23186.985541 598 379 733 616;
759, 46076.899125 23236.985541 599 337 733 616;
760, 46084.899125 23246.985541 599 337 793 587;
761, 46137.899125 23301.985541 460 225 793 587;
762, 46145.899125 23306.985541 460 225 823 667;
763, 46197.899125 23361.985541 306 246 823 667;
764, 46204.899125 23366.985541 306 246 839 698;
765, 46256.899125 23416.985541 351 277 839 698;
766, 46264.899125 23426.985541 351 277 843 677;
767, 46317.899125 23481.985541 343 284 843 677;
768, 46324.899125 23486.985541 343 284 847 688;
769, 46376.899125 23536.985541 376 289 847 688;
770, 46384.899125 23546.985541 376 289 844 658;
771, 46437.899125 23601.985541 381 288 844 658;
772, 46444.899125 23606.985541 381 288 838 579;
773, 46499.899125 23661.985541 409 314 838 579;
774, 46506.899125 23666.985541 409 314 842 474;
775, 46558.899125 23721.985541 420 318 842 474;
776, 46564.899125 23726.985541 420 318 841 459;
777, 46619.899125 23781.985541 377 320 841 459;
778, 46626.899125 23786.985541 377 320 834 467;
779, 46677.899125 23841.985541 481 379 834 467;
780, 46715.899125 23876.985541 481 379 781 483;
781, 46737.899125 23901.985541 503 393 781 483;
782, 46774.899125 23936.985541 503 393 736 187;
783, 46796.899125 23956.985541 538 414 736 187;
784, 46834.899125 23996.985541 538 414 676 383;
785, 46857.899125 24021.985541 573 441 676 383;
786, 46895.899125 24056.985541 573 441 666 406;
787, 46917.899125 24081.985541 583 450 666 406;
788, 46956.899125 24116.985541 583 450 672 440;
789, 46977.899125 24141.985541 586 452 672 440;
790, 47016.899125 24176.985541 586 452 695 446;
791, 47039.899125 24201.985541 585 446 695 446;
792, 47075.899125 24236.985541 585 446 712 423;
793, 47097.899125 24261.985541 593 439 712 423;
794, 47136.899125 24296.985541 593 439 711 439;
795, 47158.899125 24321.985541 580 415 711 439;
796, 47196.899125 24356.985541 580 415 716 407;
797, 47248.899125 24411.985541 585 409 716 407;
798, 47254.899125 24416.985541 585 409 720 337;
799, 47308.899125 24471.985541 606 401 720 337;
800, 47314.899125 24476.985541 606 401 756 578;
801, 47367.899125 24531.985541 605 372 756 578;
802, 47374.899125 24536.985541 605 372 796 577;
803, 47427.899125 24591.985541 359 194 796 577;
804, 47434.899125 24596.985541 359 194 822 673;
805, 47487.899125 24651.985541 263 225 822 673;
806, 47494.899125 24656.985541 263 225 841 674;
807, 47549.899125 24711.985541 271 236 841 674;
808, 47556.899125 24716.985541 271 236 846 686;
809, 47609.899125 24771.985541 326 270 846 686;
810, 47616.899125 24776.985541 326 270 845 684;
811, 47666.899125 24826.985541 340 254 845 684;
812, 47675.899125 24836.985541 340 254 842 670;
813, 47728.899125 24891.985541 333 243 842 670;
814, 47736.899125 24896.985541 333 243 845 670;
815, 47787.899125 24951.985541 379 266 845 670;
816, 47794.899125 24956.985541 379 266 845 598;
817, 47847.899125 25011.985541 387 265 845 598;
818, 47854.899125 25016.985541 387 265 848 472;
819, 47907.899125 25071.985541 391 330 848 472;
820, 47914.899125 25076.985541 391 330 835 499;
821, 47967.899125 25131.985541 488 381 835 499;
822, 47974.899125 25136.985541 488 381 777 521;
823, 48027.899125 25191.985541 512 399 777 521;
824, 48036.899125 25196.985541 512 399 773 338;
825, 48087.899125 25251.985541 545 422 773 338;
826, 48094.899125 25256.985541 545 422 686 293;
827, 48149.899125 25311.985541 566 440 686 293;
828, 48155.899125 25316.985541 566 440 663 411;
829, 48207.899125 25371.985541 581 451 663 411;
830, 48214.899125 25376.985541 581 451 685 428;
831, 48269.899125 25431.985541 587 452 685 428;
832, 48276.899125 25436.985541 587 452 693 439;
833, 48336.899125 25496.985541 587 452 722 457;
834, 48359.899125 25521.985541 587 449 722 457;
835, 48395.899125 25556.985541 587 449 726 471;
836, 48417.899125 25581.985541 589 444 726 471;
837, 48456.899125 25616.985541 589 444 718 459;
838, 48479.899125 25641.985541 583 414 718 459;
839, 48515.899125 25676.985541 583 414 729 364;
840, 48538.899125 25701.985541 594 402 729 364;
841, 48590.899125 25751.985541 594 402 716 505;
842, 48598.899125 25761.985541 597 400 716 505;
843, 48636.899125 25796.985541 597 400 779 624;
844, 48659.899125 25821.985541 575 347 779 624;
845, 48697.899125 25861.985541 575 347 816 634;
846, 48717.899125 25881.985541 341 207 816 634;
847, 48756.899125 25916.985541 341 207 840 686;
848, 48779.899125 25941.985541 304 253 840 686;
849, 48815.899125 25976.985541 304 253 847 700;
850, 48838.899125 26001.985541 310 247 847 700;
851, 48876.899125 26036.985541 310 247 845 689;
852, 48898.899125 26061.985541 341 264 845 689;
853, 48935.899125 26096.985541 341 264 843 658;
854, 48958.899125 26121.985541 362 226 843 658;
855, 48996.899125 26156.985541 362 226 841 601;
856, 49017.899125 26181.985541 374 264 841 601;
857, 49056.899125 26216.985541 374 264 842 485;
858, 49078.899125 26241.985541 402 279 842 485;
859, 49116.899125 26276.985541 402 279 842 480;
860, 49138.899125 26301.985541 406 275 842 480;
861, 49176.899125 26336.985541 406 275 834 501;
862, 49198.899125 26361.985541 432 341 834 501;
863, 49234.899125 26396.985541 432 341 776 511;
864, 49258.899125 26421.985541 491 386 776 511;
865, 49296.899125 26456.985541 491 386 780 340;
866, 49317.899125 26481.985541 517 400 780 340;
867, 49356.899125 26516.985541 517 400 694 338;
868, 49379.899125 26541.985541 551 425 694 338;
869, 49414.899125 26576.985541 551 425 675 399;
870, 49437.899125 26601.985541 587 451 675 399;
871, 49476.899125 26636.985541 587 451 687 429;
872, 49498.899125 26661.985541 603 464 687 429;
873, 49534.899125 26696.985541 603 464 695 440;
874, 49558.899125 26721.985541 606 464 695 440;
875, 49597.899125 26761.985541 606 464 713 452;
876, 49618.899125 26781.985541 604 451 713 452;
877, 49676.899125 26836.985541 597 429 713 452;
878, 49686.899125 26846.985541 597 429 718 448;
879, 49738.899125 26901.985541 604 413 718 448;
880, 49746.899125 26906.985541 604 413 693 415;
881, 49798.899125 26961.985541 611 417 693 415;
882, 49805.899125 26966.985541 611 417 649 363;
883, 49859.899125 27021.985541 609 403 649 363;
884, 49866.899125 27026.985541 609 403 744 594;
885, 49919.899125 27081.985541 592 325 744 594;
886, 49925.899125 27086.985541 592 325 797 612;
887, 49979.899125 27141.985541 388 217 797 612;
888, 49985.899125 27146.985541 388 217 830 672;
889, 50037.899125 27201.985541 321 253 830 672;
890, 50044.899125 27206.985541 321 253 842 699;
891, 50099.899125 27261.985541 326 258 842 699;
892, 50106.899125 27266.985541 326 258 845 697;
893, 50158.899125 27321.985541 353 257 845 697;
894, 50165.899125 27326.985541 353 257 844 672;
895, 50219.899125 27381.985541 356 267 844 672;
896, 50226.899125 27386.985541 356 267 839 643;
897, 50278.899125 27441.985541 358 271 839 643;
898, 50285.899125 27446.985541 358 271 838 571;
899, 50336.899125 27496.985541 392 287 838 571;
900, 50346.899125 27506.985541 392 287 841 463;
901, 50397.899125 27561.985541 393 290 841 463;
902, 50406.899125 27566.985541 393 290 843 466;
903, 50458.899125 27621.985541 389 333 843 466;
904, 50464.899125 27626.985541 389 333 806 520;
905, 50518.899125 27681.985541 507 394 806 520;
906, 50525.899125 27686.985541 507 394 764 503;
907, 50577.899125 27741.985541 517 406 764 503;
908, 50584.899125 27746.985541 517 406 759 222;
909, 50637.899125 27801.985541 551 429 759 222;
910, 50644.899125 27806.985541 551 429 699 373;
911, 50697.899125 27861.985541 583 452 699 373;
912, 50704.899125 27866.985541 583 452 670 404;
913, 50757.899125 27921.985541 594 454 670 404;
914, 50764.899125 27926.985541 594 454 683 442;
915, 50823.899125 27986.985541 594 335 683 442;
916, 50826.899125 27986.985541 594 335 705 442;
917, 50877.899125 28041.985541 558 411 705 442;
918, 50886.899125 28046.985541 558 411 734 432;
919, 50939.899125 28101.985541 556 407 734 432;
920, 50946.899125 28106.985541 556 407 739 453;
921, 50998.899125 28161.985541 568 404 739 453;
922, 51004.899125 28166.985541 568 404 726 446;
923, 51057.899125 28221.985541 577 380 726 446;
924, 51065.899125 28226.985541 577 380 726 447;
925, 51118.899125 28281.985541 599 379 726 447;
926, 51127.899125 28291.985541 599 379 728 551;
927, 51177.899125 28341.985541 601 352 728 551;
928, 51184.899125 28346.985541 601 352 799 534;
929, 51237.899125 28401.985541 402 200 799 534;
930, 51245.899125 28406.985541 402 200 833 600;
931, 51298.899125 28461.985541 342 239 833 600;
932, 51304.899125 28466.985541 342 239 849 602;
933, 51357.899125 28521.985541 353 245 849 602;
934, 51364.899125 28526.985541 353 245 846 684;
935, 51417.899125 28581.985541 379 221 846 684;
936, 51425.899125 28586.985541 379 221 848 659;
937, 51476.899125 28636.985541 372 258 848 659;
938, 51484.899125 28646.985541 372 258 843 657;
939, 51538.899125 28701.985541 389 236 843 657;
940, 51544.899125 28706.985541 389 236 837 541;
941, 51599.899125 28761.985541 391 282 837 541;
942, 51606.899125 28766.985541 391 282 842 481;
943, 51660.899125 28821.985541 424 240 842 481;
944, 51667.899125 28831.985541 424 240 842 483;
945, 51719.899125 28881.985541 368 319 842 483;
946, 51726.899125 28886.985541 368 319 808 467;
947, 51777.899125 28941.985541 498 389 808 467;
948, 51784.899125 28946.985541 498 389 789 323;
949, 51838.899125 29001.985541 525 405 789 323;
950, 51846.899125 29006.985541 525 405 775 199;
951, 51897.899125 29061.985541 551 424 775 199;
952, 51903.899125 29066.985541 551 424 683 374;
953, 51959.899125 29121.985541 573 439 683 374;
954, 51966.899125 29126.985541 573 439 661 412;
955, 52019.899125 29181.985541 572 439 661 412;
956, 52026.899125 29186.985541 572 439 684 455;
957, 52077.899125 29241.985541 578 439 684 455;
958, 52084.899125 29246.985541 578 439 696 466;
959, 52137.899125 29301.985541 581 417 696 466;
960, 52145.899125 29306.985541 581 417 708 442;
961, 52197.899125 29361.985541 564 418 708 442;
962, 52204.899125 29366.985541 564 418 718 440;
963, 52257.899125 29421.985541 583 334 718 440;
964, 52264.899125 29426.985541 583 334 684 398;
965, 52319.899125 29481.985541 588 385 684 398;
966, 52325.899125 29486.985541 588 385 705 421;
967, 52379.899125 29541.985541 598 388 705 421;
968, 52384.899125 29546.985541 598 388 770 421;
969, 52438.899125 29601.985541 600 359 770 421;
970, 52476.899125 29636.985541 600 359 805 607;
971, 52497.899125 29661.985541 427 176 805 607;
972, 52536.899125 29696.985541 427 176 841 590;
973, 52557.899125 29721.985541 296 247 841 590;
974, 52595.899125 29756.985541 296 247 848 606;
975, 52621.899125 29781.985541 326 268 848 606;
976, 52656.899125 29816.985541 326 268 845 631;
977, 52679.899125 29841.985541 353 275 845 631;
978, 52739.899125 29901.985541 371 281 845 631;
979, 52745.899125 29906.985541 371 281 841 612;
980, 52797.899125 29961.985541 384 269 841 612;
981, 52806.899125 29966.985541 384 269 831 474;
