device_ms,toe_L,heel_L,toe_R,heel_R
238511,581.0,481.0,,
238536,582.0,537.0,,
238546,515.0,520.0,,
238556,584.0,510.0,,
238566,399.0,416.0,,
238576,406.0,451.0,,
238586,478.0,532.0,,
238596,437.0,478.0,,
238606,402.0,446.0,,
238616,414.0,460.0,,
238626,482.0,519.0,,
238636,527.0,597.0,,
238646,577.0,511.0,,
238656,565.0,551.0,,
238666,480.0,353.0,,
238676,554.0,478.0,,
238686,425.0,319.0,,
238696,441.0,531.0,,
238706,400.0,373.0,,
238716,320.0,304.0,,
238726,356.0,380.0,,
238736,333.0,339.0,,
238746,393.0,371.0,,
238756,405.0,408.0,,
238766,323.0,334.0,,
238776,317.0,321.0,,
238786,407.0,368.0,,
238796,351.0,324.0,,
238806,305.0,327.0,,
238816,271.0,327.0,,
238826,289.0,309.0,,
238836,240.0,318.0,,
238846,273.0,315.0,,
238856,195.0,317.0,,
238866,199.0,336.0,,
238876,210.0,323.0,,
238886,194.0,271.0,,
238896,120.0,210.0,,
238906,134.0,97.0,,
238916,95.0,155.0,,
238926,71.0,131.0,,
238936,63.0,92.0,,
238946,36.0,52.0,,
238956,57.0,30.0,,
238966,26.0,30.0,,
238976,12.0,23.0,,
238986,10.0,15.0,,
239224,28.0,11.0,,
239234,23.0,12.0,,
239244,41.0,15.0,,
239254,35.0,15.0,,
239264,28.0,15.0,,
239274,31.0,14.0,,
239284,38.0,15.0,,
239294,40.0,15.0,,
239304,50.0,16.0,,
239314,60.0,18.0,,
239324,53.0,18.0,,
239334,46.0,15.0,,
239344,51.0,18.0,,
239354,55.0,18.0,,
239364,52.0,19.0,,
239374,47.0,20.0,,
239384,31.0,14.0,,
239394,20.0,14.0,,
239404,23.0,12.0,,
239414,31.0,17.0,,
239424,31.0,18.0,,
239434,41.0,23.0,,
239444,35.0,22.0,,
239454,33.0,20.0,,
239464,53.0,29.0,,
239474,52.0,28.0,,
239484,50.0,33.0,,
239494,60.0,31.0,,
239504,59.0,33.0,,
239514,59.0,33.0,,
239524,61.0,36.0,,
239534,62.0,37.0,,
239544,31.0,29.0,,
239554,85.0,26.0,,
239564,129.0,38.0,,
239574,65.0,20.0,,
239584,173.0,25.0,,
239594,210.0,47.0,,
239604,480.0,51.0,,
239614,488.0,520.0,,
239624,526.0,537.0,,
239634,540.0,594.0,,
239644,553.0,588.0,,
239654,585.0,381.0,,
239664,526.0,578.0,,
239674,467.0,354.0,,
239914,300.0,347.0,,
239924,310.0,359.0,,
239950,238.0,314.0,,
240009,108.0,66.0,,
240070,81.0,45.0,,
240129,29.0,29.0,,
240189,28.0,38.0,,
240250,17.0,23.0,,
240309,39.0,24.0,,
240370,101.0,27.0,,
240429,33.0,14.0,,
240519,76.0,29.0,,
240580,40.0,34.0,,
240639,59.0,66.0,,
240700,34.0,32.0,,
240759,164.0,33.0,,
240820,527.0,282.0,,
240879,415.0,472.0,,
240939,458.0,528.0,,
241000,456.0,534.0,,
241059,435.0,382.0,,
241120,276.0,212.0,,
241179,207.0,357.0,,
241240,108.0,91.0,,
241299,28.0,18.0,,
241360,17.0,13.0,,
241419,19.0,15.0,,
241479,46.0,19.0,,
241570,67.0,22.0,,
241629,59.0,19.0,,
241690,101.0,23.0,,
241780,45.0,25.0,,
241839,54.0,27.0,,
241900,38.0,34.0,,
241959,75.0,19.0,,
242019,436.0,459.0,,
242080,477.0,245.0,,
242139,515.0,564.0,,
242200,413.0,478.0,,
242290,346.0,366.0,,
242349,331.0,341.0,,
242410,302.0,243.0,,
242500,122.0,84.0,,
242559,17.0,15.0,,
242650,23.0,14.0,,
242740,92.0,32.0,,
243454,537.0,522.0,,
243464,536.0,526.0,,
243490,518.0,595.0,,
243549,412.0,474.0,,
243610,438.0,366.0,,
243669,409.0,397.0,,
243730,403.0,411.0,,
243790,338.0,423.0,,
243849,216.0,128.0,,
243910,80.0,24.0,,
243969,34.0,32.0,,
244030,23.0,21.0,,
244089,31.0,16.0,,
244150,17.0,10.0,,
244209,40.0,18.0,,
244270,116.0,27.0,,
244330,103.0,29.0,,
244389,42.0,22.0,,
244450,38.0,23.0,,
244509,28.0,14.0,,
244570,51.0,24.0,,
244629,67.0,103.0,,
244690,553.0,479.0,,
244750,544.0,623.0,,
244810,559.0,639.0,,
244870,565.0,630.0,,
244959,534.0,577.0,,
245020,389.0,471.0,,
245080,385.0,392.0,,
245139,482.0,552.0,,
245200,345.0,506.0,,
245259,190.0,209.0,,
245320,33.0,14.0,,
245379,49.0,36.0,,
245440,25.0,14.0,,
245500,13.0,9.0,,
245560,75.0,25.0,,
245620,79.0,20.0,,
245679,52.0,40.0,,
245740,70.0,27.0,,
245799,37.0,20.0,,
245860,43.0,22.0,,
245919,65.0,18.0,,
245980,541.0,576.0,,
246040,501.0,546.0,,
246100,545.0,605.0,,
246634,33.0,25.0,,
246644,30.0,24.0,,
246669,51.0,34.0,,
246730,57.0,31.0,,
246790,8.0,12.0,,
246850,74.0,37.0,,
246910,86.0,60.0,,
246969,113.0,55.0,,
247030,34.0,45.0,,
247089,60.0,50.0,,
247150,87.0,53.0,,
247209,44.0,15.0,,
247270,508.0,225.0,,
247330,393.0,291.0,,
247390,441.0,274.0,,
247450,440.0,368.0,,
247509,476.0,465.0,,
247570,413.0,324.0,,
247629,357.0,303.0,,
247690,216.0,123.0,,
247750,77.0,37.0,,
247810,81.0,40.0,,
247870,49.0,36.0,,
247930,30.0,37.0,,
247990,60.0,35.0,,
248049,11.0,11.0,,
248110,15.0,9.0,,
248169,26.0,14.0,,
248230,28.0,10.0,,
248290,29.0,18.0,,
248350,76.0,33.0,,
248410,81.0,32.0,,
248500,298.0,48.0,,
248560,453.0,496.0,,
248620,350.0,378.0,,
248680,384.0,415.0,,
248740,290.0,318.0,,
248799,371.0,425.0,,
248860,315.0,389.0,,
248919,367.0,283.0,,
248980,76.0,68.0,,
249040,29.0,28.0,,
249100,27.0,31.0,,
249160,25.0,27.0,,
249250,78.0,50.0,,
249310,11.0,18.0,,
249814,575.0,586.0,,
249824,570.0,599.0,,
249850,587.0,535.0,,
249910,575.0,654.0,,
250000,583.0,619.0,,
250060,477.0,507.0,,
250120,426.0,448.0,,
250180,399.0,434.0,,
250240,319.0,196.0,,
250300,196.0,116.0,,
250360,24.0,26.0,,
250419,53.0,41.0,,
250479,33.0,38.0,,
250540,25.0,23.0,,
250600,13.0,21.0,,
250660,17.0,17.0,,
250720,26.0,17.0,,
250780,25.0,30.0,,
250839,107.0,78.0,,
250900,66.0,50.0,,
250990,106.0,71.0,,
251050,557.0,560.0,,
251110,525.0,538.0,,
251169,458.0,519.0,,
251260,508.0,567.0,,
251320,408.0,443.0,,
251423,392.0,412.0,,
251440,376.0,418.0,,
251500,269.0,213.0,,
251560,92.0,48.0,,
251620,43.0,39.0,,
251680,47.0,41.0,,
251740,48.0,38.0,,
251800,51.0,38.0,,
251860,20.0,17.0,,
251919,37.0,25.0,,
251980,49.0,19.0,,
252070,30.0,26.0,,
252130,26.0,35.0,,
252190,28.0,42.0,,
252250,78.0,34.0,,
252309,531.0,510.0,,
252370,507.0,575.0,,
252430,511.0,536.0,,
252490,517.0,529.0,,
252550,377.0,454.0,,
253264,17.0,11.0,,
253274,17.0,13.0,,
253300,37.0,18.0,,
253390,18.0,36.0,,
253480,43.0,43.0,,
253540,30.0,18.0,,
253599,353.0,278.0,,
253660,549.0,523.0,,
253720,478.0,497.0,,
253780,523.0,543.0,,
253870,505.0,520.0,,
253930,416.0,447.0,,
254020,413.0,444.0,,
254110,331.0,215.0,,
254170,170.0,86.0,,
254273,29.0,30.0,,
254350,58.0,48.0,,
254410,20.0,23.0,,
254470,34.0,31.0,,
254573,64.0,26.0,,
254620,57.0,36.0,,
254680,32.0,41.0,,
254740,63.0,79.0,,
254800,29.0,20.0,,
254889,471.0,412.0,,
254950,416.0,423.0,,
255010,444.0,496.0,,
255070,441.0,445.0,,
255160,463.0,476.0,,
255220,427.0,475.0,,
255280,411.0,426.0,,
255383,283.0,297.0,,
255400,261.0,278.0,,
255460,62.0,85.0,,
255520,66.0,69.0,,
255580,56.0,66.0,,
255640,64.0,67.0,,
255700,9.0,20.0,,
255760,31.0,14.0,,
255820,16.0,13.0,,
255880,89.0,38.0,,
255940,34.0,35.0,,
256000,27.0,30.0,,
256060,33.0,35.0,,
256150,82.0,64.0,,
256240,437.0,448.0,,
256745,21.0,25.0,,
256755,23.0,24.0,,
256780,22.0,29.0,,
256840,19.0,24.0,,
256930,100.0,62.0,,
256990,11.0,9.0,,
257080,70.0,23.0,,
257140,105.0,32.0,,
257200,34.0,34.0,,
257291,31.0,44.0,,
257350,29.0,46.0,,
257410,16.0,29.0,,
257513,515.0,429.0,,
257530,454.0,422.0,,
257590,546.0,463.0,,
257650,449.0,354.0,,
257710,517.0,409.0,,
257770,424.0,379.0,,
257860,364.0,386.0,,
257920,274.0,247.0,,
257980,183.0,177.0,,
258041,31.0,23.0,,
258130,25.0,21.0,,
258190,64.0,42.0,,
258293,62.0,17.0,,
258310,81.0,26.0,,
258371,49.0,12.0,,
258430,45.0,15.0,,
258490,20.0,15.0,,
258550,18.0,16.0,,
258610,26.0,18.0,,
258670,27.0,15.0,,
258760,438.0,459.0,,
258850,387.0,375.0,,
258940,404.0,441.0,,
259030,428.0,462.0,,
259090,224.0,258.0,,
259180,105.0,89.0,,
259240,20.0,33.0,,
259300,19.0,23.0,,
259390,29.0,33.0,,
259450,53.0,48.0,,
259510,7.0,16.0,,
259570,9.0,12.0,,
259630,16.0,32.0,,
259690,18.0,21.0,,
260195,532.0,509.0,,
260205,554.0,584.0,,
260230,470.0,540.0,,
260291,415.0,431.0,,
260350,319.0,346.0,,
260411,250.0,300.0,,
260470,115.0,163.0,,
260560,20.0,25.0,,
260621,16.0,20.0,,
260680,53.0,31.0,,
260740,23.0,21.0,,
260800,69.0,14.0,,
260860,45.0,15.0,,
260951,52.0,19.0,,
261010,18.0,23.0,,
261070,20.0,20.0,,
261130,33.0,31.0,,
261190,161.0,106.0,,
261250,512.0,509.0,,
261310,420.0,420.0,,
261371,406.0,391.0,,
261430,416.0,390.0,,
261491,344.0,352.0,,
261581,351.0,305.0,,
261640,316.0,193.0,,
261701,238.0,152.0,,
261760,39.0,58.0,,
261820,26.0,24.0,,
261880,35.0,30.0,,
261940,33.0,47.0,,
262000,60.0,50.0,,
262060,11.0,8.0,,
262121,27.0,17.0,,
262210,17.0,10.0,,
262270,12.0,12.0,,
262331,16.0,15.0,,
262390,17.0,16.0,,
262451,19.0,17.0,,
262541,502.0,507.0,,
262600,452.0,462.0,,
262661,467.0,471.0,,
262720,511.0,560.0,,
262781,448.0,488.0,,
262840,401.0,446.0,,
262900,286.0,341.0,,
262959,303.0,201.0,,
263465,59.0,24.0,,
263475,66.0,27.0,,
263500,59.0,26.0,,
263560,26.0,22.0,,
263621,29.0,26.0,,
263710,27.0,24.0,,
263770,303.0,313.0,,
263831,552.0,606.0,,
263890,563.0,622.0,,
263951,532.0,591.0,,
264010,472.0,523.0,,
264071,402.0,435.0,,
264130,394.0,441.0,,
264190,440.0,489.0,,
264250,383.0,429.0,,
264340,108.0,132.0,,
264400,33.0,56.0,,
264491,75.0,67.0,,
264550,52.0,44.0,,
264611,47.0,20.0,,
264701,27.0,20.0,,
264760,68.0,31.0,,
264821,25.0,40.0,,
264880,26.0,29.0,,
264940,38.0,29.0,,
265000,189.0,192.0,,
265060,489.0,527.0,,
265121,387.0,421.0,,
265180,451.0,497.0,,
265241,416.0,449.0,,
265300,432.0,497.0,,
265361,374.0,430.0,,
265420,429.0,474.0,,
265480,297.0,336.0,,
265541,358.0,374.0,,
265600,48.0,45.0,,
265661,21.0,38.0,,
265720,65.0,80.0,,
265781,70.0,54.0,,
265840,14.0,18.0,,
265930,43.0,21.0,,
266020,20.0,10.0,,
266080,13.0,12.0,,
266140,21.0,17.0,,
266201,32.0,18.0,,
266260,33.0,14.0,,
266975,79.0,63.0,,
266985,77.0,55.0,,
267010,71.0,54.0,,
267071,90.0,47.0,,
267130,14.0,13.0,,
267220,35.0,19.0,,
267281,39.0,14.0,,
267371,25.0,20.0,,
267430,24.0,16.0,,
267491,40.0,21.0,,
267550,31.0,17.0,,
267611,490.0,487.0,,
267701,455.0,462.0,,
267760,379.0,418.0,,
267821,419.0,452.0,,
267880,468.0,498.0,,
267941,425.0,383.0,,
268000,331.0,377.0,,
268060,227.0,205.0,,
268121,28.0,26.0,,
268180,66.0,47.0,,
268241,34.0,50.0,,
268300,39.0,56.0,,
268361,55.0,45.0,,
268420,42.0,11.0,,
268481,13.0,12.0,,
268541,24.0,12.0,,
268630,13.0,11.0,,
268691,25.0,15.0,,
268750,27.0,13.0,,
268810,324.0,85.0,,
268871,409.0,394.0,,
268930,407.0,403.0,,
268991,453.0,413.0,,
269050,442.0,431.0,,
269106,,,154.0,220.0
269111,430.0,433.0,,
269130,,,145.0,235.0
269140,,,173.0,225.0
269150,,,189.0,215.0
269160,,,185.0,247.0
269170,,,137.0,150.0
269180,,,189.0,211.0
269190,,,101.0,195.0
269200,362.0,331.0,162.0,256.0
269210,,,68.0,260.0
269220,,,121.0,187.0
269230,,,72.0,252.0
269240,,,187.0,229.0
269250,,,182.0,260.0
269260,183.0,102.0,185.0,244.0
269270,,,170.0,232.0
269280,,,110.0,196.0
269290,,,146.0,261.0
269300,,,140.0,231.0
269310,,,133.0,218.0
269320,,,185.0,174.0
269321,138.0,38.0,,
269330,,,194.0,259.0
269340,,,124.0,247.0
269350,,,279.0,334.0
269360,,,264.0,284.0
269370,,,275.0,290.0
269380,31.0,17.0,210.0,270.0
269390,,,172.0,215.0
269400,,,179.0,227.0
269410,,,192.0,239.0
269420,,,198.0,280.0
269430,,,243.0,243.0
269440,,,220.0,231.0
269441,51.0,23.0,,
269450,,,232.0,253.0
269460,,,218.0,254.0
269470,,,246.0,281.0
269480,,,245.0,287.0
269490,,,266.0,287.0
269500,63.0,30.0,267.0,273.0
269510,,,256.0,257.0
269520,,,245.0,236.0
269530,,,234.0,209.0
269540,,,221.0,178.0
269550,,,229.0,173.0
269560,54.0,31.0,252.0,220.0
269570,,,244.0,205.0
269580,,,256.0,197.0
269621,24.0,14.0,,
269680,53.0,11.0,,
269741,13.0,7.0,,
269818,,,603.0,731.0
269828,,,547.0,725.0
269838,,,604.0,727.0
269848,,,543.0,731.0
269858,,,573.0,695.0
269868,,,572.0,716.0
269878,,,527.0,734.0
269888,,,595.0,719.0
269898,,,608.0,722.0
269908,,,566.0,689.0
269918,,,562.0,720.0
269928,,,588.0,704.0
269938,,,580.0,704.0
269948,,,566.0,702.0
269958,,,558.0,688.0
269968,,,451.0,693.0
269978,,,533.0,669.0
269988,,,487.0,663.0
269998,,,439.0,618.0
270008,,,424.0,614.0
270018,,,395.0,613.0
270028,,,384.0,597.0
270038,,,371.0,544.0
270048,,,340.0,510.0
270058,,,279.0,457.0
270068,,,219.0,408.0
270078,,,196.0,388.0
270088,,,112.0,328.0
270098,,,84.0,249.0
270108,,,85.0,249.0
270118,,,131.0,260.0
270128,,,113.0,244.0
270138,,,140.0,273.0
270148,,,123.0,246.0
270158,,,92.0,180.0
270168,,,92.0,172.0
270178,,,123.0,224.0
270188,,,107.0,218.0
270198,,,98.0,230.0
270208,,,110.0,228.0
270218,,,151.0,223.0
270228,,,151.0,218.0
270238,,,156.0,208.0
270246,401.0,318.0,,
270248,,,154.0,236.0
270256,450.0,351.0,,
270258,,,80.0,253.0
270268,,,137.0,246.0
270281,408.0,370.0,,
270340,483.0,514.0,,
270401,401.0,440.0,,
270491,414.0,393.0,,
270508,,,263.0,281.0
270518,,,259.0,289.0
270528,,,249.0,275.0
270574,,,253.0,283.0
270581,251.0,255.0,,
270640,112.0,25.0,,
270664,,,242.0,292.0
270701,17.0,23.0,,
270724,,,199.0,239.0
270760,22.0,27.0,,
270784,,,286.0,246.0
270821,53.0,62.0,,
270843,,,295.0,257.0
270904,,,410.0,478.0
270911,11.0,11.0,,
270963,,,611.0,729.0
271000,20.0,11.0,,
271024,,,613.0,730.0
271061,35.0,11.0,,
271083,,,611.0,729.0
271121,32.0,11.0,,
271144,,,514.0,623.0
271180,18.0,19.0,,
271204,,,453.0,587.0
271241,15.0,16.0,,
271264,,,287.0,435.0
271300,17.0,19.0,,
271324,,,139.0,226.0
271361,28.0,13.0,,
271414,,,103.0,158.0
271420,525.0,481.0,,
271474,,,142.0,244.0
271481,359.0,292.0,,
271534,,,174.0,218.0
271541,516.0,591.0,,
271593,,,163.0,195.0
271601,465.0,502.0,,
271654,,,69.0,300.0
271661,566.0,503.0,,
271713,,,254.0,288.0
271720,511.0,464.0,,
271804,,,250.0,306.0
271824,458.0,481.0,,
271840,407.0,372.0,,
271864,,,112.0,262.0
271901,196.0,168.0,,
271923,,,252.0,264.0
271960,40.0,45.0,,
272014,,,264.0,219.0
272021,37.0,20.0,,
272074,,,141.0,331.0
272081,55.0,28.0,,
272133,,,600.0,718.0
272141,52.0,43.0,,
272194,,,586.0,697.0
272201,31.0,18.0,,
272253,,,589.0,726.0
272260,34.0,15.0,,
272314,,,546.0,657.0
272320,36.0,12.0,,
272374,,,469.0,600.0
272380,45.0,11.0,,
272434,,,190.0,349.0
272441,21.0,15.0,,
272494,,,118.0,164.0
272500,17.0,17.0,,
272554,,,139.0,175.0
272561,20.0,17.0,,
272614,,,125.0,208.0
272621,36.0,11.0,,
272673,,,192.0,282.0
272680,452.0,123.0,,
272734,,,198.0,216.0
272741,497.0,135.0,,
272793,,,224.0,237.0
272831,460.0,489.0,,
272854,,,172.0,207.0
272891,430.0,487.0,,
272914,,,249.0,266.0
272951,437.0,487.0,,
272974,,,238.0,253.0
273034,,,250.0,282.0
273041,428.0,400.0,,
273094,,,204.0,202.0
273154,,,236.0,218.0
273213,,,255.0,252.0
273545,32.0,10.0,,
273555,29.0,8.0,,
273581,34.0,11.0,,
273641,66.0,15.0,,
273701,31.0,18.0,,
273760,21.0,14.0,,
273821,30.0,13.0,,
273880,264.0,111.0,,
273928,,,169.0,242.0
273938,,,172.0,243.0
273941,389.0,480.0,,
273963,,,196.0,249.0
274000,441.0,480.0,,
274024,,,253.0,275.0
274061,472.0,514.0,,
274083,,,237.0,284.0
274121,515.0,576.0,,
274144,,,191.0,225.0
274181,386.0,306.0,,
274204,,,132.0,222.0
274241,416.0,330.0,,
274264,,,222.0,240.0
274300,451.0,503.0,,
274324,,,229.0,288.0
274361,329.0,321.0,,
274384,,,234.0,285.0
274419,103.0,61.0,,
274444,,,156.0,187.0
274503,,,205.0,199.0
274510,22.0,28.0,,
274571,32.0,21.0,,
274594,,,228.0,220.0
274630,46.0,34.0,,
274654,,,207.0,205.0
274691,17.0,15.0,,
274713,,,600.0,697.0
274750,46.0,32.0,,
274774,,,615.0,729.0
274833,,,599.0,724.0
274840,31.0,13.0,,
274894,,,600.0,724.0
274901,21.0,14.0,,
274954,,,534.0,728.0
274991,18.0,15.0,,
275014,,,585.0,706.0
275050,27.0,14.0,,
275074,,,560.0,687.0
275111,419.0,94.0,,
275134,,,502.0,672.0
275194,,,434.0,615.0
275213,489.0,403.0,,
275231,349.0,386.0,,
275253,,,230.0,416.0
275314,,,194.0,207.0
275321,437.0,461.0,,
275374,,,182.0,293.0
275380,327.0,348.0,,
275434,,,190.0,276.0
275440,398.0,411.0,,
275494,,,226.0,271.0
275500,302.0,347.0,,
275554,,,198.0,402.0
275561,296.0,201.0,,
275614,,,266.0,334.0
275621,90.0,32.0,,
275704,,,305.0,357.0
275710,26.0,16.0,,
275764,,,197.0,280.0
275771,34.0,17.0,,
275824,,,281.0,326.0
275831,31.0,20.0,,
275884,,,231.0,351.0
275891,23.0,27.0,,
275944,,,263.0,294.0
275981,44.0,14.0,,
276003,,,557.0,656.0
276041,22.0,9.0,,
276064,,,612.0,731.0
276101,41.0,11.0,,
276124,,,612.0,726.0
276184,,,590.0,734.0
276191,18.0,14.0,,
276244,,,577.0,708.0
276250,20.0,13.0,,
276304,,,489.0,696.0
276311,27.0,12.0,,
276364,,,503.0,642.0
276371,93.0,35.0,,
276424,,,368.0,614.0
276484,,,296.0,532.0
276543,,,205.0,285.0
276604,,,191.0,224.0
277085,29.0,26.0,,
277095,40.0,28.0,,
277109,,,254.0,295.0
277119,,,265.0,298.0
277121,59.0,44.0,,
277144,,,283.0,297.0
277181,23.0,15.0,,
277203,,,277.0,291.0
277241,36.0,17.0,,
277264,,,305.0,263.0
277301,29.0,27.0,,
277324,,,610.0,719.0
277361,42.0,16.0,,
277384,,,457.0,736.0
277444,,,599.0,710.0
277451,14.0,17.0,,
277504,,,619.0,732.0
277511,13.0,19.0,,
277564,,,546.0,725.0
277601,24.0,16.0,,
277654,,,491.0,620.0
277661,432.0,171.0,,
277714,,,467.0,592.0
277721,562.0,229.0,,
277774,,,374.0,528.0
277781,480.0,490.0,,
277833,,,167.0,313.0
277841,500.0,420.0,,
277894,,,163.0,207.0
277901,551.0,512.0,,
277954,,,204.0,267.0
277960,509.0,389.0,,
278014,,,214.0,251.0
278021,425.0,304.0,,
278074,,,209.0,213.0
278081,329.0,345.0,,
278134,,,164.0,202.0
278141,227.0,155.0,,
278194,,,304.0,376.0
278201,39.0,23.0,,
278254,,,250.0,293.0
278261,26.0,16.0,,
278314,,,288.0,332.0
278321,36.0,22.0,,
278374,,,255.0,298.0
278381,58.0,28.0,,
278434,,,268.0,298.0
278441,33.0,14.0,,
278494,,,259.0,319.0
278500,57.0,21.0,,
278554,,,279.0,305.0
278561,22.0,13.0,,
278614,,,621.0,728.0
278651,38.0,14.0,,
278674,,,580.0,724.0
278710,29.0,18.0,,
278734,,,606.0,714.0
278794,,,542.0,716.0
278801,24.0,14.0,,
278854,,,584.0,706.0
278861,32.0,10.0,,
278914,,,567.0,685.0
278921,339.0,234.0,,
278974,,,542.0,666.0
278981,542.0,601.0,,
279034,,,436.0,546.0
279041,398.0,457.0,,
279094,,,297.0,466.0
279100,465.0,538.0,,
279154,,,174.0,217.0
279161,456.0,411.0,,
279214,,,147.0,228.0
279221,439.0,395.0,,
279274,,,215.0,238.0
279281,404.0,394.0,,
279334,,,180.0,211.0
279341,313.0,298.0,,
279394,,,198.0,313.0
279401,178.0,151.0,,
279454,,,180.0,220.0
279460,31.0,18.0,,
279514,,,268.0,315.0
279551,29.0,17.0,,
279604,,,243.0,310.0
279611,92.0,29.0,,
279664,,,235.0,268.0
279671,23.0,15.0,,
279731,44.0,12.0,,
279754,,,266.0,282.0
279791,21.0,12.0,,
279814,,,369.0,434.0
279851,31.0,10.0,,
280319,,,233.0,351.0
280329,,,223.0,339.0
280354,,,175.0,283.0
280356,389.0,447.0,,
280366,379.0,434.0,,
280391,503.0,532.0,,
280414,,,167.0,230.0
280451,486.0,436.0,,
280474,,,153.0,359.0
280511,403.0,274.0,,
280534,,,246.0,296.0
280571,408.0,263.0,,
280594,,,214.0,288.0
280631,353.0,317.0,,
280654,,,281.0,449.0
280691,169.0,44.0,,
280714,,,242.0,272.0
280751,28.0,13.0,,
280804,,,257.0,344.0
280811,36.0,16.0,,
280864,,,226.0,360.0
280871,57.0,38.0,,
280924,,,245.0,328.0
280931,38.0,14.0,,
280984,,,279.0,283.0
280991,28.0,13.0,,
281044,,,285.0,305.0
281051,63.0,15.0,,
281104,,,587.0,694.0
281111,91.0,18.0,,
281165,,,509.0,738.0
281171,30.0,15.0,,
281224,,,595.0,729.0
281231,19.0,12.0,,
281284,,,611.0,729.0
281291,17.0,12.0,,
281343,,,525.0,699.0
281351,31.0,11.0,,
281404,,,526.0,661.0
281411,438.0,423.0,,
281464,,,461.0,619.0
281471,519.0,592.0,,
281524,,,348.0,536.0
281531,481.0,554.0,,
281584,,,236.0,418.0
281591,508.0,581.0,,
281644,,,156.0,334.0
281651,420.0,472.0,,
281704,,,162.0,342.0
281711,386.0,322.0,,
281764,,,214.0,343.0
281771,425.0,375.0,,
281824,,,259.0,275.0
281831,389.0,282.0,,
281891,213.0,290.0,,
281915,,,194.0,332.0
281974,,,274.0,289.0
281981,34.0,18.0,,
282034,,,303.0,400.0
282041,40.0,25.0,,
282101,42.0,23.0,,
282125,,,216.0,346.0
282161,65.0,29.0,,
282184,,,232.0,282.0
282220,20.0,16.0,,
282244,,,267.0,330.0
282281,22.0,13.0,,
282334,,,321.0,341.0
282371,69.0,16.0,,
282394,,,523.0,729.0
282431,32.0,12.0,,
282455,,,593.0,730.0
282491,19.0,10.0,,
282514,,,608.0,733.0
282551,28.0,10.0,,
282574,,,604.0,725.0
282611,29.0,11.0,,
282634,,,569.0,696.0
282671,120.0,20.0,,
282694,,,483.0,618.0
282754,,,351.0,521.0
282761,547.0,284.0,,
282814,,,182.0,323.0
282821,446.0,357.0,,
282875,,,182.0,268.0
282881,481.0,516.0,,
282934,,,192.0,321.0
282971,541.0,468.0,,
282995,,,165.0,322.0
283031,464.0,432.0,,
283054,,,250.0,301.0
283091,443.0,511.0,,
283625,21.0,14.0,,
283635,25.0,11.0,,
283661,44.0,12.0,,
283721,29.0,13.0,,
283769,,,582.0,728.0
283779,,,532.0,735.0
283804,,,588.0,734.0
283811,42.0,15.0,,
283864,,,504.0,742.0
283872,36.0,13.0,,
283931,286.0,197.0,,
283967,,,585.0,711.0
283984,,,578.0,705.0
283991,452.0,475.0,,
284044,,,535.0,667.0
284050,400.0,427.0,,
284104,,,459.0,615.0
284111,415.0,469.0,,
284165,,,301.0,481.0
284171,496.0,504.0,,
284224,,,174.0,275.0
284231,494.0,565.0,,
284285,,,176.0,296.0
284291,372.0,349.0,,
284344,,,173.0,308.0
284381,163.0,142.0,,
284404,,,258.0,269.0
284441,63.0,13.0,,
284463,,,74.0,206.0
284501,24.0,12.0,,
284524,,,280.0,347.0
284561,39.0,17.0,,
284584,,,225.0,253.0
284622,24.0,16.0,,
284644,,,280.0,358.0
284681,62.0,36.0,,
284705,,,219.0,324.0
284764,,,175.0,306.0
284771,21.0,23.0,,
284832,39.0,22.0,,
284854,,,273.0,277.0
284915,,,308.0,325.0
284921,56.0,27.0,,
284974,,,528.0,732.0
284981,71.0,23.0,,
285035,,,525.0,722.0
285041,93.0,29.0,,
285094,,,594.0,719.0
285131,89.0,37.0,,
285154,,,596.0,712.0
285191,487.0,369.0,,
285214,,,567.0,690.0
285251,456.0,492.0,,
285274,,,500.0,627.0
285311,484.0,560.0,,
285334,,,431.0,607.0
285372,455.0,519.0,,
285394,,,261.0,420.0
285431,480.0,535.0,,
285484,,,176.0,255.0
285491,418.0,492.0,,
285551,301.0,361.0,,
285575,,,195.0,296.0
285611,294.0,203.0,,
285665,,,251.0,286.0
285671,147.0,44.0,,
285724,,,194.0,243.0
285731,44.0,15.0,,
285785,,,335.0,421.0
285791,58.0,24.0,,
285851,33.0,22.0,,
285875,,,291.0,411.0
285912,26.0,15.0,,
285934,,,285.0,425.0
285971,41.0,14.0,,
285995,,,295.0,424.0
286031,96.0,27.0,,
286054,,,358.0,452.0
286091,139.0,33.0,,
286114,,,345.0,403.0
286151,37.0,15.0,,
286174,,,356.0,354.0
286211,23.0,16.0,,
286234,,,584.0,680.0
286301,25.0,14.0,,
286325,,,545.0,737.0
286361,98.0,29.0,,
286384,,,604.0,726.0
286421,433.0,396.0,,
286444,,,559.0,734.0
286504,,,547.0,731.0
286594,,,558.0,686.0
286926,84.0,28.0,,
286936,51.0,19.0,,
286961,53.0,25.0,,
287021,33.0,26.0,,
287082,31.0,18.0,,
287099,,,333.0,442.0
287109,,,296.0,423.0
287134,,,236.0,362.0
287141,35.0,31.0,,
287194,,,301.0,401.0
287202,17.0,8.0,,
287254,,,288.0,393.0
287261,14.0,16.0,,
287314,,,226.0,293.0
287321,50.0,14.0,,
287375,,,282.0,351.0
287381,20.0,14.0,,
287434,,,294.0,335.0
287484,23.0,14.0,,
287495,,,305.0,304.0
287501,19.0,14.0,,
287554,,,603.0,733.0
287561,35.0,8.0,,
287615,,,611.0,734.0
287622,165.0,67.0,,
287674,,,612.0,731.0
287681,329.0,291.0,,
287734,,,569.0,693.0
287742,366.0,313.0,,
287794,,,451.0,674.0
287801,371.0,394.0,,
287854,,,373.0,591.0
287891,367.0,380.0,,
287915,,,382.0,570.0
287952,337.0,301.0,,
288004,,,312.0,514.0
288041,368.0,313.0,,
288064,,,212.0,315.0
288101,371.0,326.0,,
288125,,,176.0,282.0
288162,335.0,357.0,,
288184,,,212.0,350.0
288221,373.0,427.0,,
288245,,,274.0,299.0
288282,388.0,460.0,,
288304,,,248.0,262.0
288341,413.0,466.0,,
288365,,,255.0,440.0
288401,401.0,457.0,,
288424,,,349.0,477.0
288484,,,363.0,463.0
288492,437.0,523.0,,
288551,514.0,432.0,,
288575,,,293.0,380.0
288611,531.0,411.0,,
288634,,,20.0,363.0
288671,498.0,546.0,,
288695,,,245.0,346.0
288731,463.0,483.0,,
288785,,,393.0,580.0
288791,468.0,322.0,,
288851,657.0,220.0,,
288875,,,602.0,707.0
288912,577.0,465.0,,
288934,,,618.0,734.0
289001,353.0,380.0,,
289024,,,590.0,730.0
289061,268.0,299.0,,
289084,,,580.0,700.0
289122,156.0,178.0,,
289174,,,436.0,559.0
289211,46.0,28.0,,
289234,,,430.0,567.0
289272,81.0,38.0,,
289325,,,180.0,231.0
289332,42.0,20.0,,
289384,,,210.0,249.0
289391,46.0,34.0,,
289445,,,234.0,267.0
289452,45.0,14.0,,
289504,,,231.0,235.0
289511,52.0,14.0,,
289564,,,200.0,227.0
289572,47.0,13.0,,
289625,,,245.0,321.0
289631,40.0,11.0,,
289684,,,215.0,328.0
289691,29.0,10.0,,
289745,,,244.0,361.0
289804,,,276.0,332.0
289865,,,173.0,304.0
289924,,,253.0,315.0
290429,,,532.0,653.0
290439,,,500.0,627.0
290464,,,421.0,652.0
290466,451.0,498.0,,
290476,454.0,500.0,,
290501,459.0,505.0,,
290524,,,386.0,592.0
290561,472.0,513.0,,
290584,,,218.0,297.0
290644,,,169.0,290.0
290665,487.0,485.0,,
290681,481.0,488.0,,
290705,,,212.0,300.0
290742,478.0,445.0,,
290764,,,184.0,302.0
290825,,,192.0,273.0
290832,460.0,475.0,,
290884,,,293.0,414.0
290921,457.0,505.0,,
290974,,,249.0,355.0
291011,459.0,496.0,,
291035,,,258.0,346.0
291072,453.0,495.0,,
291125,,,230.0,289.0
291131,459.0,500.0,,
291184,,,272.0,327.0
291191,466.0,481.0,,
291245,,,229.0,298.0
291251,460.0,503.0,,
291304,,,282.0,334.0
291311,453.0,504.0,,
291372,428.0,495.0,,
291394,,,505.0,740.0
291431,357.0,358.0,,
291455,,,564.0,742.0
291492,332.0,399.0,,
291514,,,568.0,737.0
291551,208.0,148.0,,
291575,,,505.0,665.0
291612,39.0,14.0,,
291634,,,429.0,589.0
291671,50.0,16.0,,
291695,,,409.0,592.0
291731,70.0,47.0,,
291754,,,289.0,462.0
291791,67.0,25.0,,
291815,,,182.0,296.0
291851,28.0,10.0,,
291875,,,183.0,333.0
291912,49.0,17.0,,
291934,,,248.0,357.0
291971,42.0,20.0,,
291995,,,258.0,338.0
292054,,,233.0,262.0
292061,34.0,15.0,,
292115,,,259.0,414.0
292121,29.0,15.0,,
292181,27.0,16.0,,
292205,,,303.0,386.0
292242,16.0,16.0,,
292264,,,307.0,406.0
292301,22.0,12.0,,
292325,,,274.0,343.0
292362,266.0,197.0,,
292384,,,306.0,374.0
292445,,,257.0,341.0
292452,378.0,375.0,,
292511,458.0,335.0,,
292535,,,279.0,356.0
292572,509.0,423.0,,
292594,,,632.0,736.0
292631,482.0,475.0,,
292655,,,591.0,749.0
292692,454.0,469.0,,
292714,,,627.0,748.0
292751,250.0,224.0,,
292775,,,637.0,747.0
292811,211.0,229.0,,
292834,,,531.0,754.0
292872,108.0,115.0,,
292894,,,616.0,732.0
292931,28.0,20.0,,
292992,37.0,18.0,,
292998,,,557.0,692.0
293014,,,552.0,680.0
293051,40.0,15.0,,
293105,,,283.0,520.0
293141,36.0,18.0,,
293165,,,172.0,345.0
293202,37.0,21.0,,
293254,,,239.0,308.0
293261,21.0,10.0,,
293759,,,291.0,345.0
293766,546.0,525.0,,
293769,,,280.0,352.0
293776,462.0,414.0,,
293801,523.0,465.0,,
293825,,,336.0,369.0
293862,420.0,487.0,,
293884,,,612.0,715.0
293921,496.0,560.0,,
293945,,,519.0,740.0
293982,494.0,548.0,,
294004,,,611.0,725.0
294041,495.0,336.0,,
294065,,,584.0,735.0
294101,402.0,440.0,,
294125,,,535.0,738.0
294162,353.0,200.0,,
294184,,,548.0,719.0
294221,224.0,102.0,,
294275,,,471.0,661.0
294282,54.0,14.0,,
294334,,,388.0,564.0
294341,45.0,24.0,,
294395,,,189.0,317.0
294402,32.0,17.0,,
294455,,,199.0,313.0
294461,38.0,21.0,,
294514,,,191.0,300.0
294522,15.0,15.0,,
294574,,,234.0,295.0
294582,33.0,14.0,,
294634,,,162.0,239.0
294641,41.0,10.0,,
294695,,,212.0,350.0
294702,70.0,14.0,,
294754,,,210.0,329.0
294791,23.0,13.0,,
294815,,,225.0,339.0
294851,29.0,13.0,,
294875,,,206.0,330.0
294912,31.0,14.0,,
294934,,,261.0,287.0
294971,29.0,11.0,,
294995,,,267.0,328.0
295054,,,293.0,308.0
295075,437.0,458.0,,
295115,,,375.0,454.0
295122,433.0,503.0,,
295181,433.0,500.0,,
295205,,,579.0,715.0
295241,490.0,562.0,,
295264,,,589.0,718.0
295301,567.0,649.0,,
295355,,,532.0,720.0
295362,522.0,609.0,,
295415,,,513.0,709.0
295421,471.0,583.0,,
295474,,,564.0,684.0
295482,404.0,460.0,,
295535,,,521.0,647.0
295541,259.0,73.0,,
295594,,,405.0,572.0
295601,51.0,13.0,,
295655,,,163.0,322.0
295662,44.0,21.0,,
295714,,,213.0,346.0
295721,23.0,17.0,,
295775,,,239.0,286.0
295782,30.0,19.0,,
295834,,,255.0,275.0
295872,45.0,17.0,,
295895,,,224.0,296.0
295931,75.0,19.0,,
295955,,,314.0,407.0
295992,72.0,21.0,,
296014,,,312.0,373.0
296050,68.0,20.0,,
296105,,,267.0,358.0
296112,27.0,31.0,,
296165,,,256.0,265.0
296202,33.0,23.0,,
296224,,,312.0,362.0
296261,33.0,13.0,,
296285,,,337.0,330.0
296352,387.0,450.0,,
296375,,,500.0,602.0
296412,393.0,451.0,,
296435,,,616.0,736.0
296471,450.0,514.0,,
296495,,,620.0,735.0
296532,521.0,552.0,,
296554,,,628.0,739.0
297037,39.0,23.0,,
297047,38.0,23.0,,
297071,30.0,29.0,,
297162,19.0,14.0,,
297251,38.0,28.0,,
297269,,,264.0,364.0
297279,,,242.0,359.0
297304,,,244.0,297.0
297312,42.0,17.0,,
297365,,,328.0,406.0
297372,32.0,19.0,,
297424,,,303.0,377.0
297431,72.0,23.0,,
297485,,,286.0,323.0
297492,52.0,33.0,,
297551,32.0,23.0,,
297575,,,329.0,386.0
297612,409.0,461.0,,
297634,,,329.0,380.0
297695,,,630.0,732.0
297702,537.0,573.0,,
297754,,,599.0,720.0
297761,446.0,514.0,,
297815,,,606.0,727.0
297822,503.0,524.0,,
297875,,,612.0,728.0
297881,446.0,447.0,,
297935,,,585.0,723.0
297942,469.0,491.0,,
297995,,,522.0,710.0
298001,482.0,201.0,,
298054,,,528.0,666.0
298062,385.0,145.0,,
298115,,,447.0,630.0
298122,188.0,85.0,,
298174,,,139.0,226.0
298182,63.0,15.0,,
298235,,,168.0,318.0
298285,35.0,20.0,,
298294,,,176.0,325.0
298301,40.0,21.0,,
298355,,,277.0,324.0
298362,46.0,32.0,,
298415,,,237.0,278.0
298421,22.0,13.0,,
298475,,,211.0,309.0
298482,48.0,26.0,,
298535,,,188.0,349.0
298541,71.0,20.0,,
298594,,,270.0,345.0
298631,68.0,17.0,,
298655,,,265.0,345.0
298692,54.0,23.0,,
298714,,,253.0,313.0
298751,66.0,33.0,,
298775,,,278.0,331.0
298812,39.0,37.0,,
298834,,,299.0,358.0
298872,125.0,60.0,,
298895,,,300.0,325.0
298932,359.0,419.0,,
298955,,,570.0,680.0
298992,434.0,505.0,,
299015,,,614.0,730.0
299095,473.0,528.0,,
299105,,,587.0,733.0
299112,492.0,527.0,,
299165,,,583.0,723.0
299171,508.0,425.0,,
299225,,,545.0,681.0
299232,480.0,484.0,,
299285,,,429.0,604.0
299322,442.0,457.0,,
299344,,,260.0,458.0
299405,,,166.0,276.0
299412,413.0,320.0,,
299464,,,164.0,254.0
299501,100.0,31.0,,
299525,,,186.0,295.0
299562,31.0,13.0,,
299584,,,247.0,281.0
299622,33.0,20.0,,
299645,,,246.0,240.0
299682,48.0,29.0,,
299705,,,177.0,231.0
299742,29.0,24.0,,
299765,,,245.0,321.0
299825,,,236.0,280.0
299845,59.0,35.0,,
299862,57.0,32.0,,
299884,,,282.0,341.0
299945,,,231.0,321.0
300450,,,540.0,702.0
300460,,,534.0,694.0
300485,,,533.0,663.0
300544,,,464.0,607.0
300577,550.0,531.0,,
300587,548.0,545.0,,
300634,,,252.0,404.0
300642,525.0,500.0,,
300695,,,190.0,293.0
300702,483.0,448.0,,
300754,,,153.0,291.0
300762,393.0,289.0,,
300815,,,188.0,255.0
300822,239.0,69.0,,
300881,33.0,16.0,,
300905,,,240.0,259.0
300942,23.0,13.0,,
300964,,,227.0,315.0
301001,19.0,20.0,,
301025,,,219.0,319.0
301084,,,262.0,322.0
301105,44.0,37.0,,
301122,36.0,28.0,,
301145,,,279.0,334.0
301182,14.0,9.0,,
301205,,,243.0,308.0
301242,26.0,14.0,,
301265,,,280.0,374.0
301302,76.0,15.0,,
301325,,,302.0,397.0
301362,56.0,36.0,,
301385,,,285.0,306.0
301421,43.0,21.0,,
301445,,,555.0,647.0
301482,48.0,21.0,,
301504,,,635.0,739.0
301541,47.0,28.0,,
301565,,,620.0,738.0
301602,52.0,18.0,,
301625,,,626.0,742.0
301662,369.0,365.0,,
301685,,,529.0,742.0
301722,514.0,586.0,,
301745,,,521.0,710.0
301782,551.0,634.0,,
301805,,,498.0,645.0
301842,545.0,623.0,,
301865,,,468.0,631.0
301902,527.0,596.0,,
301924,,,436.0,609.0
301961,491.0,559.0,,
302028,,,205.0,339.0
302044,,,206.0,376.0
302052,489.0,394.0,,
302105,,,201.0,365.0
302112,405.0,473.0,,
302165,,,205.0,272.0
302171,259.0,182.0,,
302232,126.0,33.0,,
302254,,,189.0,256.0
302291,41.0,18.0,,
302315,,,358.0,439.0
302352,37.0,22.0,,
302375,,,318.0,356.0
302412,40.0,26.0,,
302464,,,310.0,336.0
302472,40.0,19.0,,
302525,,,273.0,322.0
302532,12.0,13.0,,
302592,49.0,26.0,,
302615,,,304.0,354.0
302652,60.0,26.0,,
302675,,,303.0,349.0
302711,77.0,26.0,,
302765,,,621.0,715.0
302772,44.0,26.0,,
302825,,,618.0,745.0
302832,59.0,29.0,,
302885,,,617.0,740.0
302892,82.0,32.0,,
302945,,,604.0,741.0
302952,79.0,34.0,,
303004,,,588.0,722.0
303012,462.0,298.0,,
303065,,,533.0,677.0
303072,406.0,391.0,,
303125,,,454.0,627.0
303132,431.0,483.0,,
303185,,,333.0,571.0
303222,419.0,474.0,,
303245,,,182.0,358.0
303282,463.0,458.0,,
303750,,,277.0,357.0
303760,,,260.0,344.0
303785,,,276.0,365.0
303787,67.0,52.0,,
303797,75.0,55.0,,
303822,48.0,26.0,,
303845,,,328.0,355.0
303882,39.0,12.0,,
303935,,,263.0,400.0
303942,48.0,19.0,,
303995,,,553.0,658.0
304001,62.0,17.0,,
304055,,,601.0,717.0
304062,36.0,18.0,,
304122,18.0,18.0,,
304158,,,503.0,734.0
304175,,,576.0,725.0
304182,28.0,18.0,,
304265,,,562.0,692.0
304272,28.0,20.0,,
304332,352.0,177.0,,
304355,,,460.0,631.0
304391,488.0,465.0,,
304415,,,276.0,511.0
304452,542.0,626.0,,
304475,,,181.0,272.0
304512,486.0,563.0,,
304535,,,177.0,276.0
304572,459.0,490.0,,
304595,,,186.0,324.0
304632,367.0,497.0,,
304655,,,172.0,286.0
304715,,,238.0,230.0
304722,343.0,257.0,,
304775,,,228.0,214.0
304782,187.0,74.0,,
304834,,,267.0,356.0
304842,80.0,24.0,,
304902,27.0,18.0,,
304925,,,281.0,367.0
304962,28.0,22.0,,
304985,,,258.0,356.0
305022,34.0,22.0,,
305044,,,274.0,361.0
305082,32.0,27.0,,
305105,,,307.0,368.0
305142,16.0,10.0,,
305195,,,268.0,308.0
305202,42.0,13.0,,
305255,,,630.0,733.0
305262,36.0,13.0,,
305315,,,593.0,717.0
305322,42.0,13.0,,
305375,,,592.0,724.0
305382,19.0,14.0,,
305435,,,555.0,719.0
305442,23.0,12.0,,
305495,,,551.0,682.0
305502,25.0,11.0,,
305555,,,487.0,641.0
305562,24.0,13.0,,
305615,,,366.0,561.0
305622,224.0,137.0,,
305705,,,201.0,266.0
305712,411.0,445.0,,
305765,,,184.0,316.0
305802,512.0,564.0,,
305825,,,211.0,324.0
305862,450.0,474.0,,
305885,,,219.0,292.0
305922,442.0,326.0,,
305945,,,234.0,265.0
305982,420.0,183.0,,
306005,,,268.0,326.0
306042,283.0,69.0,,
306065,,,275.0,354.0
306125,,,273.0,325.0
306132,66.0,22.0,,
306185,,,278.0,337.0
306192,43.0,15.0,,
306245,,,233.0,305.0
306252,28.0,14.0,,
306305,,,284.0,353.0
306312,28.0,25.0,,
306365,,,265.0,326.0
306372,33.0,17.0,,
306425,,,236.0,256.0
306432,31.0,18.0,,
306485,,,623.0,719.0
306492,25.0,13.0,,
306545,,,606.0,721.0
306552,13.0,9.0,,
307056,588.0,463.0,,
307066,586.0,472.0,,
307092,575.0,642.0,,
307152,562.0,642.0,,
307242,416.0,385.0,,
307290,,,344.0,417.0
307300,,,320.0,433.0
307302,397.0,319.0,,
307325,,,269.0,328.0
307362,488.0,426.0,,
307385,,,264.0,370.0
307422,278.0,253.0,,
307445,,,207.0,297.0
307482,182.0,37.0,,
307505,,,243.0,354.0
307542,38.0,13.0,,
307565,,,321.0,377.0
307602,58.0,19.0,,
307625,,,307.0,361.0
307662,41.0,22.0,,
307685,,,272.0,277.0
307722,61.0,21.0,,
307745,,,620.0,713.0
307782,83.0,17.0,,
307804,,,596.0,714.0
307842,51.0,15.0,,
307865,,,597.0,715.0
307902,64.0,17.0,,
307925,,,582.0,732.0
307962,51.0,17.0,,
307985,,,572.0,709.0
308022,21.0,16.0,,
308045,,,474.0,639.0
308083,33.0,16.0,,
308105,,,405.0,625.0
308165,,,427.0,563.0
308172,52.0,11.0,,
308225,,,252.0,428.0
308232,438.0,453.0,,
308285,,,204.0,349.0
308292,504.0,410.0,,
308345,,,218.0,323.0
308352,453.0,520.0,,
308405,,,255.0,296.0
308413,489.0,559.0,,
308465,,,252.0,270.0
308472,461.0,442.0,,
308525,,,236.0,258.0
308532,420.0,365.0,,
308585,,,305.0,401.0
308591,447.0,377.0,,
308645,,,331.0,396.0
308682,272.0,93.0,,
308705,,,341.0,418.0
308742,116.0,32.0,,
308765,,,314.0,354.0
308802,63.0,22.0,,
308825,,,343.0,384.0
308862,36.0,21.0,,
308885,,,346.0,410.0
308945,,,328.0,411.0
308952,38.0,23.0,,
309005,,,468.0,566.0
309012,11.0,9.0,,
309065,,,630.0,736.0
309072,24.0,12.0,,
309125,,,610.0,727.0
309132,27.0,11.0,,
309185,,,619.0,734.0
309192,89.0,19.0,,
309245,,,601.0,724.0
309252,18.0,14.0,,
309305,,,564.0,697.0
309312,24.0,13.0,,
309365,,,522.0,662.0
309402,76.0,11.0,,
309425,,,457.0,639.0
309462,370.0,401.0,,
309485,,,265.0,520.0
309522,514.0,510.0,,
309545,,,175.0,265.0
309583,384.0,429.0,,
309605,,,179.0,304.0
309642,361.0,395.0,,
309666,,,234.0,301.0
309703,425.0,379.0,,
309725,,,254.0,273.0
309762,368.0,163.0,,
309785,,,186.0,254.0
309822,184.0,60.0,,
309845,,,316.0,425.0
309904,,,266.0,351.0
310327,27.0,10.0,,
310337,29.0,9.0,,
310362,40.0,10.0,,
310410,,,520.0,760.0
310420,,,546.0,757.0
310422,37.0,17.0,,
310445,,,505.0,741.0
310482,24.0,13.0,,
310505,,,555.0,694.0
310542,26.0,12.0,,
310565,,,498.0,657.0
310602,39.0,11.0,,
310625,,,354.0,617.0
310663,483.0,413.0,,
310685,,,284.0,509.0
310722,431.0,460.0,,
310746,,,183.0,341.0
310782,463.0,538.0,,
310842,448.0,501.0,,
310848,,,186.0,297.0
310865,,,181.0,285.0
310902,480.0,492.0,,
310924,,,258.0,252.0
310962,483.0,527.0,,
310985,,,250.0,250.0
311022,446.0,493.0,,
311045,,,232.0,292.0
311105,,,278.0,370.0
311125,438.0,406.0,,
311142,434.0,279.0,,
311166,,,247.0,323.0
311203,317.0,151.0,,
311225,,,225.0,345.0
311262,46.0,15.0,,
311285,,,255.0,340.0
311322,59.0,19.0,,
311345,,,295.0,363.0
311382,34.0,21.0,,
311405,,,322.0,380.0
311442,53.0,28.0,,
311465,,,323.0,371.0
311502,51.0,17.0,,
311525,,,623.0,728.0
311562,21.0,10.0,,
311585,,,604.0,719.0
311623,22.0,11.0,,
311645,,,609.0,725.0
311682,29.0,9.0,,
311706,,,612.0,729.0
311743,20.0,12.0,,
311765,,,593.0,720.0
311802,24.0,13.0,,
311825,,,562.0,691.0
311862,27.0,13.0,,
311885,,,449.0,626.0
311922,31.0,13.0,,
311945,,,193.0,345.0
311982,292.0,148.0,,
312005,,,211.0,321.0
312042,461.0,458.0,,
312065,,,213.0,329.0
312102,435.0,480.0,,
312125,,,254.0,320.0
312185,,,292.0,286.0
312192,475.0,442.0,,
312246,,,198.0,216.0
312252,420.0,464.0,,
312305,,,263.0,334.0
312312,484.0,468.0,,
312365,,,273.0,328.0
312373,457.0,351.0,,
312425,,,308.0,382.0
312432,429.0,409.0,,
312485,,,208.0,406.0
312493,441.0,237.0,,
312545,,,297.0,322.0
312552,303.0,105.0,,
312605,,,305.0,348.0
312612,54.0,17.0,,
312666,,,286.0,337.0
312672,22.0,11.0,,
312725,,,347.0,404.0
312732,32.0,23.0,,
312792,67.0,29.0,,
312815,,,639.0,745.0
312852,11.0,9.0,,
312875,,,627.0,745.0
312913,38.0,12.0,,
312935,,,629.0,745.0
312972,31.0,10.0,,
312996,,,497.0,759.0
313055,,,599.0,733.0
313560,,,205.0,258.0
313570,,,207.0,294.0
313595,,,343.0,462.0
313655,,,288.0,357.0
313715,,,226.0,314.0
313775,,,224.0,410.0
313835,,,273.0,382.0
313895,,,257.0,324.0
313956,,,263.0,327.0
314015,,,264.0,315.0
314076,,,586.0,680.0
314107,24.0,11.0,,
314117,34.0,13.0,,
314135,,,574.0,689.0
314142,48.0,27.0,,
314195,,,585.0,695.0
314203,49.0,24.0,,
314255,,,486.0,716.0
314292,9.0,12.0,,
314315,,,553.0,705.0
314352,34.0,14.0,,
314375,,,554.0,672.0
314413,41.0,15.0,,
314435,,,477.0,648.0
314496,,,398.0,591.0
314502,43.0,14.0,,
314555,,,202.0,271.0
314562,19.0,16.0,,
314616,,,187.0,270.0
314623,20.0,14.0,,
314675,,,202.0,288.0
314682,21.0,15.0,,
314735,,,275.0,302.0
314743,41.0,15.0,,
314795,,,196.0,241.0
314802,441.0,465.0,,
314855,,,325.0,474.0
314863,484.0,406.0,,
314916,,,273.0,375.0
314922,592.0,476.0,,
314975,,,325.0,426.0
314982,578.0,662.0,,
315042,580.0,521.0,,
315065,,,282.0,353.0
315102,548.0,445.0,,
315156,,,344.0,418.0
315163,495.0,506.0,,
315215,,,301.0,367.0
315222,477.0,434.0,,
315275,,,545.0,697.0
315283,369.0,208.0,,
315335,,,614.0,726.0
315342,307.0,73.0,,
315395,,,597.0,713.0
315403,38.0,20.0,,
315456,,,572.0,718.0
315462,41.0,18.0,,
315515,,,564.0,687.0
315522,94.0,36.0,,
315576,,,440.0,585.0
315583,30.0,17.0,,
315635,,,272.0,411.0
315642,52.0,12.0,,
315696,,,196.0,252.0
315703,68.0,15.0,,
315755,,,109.0,133.0
315762,49.0,14.0,,
315815,,,200.0,282.0
315823,31.0,14.0,,
315875,,,170.0,243.0
315882,23.0,15.0,,
315935,,,140.0,279.0
315943,22.0,17.0,,
315996,,,168.0,183.0
316002,24.0,15.0,,
316055,,,237.0,318.0
316062,262.0,162.0,,
316116,,,231.0,314.0
316123,422.0,433.0,,
316175,,,273.0,373.0
316182,407.0,373.0,,
316243,450.0,323.0,,
316265,,,302.0,419.0
316302,473.0,359.0,,
316363,434.0,386.0,,
316422,404.0,333.0,,
316483,377.0,329.0,,
316542,375.0,305.0,,
316602,265.0,216.0,,
316663,123.0,99.0,,
316722,27.0,15.0,,
316770,,,606.0,738.0
316780,,,599.0,729.0
316805,,,587.0,721.0
316866,,,556.0,688.0
316925,,,514.0,655.0
317015,,,219.0,342.0
317076,,,122.0,263.0
317135,,,192.0,326.0
317196,,,252.0,322.0
317255,,,189.0,295.0
317315,,,303.0,451.0
317375,,,267.0,383.0
317434,,,295.0,396.0
317496,,,284.0,401.0
317555,,,278.0,388.0
317616,,,296.0,433.0
317675,,,300.0,383.0
317736,,,444.0,537.0
317795,,,476.0,711.0
317855,,,599.0,731.0
317916,,,585.0,726.0
318005,,,356.0,666.0
318065,,,300.0,558.0
318156,,,215.0,397.0
318215,,,129.0,221.0
318276,,,150.0,264.0
318335,,,111.0,172.0
318395,,,115.0,135.0
318486,,,183.0,222.0
318545,,,186.0,229.0
318605,,,222.0,255.0
318696,,,201.0,295.0
318786,,,204.0,250.0
318845,,,202.0,255.0
318936,,,222.0,292.0
318996,,,215.0,302.0
319055,,,197.0,271.0
319116,,,195.0,214.0
319175,,,162.0,197.0
319236,,,151.0,192.0
319295,,,168.0,231.0
319355,,,176.0,249.0
319416,,,143.0,181.0
319475,,,196.0,345.0
319536,,,244.0,345.0
319595,,,224.0,347.0
320340,,,610.0,728.0
320350,,,607.0,728.0
320375,,,612.0,729.0
320435,,,596.0,725.0
320496,,,581.0,719.0
320554,,,583.0,709.0
320616,,,569.0,695.0
320675,,,493.0,619.0
320736,,,242.0,383.0
320795,,,205.0,227.0
320856,,,212.0,210.0
320916,,,209.0,231.0
320975,,,235.0,266.0
321036,,,220.0,249.0
321095,,,233.0,295.0
321156,,,220.0,281.0
321215,,,230.0,345.0
321276,,,224.0,333.0
321335,,,223.0,270.0
321396,,,255.0,319.0
321456,,,275.0,431.0
321515,,,285.0,458.0
321575,,,238.0,370.0
321635,,,252.0,340.0
321696,,,241.0,305.0
321786,,,227.0,274.0
321845,,,235.0,302.0
321906,,,247.0,316.0
321965,,,251.0,336.0
322026,,,255.0,353.0
322085,,,252.0,343.0
322146,,,242.0,314.0
322206,,,262.0,328.0
322265,,,449.0,579.0
322326,,,590.0,715.0
322385,,,557.0,697.0
322446,,,429.0,687.0
322505,,,537.0,684.0
322566,,,558.0,690.0
322625,,,481.0,673.0
322686,,,449.0,631.0
322746,,,470.0,631.0
322805,,,480.0,621.0
322866,,,402.0,557.0
322925,,,428.0,564.0
322986,,,182.0,304.0
323490,,,243.0,343.0
323500,,,234.0,348.0
323526,,,205.0,330.0
323585,,,227.0,365.0
323646,,,210.0,335.0
323706,,,199.0,348.0
323765,,,503.0,613.0
323826,,,630.0,739.0
323885,,,600.0,737.0
323946,,,562.0,744.0
324005,,,593.0,729.0
324066,,,473.0,714.0
324125,,,499.0,675.0
324186,,,256.0,597.0
324246,,,190.0,369.0
324305,,,146.0,285.0
324366,,,184.0,327.0
324425,,,151.0,278.0
324516,,,246.0,273.0
324576,,,121.0,191.0
324666,,,170.0,201.0
324726,,,249.0,330.0
324786,,,223.0,310.0
324845,,,213.0,292.0
324906,,,235.0,345.0
324966,,,291.0,391.0
325026,,,257.0,343.0
325085,,,557.0,688.0
325146,,,605.0,730.0
325206,,,590.0,724.0
325266,,,594.0,729.0
325326,,,569.0,701.0
325385,,,526.0,672.0
325446,,,474.0,646.0
325505,,,360.0,568.0
325566,,,281.0,494.0
325656,,,195.0,227.0
325715,,,208.0,313.0
325776,,,213.0,344.0
325835,,,256.0,309.0
325896,,,205.0,356.0
325956,,,259.0,356.0
326016,,,250.0,374.0
326076,,,243.0,371.0
326135,,,229.0,333.0
326196,,,241.0,325.0
326701,,,526.0,679.0
326711,,,525.0,683.0
326736,,,493.0,652.0
326795,,,466.0,643.0
326899,,,234.0,370.0
326916,,,191.0,265.0
326976,,,164.0,213.0
327036,,,187.0,281.0
327096,,,202.0,305.0
327156,,,205.0,279.0
327215,,,314.0,433.0
327276,,,264.0,383.0
327335,,,318.0,411.0
327425,,,252.0,351.0
327486,,,297.0,354.0
327545,,,330.0,405.0
327636,,,226.0,299.0
327696,,,602.0,689.0
327755,,,588.0,701.0
327815,,,607.0,728.0
327875,,,576.0,721.0
327965,,,528.0,684.0
328026,,,504.0,669.0
328085,,,435.0,614.0
328146,,,316.0,446.0
328206,,,171.0,204.0
328266,,,169.0,305.0
328326,,,199.0,301.0
328386,,,237.0,270.0
328446,,,194.0,238.0
328505,,,376.0,461.0
328566,,,235.0,321.0
328625,,,271.0,347.0
328686,,,276.0,344.0
328746,,,265.0,362.0
328806,,,268.0,355.0
328866,,,323.0,400.0
328926,,,261.0,311.0
328986,,,620.0,728.0
329045,,,586.0,714.0
329136,,,580.0,740.0
329196,,,541.0,724.0
329255,,,488.0,677.0
329316,,,434.0,645.0
329406,,,337.0,502.0
329466,,,205.0,332.0
330210,,,219.0,391.0
330220,,,156.0,436.0
330246,,,285.0,395.0
330306,,,584.0,688.0
330366,,,591.0,711.0
330426,,,514.0,725.0
330486,,,606.0,727.0
330545,,,498.0,738.0
330606,,,513.0,720.0
330666,,,565.0,692.0
330726,,,511.0,676.0
330786,,,490.0,641.0
330846,,,297.0,545.0
330906,,,222.0,281.0
330966,,,229.0,364.0
331026,,,175.0,240.0
331085,,,144.0,219.0
331146,,,138.0,162.0
331206,,,356.0,505.0
331266,,,189.0,244.0
331326,,,277.0,359.0
331386,,,278.0,350.0
331475,,,232.0,292.0
331536,,,251.0,316.0
331596,,,158.0,353.0
331656,,,208.0,260.0
331716,,,617.0,724.0
331776,,,598.0,721.0
331835,,,517.0,744.0
331896,,,620.0,757.0
331956,,,619.0,762.0
332016,,,598.0,748.0
332106,,,539.0,668.0
332166,,,505.0,648.0
332226,,,383.0,618.0
332286,,,159.0,245.0
332346,,,114.0,186.0
332406,,,206.0,309.0
332466,,,154.0,239.0
332526,,,37.0,241.0
332586,,,356.0,465.0
332646,,,242.0,372.0
332706,,,263.0,386.0
332766,,,221.0,317.0
332826,,,232.0,331.0
332886,,,282.0,368.0
333390,,,534.0,690.0
333400,,,522.0,682.0
333426,,,464.0,617.0
333486,,,395.0,548.0
333546,,,263.0,388.0
333606,,,215.0,228.0
333666,,,231.0,273.0
333726,,,237.0,309.0
333786,,,265.0,248.0
333846,,,201.0,279.0
333906,,,339.0,439.0
333966,,,223.0,332.0
334026,,,225.0,281.0
334086,,,271.0,349.0
334146,,,242.0,305.0
334206,,,223.0,328.0
334266,,,259.0,348.0
334326,,,244.0,322.0
334386,,,533.0,653.0
334446,,,620.0,725.0
334506,,,619.0,742.0
334595,,,577.0,760.0
334656,,,574.0,715.0
334716,,,535.0,715.0
334776,,,478.0,649.0
334836,,,309.0,537.0
334896,,,123.0,311.0
334956,,,133.0,251.0
335016,,,205.0,300.0
335076,,,225.0,259.0
335136,,,275.0,305.0
335196,,,134.0,190.0
335256,,,268.0,376.0
335316,,,204.0,266.0
335376,,,253.0,297.0
335436,,,238.0,297.0
335496,,,278.0,310.0
335556,,,287.0,342.0
335616,,,268.0,324.0
335676,,,375.0,476.0
335736,,,606.0,726.0
335796,,,586.0,716.0
335856,,,597.0,720.0
335916,,,537.0,717.0
335976,,,513.0,646.0
336036,,,424.0,581.0
336541,,,269.0,429.0
336551,,,255.0,399.0
336606,,,224.0,344.0
336666,,,248.0,338.0
336726,,,246.0,316.0
336786,,,261.0,313.0
336846,,,295.0,352.0
336906,,,278.0,328.0
336966,,,193.0,239.0
337026,,,598.0,703.0
337086,,,592.0,718.0
337146,,,582.0,716.0
337207,,,529.0,659.0
337266,,,486.0,619.0
337326,,,341.0,527.0
337386,,,253.0,396.0
337446,,,173.0,256.0
337506,,,168.0,200.0
337566,,,155.0,211.0
337626,,,148.0,250.0
337686,,,178.0,293.0
337747,,,168.0,268.0
337806,,,264.0,424.0
337866,,,231.0,401.0
337926,,,291.0,419.0
337986,,,266.0,366.0
338046,,,222.0,360.0
338106,,,262.0,399.0
338166,,,299.0,435.0
338226,,,291.0,397.0
338287,,,524.0,634.0
338346,,,595.0,707.0
338406,,,593.0,722.0
338466,,,605.0,729.0
338525,,,527.0,646.0
338586,,,495.0,628.0
338646,,,437.0,641.0
338707,,,278.0,534.0
338766,,,148.0,322.0
338827,,,148.0,296.0
338886,,,186.0,340.0
338946,,,187.0,236.0
339006,,,224.0,241.0
339066,,,162.0,232.0
339126,,,423.0,505.0
339186,,,171.0,255.0
339691,,,611.0,730.0
339701,,,607.0,728.0
339726,,,611.0,731.0
339787,,,594.0,721.0
339846,,,555.0,693.0
339907,,,497.0,636.0
339966,,,406.0,547.0
340026,,,212.0,350.0
340085,,,176.0,263.0
340146,,,217.0,293.0
340207,,,248.0,278.0
340266,,,217.0,232.0
340327,,,245.0,364.0
340386,,,274.0,368.0
340446,,,308.0,371.0
340537,,,281.0,344.0
340596,,,261.0,341.0
340657,,,301.0,379.0
340716,,,373.0,438.0
340776,,,562.0,719.0
340836,,,493.0,730.0
340896,,,582.0,706.0
340957,,,525.0,701.0
341016,,,465.0,616.0
341077,,,375.0,532.0
341136,,,363.0,505.0
341197,,,337.0,433.0
341287,,,144.0,177.0
341346,,,187.0,290.0
341407,,,205.0,287.0
341466,,,247.0,258.0
341526,,,202.0,278.0
341586,,,356.0,446.0
341646,,,299.0,394.0
341707,,,245.0,324.0
341766,,,218.0,295.0
341827,,,276.0,371.0
341886,,,291.0,370.0
341947,,,248.0,313.0
342006,,,383.0,460.0
342066,,,605.0,711.0
342126,,,598.0,723.0
342186,,,599.0,746.0
342247,,,584.0,748.0
342306,,,555.0,707.0
342367,,,528.0,676.0
343500,,,530.0,740.0
343510,,,589.0,725.0
343537,,,594.0,728.0
343596,,,603.0,748.0
343657,,,567.0,709.0
343716,,,505.0,656.0
343777,,,502.0,666.0
343836,,,455.0,600.0
343926,,,372.0,497.0
343987,,,263.0,432.0
344046,,,196.0,254.0
344106,,,171.0,260.0
344166,,,207.0,280.0
344226,,,209.0,291.0
344287,,,172.0,296.0
344346,,,381.0,507.0
344407,,,300.0,386.0
344466,,,306.0,372.0
344527,,,294.0,365.0
344586,,,292.0,366.0
344646,,,319.0,389.0
344707,,,326.0,401.0
344766,,,226.0,274.0
344827,,,604.0,695.0
344886,,,575.0,734.0
344947,,,485.0,748.0
345006,,,610.0,734.0
345067,,,600.0,725.0
345126,,,575.0,713.0
345186,,,548.0,698.0
345247,,,515.0,667.0
345306,,,421.0,582.0
345367,,,201.0,344.0
345426,,,231.0,303.0
345487,,,196.0,282.0
345546,,,195.0,207.0
345607,,,211.0,244.0
345666,,,236.0,396.0
345726,,,229.0,351.0
345787,,,242.0,318.0
345846,,,226.0,303.0
345907,,,220.0,290.0
345966,,,294.0,371.0
346027,,,303.0,377.0
346086,,,280.0,341.0
