0, 16767.510208 0. 549 427 712 195;
1, 16775.510208 5. 549 427 466 165;
2, 16858.510208 90. 573 446 466 165;
3, 16866.510208 100. 573 446 501 185;
4, 16917.510208 150. 608 473 501 185;
5, 16925.510208 155. 608 473 520 213;
6, 17008.510208 240. 628 483 520 213;
7, 17016.510208 245. 628 483 500 189;
8, 17068.510208 300. 628 464 500 189;
9, 17076.510208 305. 628 464 483 206;
10, 17127.510208 360. 619 418 483 206;
11, 17135.510208 365. 619 418 455 198;
12, 17190.510208 420. 489 297 455 198;
13, 17195.510208 425. 489 297 501 197;
14, 17249.510208 480. 575 197 501 197;
15, 17257.510208 490. 575 197 699 517;
16, 17309.510208 540. 554 143 699 517;
17, 17315.510208 545. 554 143 762 623;
18, 17369.510208 600. 294 109 762 623;
19, 17376.510208 610. 294 109 788 593;
20, 17428.510208 660. 207 184 788 593;
21, 17466.510208 700. 207 184 794 642;
22, 17486.510208 720. 256 209 794 642;
23, 17525.510208 755. 256 209 816 646;
24, 17548.510208 780. 268 222 816 646;
25, 17586.510208 820. 268 222 833 655;
26, 17609.510208 840. 265 209 833 655;
27, 17668.510208 900. 260 208 833 655;
28, 17676.510208 910. 260 208 830 630;
29, 17730.510208 960. 277 202 830 630;
30, 17737.510208 970. 277 202 826 570;
31, 17788.510208 1020. 257 215 826 570;
32, 17796.510208 1030. 257 215 796 366;
33, 17847.510208 1080. 280 229 796 366;
34, 17855.510208 1085. 280 229 773 241;
35, 17939.510208 1170. 433 348 773 241;
36, 17945.510208 1175. 433 348 746 260;
37, 17997.510208 1230. 541 426 746 260;
38, 18006.510208 1240. 541 426 680 214;
39, 18058.510208 1290. 576 452 680 214;
40, 18066.510208 1295. 576 452 606 237;
41, 18118.510208 1350. 601 469 606 237;
42, 18125.510208 1355. 601 469 607 225;
43, 18179.510208 1410. 606 470 607 225;
44, 18187.510208 1420. 606 470 594 242;
45, 18241.510208 1475. 605 462 594 242;
46, 18247.510208 1480. 605 462 569 229;
47, 18298.510208 1530. 607 433 569 229;
48, 18336.510208 1570. 607 433 534 254;
49, 18357.510208 1590. 608 388 534 254;
50, 18396.510208 1630. 608 388 520 210;
51, 18418.510208 1650. 548 308 520 210;
52, 18455.510208 1685. 548 308 601 202;
53, 18478.510208 1710. 502 179 601 202;
54, 18516.510208 1750. 502 179 667 486;
55, 18538.510208 1770. 598 149 667 486;
56, 18576.510208 1810. 598 149 755 580;
57, 18598.510208 1830. 412 114 755 580;
58, 18636.510208 1865. 412 114 775 613;
59, 18659.510208 1890. 244 116 775 613;
60, 18697.510208 1930. 244 116 822 647;
61, 18719.510208 1950. 224 194 822 647;
62, 18756.510208 1990. 224 194 834 662;
63, 18778.510208 2010. 239 200 834 662;
64, 18816.510208 2050. 239 200 833 652;
65, 18840.510208 2070. 257 212 833 652;
66, 18876.510208 2110. 257 212 830 632;
67, 18897.510208 2130. 258 204 830 632;
68, 18965.510208 2195. 258 204 830 576;
69, 18988.510208 2220. 249 205 830 576;
70, 19026.510208 2260. 249 205 824 498;
71, 19048.510208 2280. 281 181 824 498;
72, 19086.510208 2320. 281 181 801 302;
73, 19111.510208 2345. 209 194 801 302;
74, 19146.510208 2380. 209 194 767 260;
75, 19168.510208 2400. 379 308 767 260;
76, 19205.510208 2435. 379 308 759 249;
77, 19259.510208 2490. 491 382 759 249;
78, 19266.510208 2500. 491 382 708 224;
79, 19318.510208 2550. 540 419 708 224;
80, 19326.510208 2560. 540 419 571 204;
81, 19379.510208 2610. 565 439 571 204;
82, 19385.510208 2615. 565 439 587 229;
83, 19437.510208 2670. 578 446 587 229;
84, 19445.510208 2675. 578 446 568 253;
85, 19498.510208 2730. 593 457 568 253;
86, 19506.510208 2740. 593 457 554 267;
87, 19558.510208 2790. 610 467 554 267;
88, 19566.510208 2800. 610 467 543 237;
89, 19618.510208 2850. 620 458 543 237;
90, 19626.510208 2860. 620 458 538 223;
91, 19680.510208 2910. 614 419 538 223;
92, 19687.510208 2920. 614 419 571 208;
93, 19738.510208 2970. 528 290 571 208;
94, 19745.510208 2975. 528 290 641 215;
95, 19799.510208 3030. 593 167 641 215;
96, 19806.510208 3040. 593 167 694 516;
97, 19858.510208 3090. 512 137 694 516;
98, 19865.510208 3095. 512 137 762 580;
99, 19918.510208 3150. 317 108 762 580;
100, 19924.510208 3155. 317 108 782 561;
101, 20008.510208 3240. 215 186 782 561;
102, 20016.510208 3250. 215 186 821 591;
103, 20069.510208 3300. 259 196 821 591;
104, 20075.510208 3305. 259 196 832 660;
105, 20128.510208 3360. 277 212 832 660;
106, 20136.510208 3370. 277 212 831 649;
107, 20188.510208 3420. 271 213 831 649;
108, 20195.510208 3425. 271 213 834 605;
109, 20248.510208 3480. 262 200 834 605;
110, 20256.510208 3490. 262 200 827 442;
111, 20308.510208 3540. 268 197 827 442;
112, 20316.510208 3550. 268 197 824 337;
113, 20368.510208 3600. 272 205 824 337;
114, 20375.510208 3605. 272 205 779 250;
115, 20428.510208 3660. 394 311 779 250;
116, 20436.510208 3670. 394 311 757 247;
117, 20488.510208 3720. 508 394 757 247;
118, 20495.510208 3725. 508 394 751 248;
119, 20548.510208 3780. 542 423 751 248;
120, 20556.510208 3785. 542 423 655 213;
121, 20608.510208 3840. 567 443 655 213;
122, 20615.510208 3845. 567 443 578 233;
123, 20667.510208 3900. 580 452 578 233;
124, 20676.510208 3910. 580 452 588 234;
125, 20729.510208 3960. 601 470 588 234;
126, 20737.510208 3970. 601 470 575 259;
127, 20790.510208 4020. 622 482 575 259;
128, 20796.510208 4030. 622 482 562 239;
129, 20848.510208 4080. 624 478 562 239;
130, 20856.510208 4090. 624 478 540 234;
131, 20916.510208 4145. 624 478 523 183;
132, 20938.510208 4170. 622 463 523 183;
133, 20975.510208 4205. 622 463 564 211;
134, 20998.510208 4230. 617 387 564 211;
135, 21036.510208 4270. 617 387 597 202;
136, 21088.510208 4320. 622 236 597 202;
137, 21095.510208 4325. 622 236 721 539;
138, 21148.510208 4380. 540 132 721 539;
139, 21156.510208 4390. 540 132 766 583;
140, 21208.510208 4440. 298 99 766 583;
141, 21215.510208 4445. 298 99 785 534;
142, 21268.510208 4500. 229 181 785 534;
143, 21276.510208 4510. 229 181 816 544;
144, 21335.510208 4565. 229 181 824 688;
145, 21359.510208 4590. 250 213 824 688;
146, 21396.510208 4630. 250 213 832 662;
147, 21449.510208 4680. 264 214 832 662;
148, 21457.510208 4690. 264 214 834 642;
149, 21508.510208 4740. 250 208 834 642;
150, 21515.510208 4745. 250 208 841 531;
151, 21569.510208 4800. 237 198 841 531;
152, 21576.510208 4810. 237 198 830 370;
153, 21628.510208 4860. 179 212 830 370;
154, 21635.510208 4865. 179 212 821 308;
155, 21695.510208 4925. 179 212 774 245;
156, 21718.510208 4950. 331 282 774 245;
157, 21788.510208 5020. 331 282 754 247;
158, 21810.510208 5040. 459 364 754 247;
159, 21846.510208 5080. 459 364 748 254;
160, 21870.510208 5100. 539 419 748 254;
161, 21906.510208 5140. 539 419 602 257;
162, 21929.510208 5160. 586 455 602 257;
163, 21967.510208 5200. 586 455 609 200;
164, 21988.510208 5220. 611 478 609 200;
165, 22025.510208 5255. 611 478 590 213;
166, 22048.510208 5280. 626 487 590 213;
167, 22086.510208 5320. 626 487 556 246;
168, 22138.510208 5370. 628 485 556 246;
169, 22146.510208 5380. 628 485 542 242;
170, 22198.510208 5430. 623 462 542 242;
171, 22258.510208 5490. 616 389 542 242;
172, 22296.510208 5530. 616 389 533 207;
173, 22318.510208 5550. 613 289 533 207;
174, 22357.510208 5590. 613 289 769 437;
175, 22379.510208 5610. 579 181 769 437;
176, 22417.510208 5650. 579 181 768 545;
177, 22440.510208 5670. 444 138 768 545;
178, 22477.510208 5710. 444 138 791 645;
179, 22498.510208 5730. 222 97 791 645;
180, 22535.510208 5765. 222 97 812 639;
181, 22558.510208 5790. 229 191 812 639;
182, 22595.510208 5825. 229 191 828 661;
183, 22618.510208 5850. 247 212 828 661;
184, 22655.510208 5885. 247 212 833 678;
185, 22678.510208 5910. 244 207 833 678;
186, 22715.510208 5945. 244 207 835 674;
187, 22738.510208 5970. 256 218 835 674;
188, 22798.510208 6030. 257 194 835 674;
189, 22806.510208 6040. 257 194 838 655;
190, 22859.510208 6090. 258 192 838 655;
191, 22866.510208 6100. 258 192 838 583;
192, 22918.510208 6150. 196 206 838 583;
193, 22957.510208 6190. 196 206 831 224;
194, 22979.510208 6210. 381 300 831 224;
195, 23017.510208 6250. 381 300 766 262;
196, 23039.510208 6270. 465 367 766 262;
197, 23098.510208 6330. 519 404 766 262;
198, 23105.510208 6335. 519 404 743 261;
199, 23166.510208 6400. 519 404 516 289;
200, 23187.510208 6420. 559 434 516 289;
201, 23226.510208 6455. 559 434 533 242;
202, 23248.510208 6480. 583 456 533 242;
203, 23285.510208 6515. 583 456 557 247;
204, 23308.510208 6540. 589 457 557 247;
205, 23347.510208 6580. 589 457 528 264;
206, 23407.510208 6640. 589 457 511 253;
207, 23428.510208 6660. 598 459 511 253;
208, 23460.510208 6690. 617 465 511 253;
209, 23495.510208 6725. 617 465 488 162;
210, 23517.510208 6750. 622 413 488 162;
211, 23557.510208 6790. 622 413 498 210;
212, 23578.510208 6810. 599 271 498 210;
213, 23616.510208 6850. 599 271 680 473;
214, 23668.510208 6900. 620 147 680 473;
215, 23674.510208 6905. 620 147 764 579;
216, 23728.510208 6960. 330 114 764 579;
217, 23736.510208 6970. 330 114 778 636;
218, 23788.510208 7020. 217 190 778 636;
219, 23795.510208 7025. 217 190 799 661;
220, 23848.510208 7080. 261 214 799 661;
221, 23857.510208 7090. 261 214 822 676;
222, 23910.510208 7140. 267 223 822 676;
223, 23917.510208 7150. 267 223 826 678;
224, 23969.510208 7200. 266 225 826 678;
225, 23976.510208 7210. 266 225 835 686;
226, 24028.510208 7260. 267 212 835 686;
227, 24036.510208 7270. 267 212 839 688;
228, 24090.510208 7320. 287 216 839 688;
229, 24096.510208 7330. 287 216 836 671;
230, 24148.510208 7380. 284 226 836 671;
231, 24155.510208 7385. 284 226 832 562;
232, 24216.510208 7450. 284 226 817 273;
233, 24238.510208 7470. 311 216 817 273;
234, 24276.510208 7510. 311 216 764 265;
235, 24299.510208 7530. 458 365 764 265;
236, 24336.510208 7570. 458 365 752 265;
237, 24358.510208 7590. 521 409 752 265;
238, 24394.510208 7625. 521 409 622 210;
239, 24417.510208 7650. 564 441 622 210;
240, 24456.510208 7690. 564 441 559 172;
241, 24480.510208 7710. 583 457 559 172;
242, 24538.510208 7770. 587 461 559 172;
243, 24547.510208 7780. 587 461 579 258;
244, 24600.510208 7830. 596 464 579 258;
245, 24606.510208 7840. 596 464 570 270;
246, 24658.510208 7890. 597 467 570 270;
247, 24666.510208 7900. 597 467 544 254;
248, 24726.510208 7960. 597 467 511 231;
249, 24748.510208 7980. 611 477 511 231;
250, 24786.510208 8020. 611 477 492 204;
251, 24808.510208 8040. 632 486 492 204;
252, 24846.510208 8080. 632 486 523 218;
253, 24868.510208 8100. 620 406 523 218;
254, 24905.510208 8135. 620 406 583 408;
255, 24928.510208 8160. 418 257 583 408;
256, 24966.510208 8200. 418 257 733 597;
257, 24990.510208 8220. 479 137 733 597;
258, 25025.510208 8255. 479 137 760 639;
259, 25048.510208 8280. 277 107 760 639;
260, 25087.510208 8320. 277 107 763 635;
261, 25110.510208 8340. 264 218 763 635;
262, 25146.510208 8380. 264 218 778 651;
263, 25168.510208 8400. 257 212 778 651;
264, 25205.510208 8435. 257 212 802 661;
265, 25258.510208 8490. 239 198 802 661;
266, 25266.510208 8500. 239 198 831 549;
267, 25318.510208 8550. 251 221 831 549;
268, 25325.510208 8555. 251 221 840 502;
269, 25378.510208 8610. 239 227 840 502;
270, 25386.510208 8620. 239 227 833 606;
271, 25438.510208 8670. 239 207 833 606;
272, 25477.510208 8710. 239 207 840 523;
273, 25500.510208 8730. 261 215 840 523;
274, 25536.510208 8770. 261 215 832 402;
275, 25559.510208 8790. 380 296 832 402;
276, 25596.510208 8830. 380 296 747 223;
277, 25620.510208 8850. 442 353 747 223;
278, 25678.510208 8910. 512 406 747 223;
279, 25686.510208 8920. 512 406 715 222;
280, 25738.510208 8970. 536 419 715 222;
281, 25776.510208 9010. 536 419 582 101;
282, 25798.510208 9030. 559 438 582 101;
283, 25834.510208 9065. 559 438 534 239;
284, 25857.510208 9090. 584 457 534 239;
285, 25918.510208 9150. 601 470 534 239;
286, 25926.510208 9160. 601 470 558 228;
287, 25985.510208 9215. 601 470 575 187;
288, 26013.510208 9245. 610 474 575 187;
289, 26046.510208 9280. 610 474 442 148;
290, 26070.510208 9300. 617 470 442 148;
291, 26107.510208 9340. 617 470 484 183;
292, 26129.510208 9360. 618 419 484 183;
293, 26166.510208 9400. 618 419 425 130;
294, 26188.510208 9420. 542 311 425 130;
295, 26225.510208 9455. 542 311 671 328;
296, 26248.510208 9480. 567 153 671 328;
297, 26286.510208 9520. 567 153 736 613;
298, 26308.510208 9540. 363 118 736 613;
299, 26346.510208 9580. 363 118 750 635;
300, 26380.510208 9610. 236 118 750 635;
301, 26406.510208 9640. 236 118 763 648;
302, 26428.510208 9660. 244 210 763 648;
303, 26465.510208 9695. 244 210 799 594;
304, 26488.510208 9720. 265 222 799 594;
305, 26528.510208 9760. 265 222 833 622;
306, 26550.510208 9780. 263 219 833 622;
307, 26586.510208 9820. 263 219 845 595;
308, 26609.510208 9840. 267 219 845 595;
309, 26647.510208 9880. 267 219 846 590;
310, 26668.510208 9900. 285 216 846 590;
311, 26706.510208 9940. 285 216 841 549;
312, 26728.510208 9960. 257 194 841 549;
313, 26766.510208 10000. 257 194 839 275;
314, 26788.510208 10020. 248 209 839 275;
315, 26825.510208 10055. 248 209 809 237;
316, 26848.510208 10080. 397 318 809 237;
317, 26885.510208 10115. 397 318 751 155;
318, 26908.510208 10140. 507 395 751 155;
319, 26946.510208 10180. 507 395 754 216;
320, 26969.510208 10200. 537 418 754 216;
321, 27006.510208 10240. 537 418 475 191;
322, 27028.510208 10260. 566 440 475 191;
323, 27067.510208 10300. 566 440 544 232;
324, 27088.510208 10320. 581 454 544 232;
325, 27148.510208 10380. 596 466 544 232;
326, 27156.510208 10390. 596 466 566 198;
327, 27208.510208 10440. 600 469 566 198;
328, 27215.510208 10445. 600 469 568 168;
329, 27268.510208 10500. 606 471 568 168;
330, 27276.510208 10510. 606 471 521 217;
331, 27336.510208 10570. 606 471 488 200;
332, 27358.510208 10590. 612 475 488 200;
333, 27395.510208 10625. 612 475 529 197;
334, 27418.510208 10650. 630 476 529 197;
335, 27456.510208 10690. 630 476 508 177;
336, 27478.510208 10710. 616 296 508 177;
337, 27516.510208 10750. 616 296 718 556;
338, 27538.510208 10770. 596 189 718 556;
339, 27575.510208 10805. 596 189 760 613;
340, 27598.510208 10830. 303 123 760 613;
341, 27636.510208 10870. 303 123 766 634;
342, 27656.510208 10890. 197 223 766 634;
343, 27695.510208 10925. 197 223 777 660;
344, 27718.510208 10950. 266 210 777 660;
345, 27756.510208 10990. 266 210 782 647;
346, 27778.510208 11010. 270 218 782 647;
347, 27816.510208 11050. 270 218 791 668;
348, 27869.510208 11100. 282 224 791 668;
349, 27876.510208 11110. 282 224 799 647;
350, 27928.510208 11160. 273 225 799 647;
351, 27935.510208 11165. 273 225 813 613;
352, 27988.510208 11220. 273 226 813 613;
353, 27995.510208 11225. 273 226 827 665;
354, 28048.510208 11280. 260 213 827 665;
355, 28055.510208 11285. 260 213 835 579;
356, 28108.510208 11340. 376 296 835 579;
357, 28116.510208 11345. 376 296 826 233;
358, 28168.510208 11400. 472 371 826 233;
359, 28176.510208 11410. 472 371 771 202;
360, 28228.510208 11460. 521 408 771 202;
361, 28236.510208 11470. 521 408 710 241;
362, 28289.510208 11520. 544 423 710 241;
363, 28296.510208 11530. 544 423 467 178;
364, 28348.510208 11580. 564 438 467 178;
365, 28356.510208 11590. 564 438 554 195;
366, 28409.510208 11640. 584 455 554 195;
367, 28417.510208 11650. 584 455 574 219;
368, 28468.510208 11700. 599 464 574 219;
369, 28476.510208 11710. 599 464 543 243;
370, 28527.510208 11760. 603 468 543 243;
371, 28536.510208 11770. 603 468 524 220;
372, 28588.510208 11820. 616 471 524 220;
373, 28596.510208 11830. 616 471 515 200;
374, 28648.510208 11880. 620 462 515 200;
375, 28656.510208 11890. 620 462 499 191;
376, 28709.510208 11940. 606 374 499 191;
377, 28716.510208 11950. 606 374 602 157;
378, 28768.510208 12000. 611 181 602 157;
379, 28776.510208 12010. 611 181 672 535;
380, 28828.510208 12060. 424 134 672 535;
381, 28835.510208 12065. 424 134 766 527;
382, 28887.510208 12120. 232 96 766 527;
383, 28895.510208 12125. 232 96 775 583;
384, 28948.510208 12180. 262 224 775 583;
385, 28956.510208 12190. 262 224 804 616;
386, 29009.510208 12240. 283 240 804 616;
387, 29016.510208 12250. 283 240 819 615;
388, 29068.510208 12300. 276 236 819 615;
389, 29075.510208 12305. 276 236 831 586;
390, 29130.510208 12360. 260 227 831 586;
391, 29137.510208 12370. 260 227 830 686;
392, 29189.510208 12420. 296 243 830 686;
393, 29197.510208 12430. 296 243 836 668;
394, 29249.510208 12480. 279 209 836 668;
395, 29256.510208 12490. 279 209 830 572;
396, 29308.510208 12540. 242 214 830 572;
397, 29316.510208 12550. 242 214 842 234;
398, 29368.510208 12600. 294 236 842 234;
399, 29375.510208 12605. 294 236 797 251;
400, 29428.510208 12660. 370 312 797 251;
401, 29436.510208 12670. 370 312 747 232;
402, 29497.510208 12730. 370 312 672 175;
403, 29520.510208 12750. 501 386 672 175;
404, 29556.510208 12790. 501 386 492 210;
405, 29578.510208 12810. 538 415 492 210;
406, 29617.510208 12850. 538 415 502 206;
407, 29639.510208 12870. 570 441 502 206;
408, 29676.510208 12910. 570 441 528 245;
409, 29700.510208 12930. 579 446 528 245;
410, 29758.510208 12990. 589 454 528 245;
411, 29765.510208 12995. 589 454 513 240;
412, 29820.510208 13050. 595 456 513 240;
413, 29827.510208 13060. 595 456 508 252;
414, 29878.510208 13110. 615 457 508 252;
415, 29886.510208 13120. 615 457 465 201;
416, 29938.510208 13170. 617 425 465 201;
417, 29946.510208 13180. 617 425 478 204;
418, 29998.510208 13230. 623 248 478 204;
419, 30006.510208 13240. 623 248 640 482;
420, 30058.510208 13290. 482 135 640 482;
421, 30064.510208 13295. 482 135 744 554;
422, 30118.510208 13350. 368 126 744 554;
423, 30125.510208 13355. 368 126 761 626;
424, 30178.510208 13410. 232 197 761 626;
425, 30186.510208 13420. 232 197 794 662;
426, 30240.510208 13470. 267 229 794 662;
427, 30247.510208 13480. 267 229 814 686;
428, 30298.510208 13530. 255 224 814 686;
429, 30306.510208 13540. 255 224 828 688;
430, 30359.510208 13590. 261 221 828 688;
431, 30366.510208 13600. 261 221 832 683;
432, 30418.510208 13650. 275 221 832 683;
433, 30426.510208 13660. 275 221 837 664;
434, 30478.510208 13710. 296 226 837 664;
435, 30516.510208 13750. 296 226 837 492;
436, 30538.510208 13770. 303 217 837 492;
437, 30576.510208 13810. 303 217 831 289;
438, 30598.510208 13830. 232 186 831 289;
439, 30636.510208 13870. 232 186 788 253;
440, 30658.510208 13890. 401 312 788 253;
441, 30696.510208 13930. 401 312 746 225;
442, 30748.510208 13980. 478 375 746 225;
443, 30756.510208 13990. 478 375 625 181;
444, 30809.510208 14040. 523 406 625 181;
445, 30815.510208 14045. 523 406 529 315;
446, 30869.510208 14100. 571 444 529 315;
447, 30876.510208 14110. 571 444 544 234;
448, 30928.510208 14160. 600 466 544 234;
449, 30935.510208 14165. 600 466 542 309;
450, 30988.510208 14220. 616 478 542 309;
451, 30995.510208 14225. 616 478 540 279;
452, 31047.510208 14280. 621 477 540 279;
453, 31056.510208 14290. 621 477 513 296;
454, 31108.510208 14340. 633 484 513 296;
455, 31116.510208 14350. 633 484 480 226;
456, 31168.510208 14400. 639 480 480 226;
457, 31174.510208 14405. 639 480 485 207;
458, 31228.510208 14460. 620 401 485 207;
459, 31237.510208 14470. 620 401 505 214;
460, 31290.510208 14520. 593 208 505 214;
461, 31325.510208 14555. 593 208 687 559;
462, 31350.510208 14580. 554 138 687 559;
463, 31387.510208 14620. 554 138 757 612;
464, 31407.510208 14640. 292 102 757 612;
465, 31446.510208 14680. 292 102 776 591;
466, 31468.510208 14700. 256 193 776 591;
467, 31528.510208 14760. 280 214 776 591;
468, 31536.510208 14765. 280 214 825 636;
469, 31588.510208 14820. 293 215 825 636;
470, 31595.510208 14825. 293 215 833 661;
471, 31648.510208 14880. 306 217 833 661;
472, 31656.510208 14890. 306 217 824 618;
473, 31708.510208 14940. 303 221 824 618;
474, 31716.510208 14950. 303 221 835 561;
475, 31768.510208 15000. 308 216 835 561;
476, 31777.510208 15010. 308 216 832 402;
477, 31828.510208 15060. 283 212 832 402;
478, 31836.510208 15070. 283 212 804 321;
479, 31889.510208 15120. 359 293 804 321;
480, 31897.510208 15130. 359 293 766 259;
481, 31948.510208 15180. 463 366 766 259;
482, 31958.510208 15190. 463 366 763 265;
483, 32008.510208 15240. 514 400 763 265;
484, 32016.510208 15250. 514 400 713 237;
485, 32068.510208 15300. 540 422 713 237;
486, 32075.510208 15305. 540 422 538 206;
487, 32127.510208 15360. 564 438 538 206;
488, 32136.510208 15370. 564 438 562 230;
489, 32188.510208 15420. 588 457 562 230;
490, 32196.510208 15430. 588 457 580 233;
491, 32249.510208 15480. 604 467 580 233;
492, 32257.510208 15490. 604 467 550 265;
493, 32317.510208 15550. 604 467 530 258;
494, 32338.510208 15570. 614 476 530 258;
495, 32400.510208 15630. 605 463 530 258;
496, 32406.510208 15640. 605 463 511 236;
497, 32459.510208 15690. 597 425 511 236;
498, 32467.510208 15700. 597 425 498 216;
499, 32518.510208 15750. 376 243 498 216;
500, 32525.510208 15755. 376 243 551 331;
501, 32578.510208 15810. 473 144 551 331;
502, 32616.510208 15850. 473 144 740 603;
503, 32637.510208 15870. 404 126 740 603;
504, 32676.510208 15910. 404 126 781 541;
505, 32698.510208 15930. 166 147 781 541;
506, 32735.510208 15965. 166 147 821 625;
507, 32758.510208 15990. 259 201 821 625;
508, 32796.510208 16030. 259 201 834 660;
509, 32820.510208 16050. 258 204 834 660;
510, 32857.510208 16090. 258 204 837 662;
511, 32878.510208 16110. 264 205 837 662;
512, 32939.510208 16170. 258 204 837 662;
513, 32977.510208 16210. 258 204 840 604;
514, 33028.510208 16260. 241 176 840 604;
515, 33035.510208 16265. 241 176 839 442;
516, 33088.510208 16320. 200 191 839 442;
517, 33096.510208 16330. 200 191 811 272;
518, 33148.510208 16380. 318 270 811 272;
519, 33156.510208 16390. 318 270 772 253;
520, 33208.510208 16440. 450 357 772 253;
521, 33216.510208 16450. 450 357 750 261;
522, 33268.510208 16500. 512 400 750 261;
523, 33276.510208 16510. 512 400 705 226;
524, 33330.510208 16560. 543 421 705 226;
525, 33337.510208 16570. 543 421 536 186;
526, 33397.510208 16630. 543 421 529 211;
527, 33420.510208 16650. 565 439 529 211;
528, 33456.510208 16690. 565 439 543 269;
529, 33480.510208 16710. 584 453 543 269;
530, 33517.510208 16750. 584 453 540 265;
531, 33538.510208 16770. 604 465 540 265;
532, 33576.510208 16810. 604 465 496 238;
533, 33598.510208 16830. 614 467 496 238;
534, 33665.510208 16895. 614 467 510 227;
535, 33688.510208 16920. 613 454 510 227;
536, 33726.510208 16955. 613 454 505 128;
537, 33748.510208 16980. 619 384 505 128;
538, 33786.510208 17020. 619 384 571 413;
539, 33808.510208 17040. 535 157 571 413;
540, 33845.510208 17075. 535 157 740 609;
541, 33868.510208 17100. 469 136 740 609;
542, 33907.510208 17140. 469 136 768 588;
543, 33930.510208 17160. 294 103 768 588;
544, 33965.510208 17195. 294 103 767 648;
545, 33988.510208 17220. 224 182 767 648;
546, 34025.510208 17255. 224 182 802 631;
547, 34048.510208 17280. 247 217 802 631;
548, 34108.510208 17340. 245 217 802 631;
549, 34116.510208 17350. 245 217 815 641;
550, 34168.510208 17400. 245 225 815 641;
551, 34175.510208 17405. 245 225 835 629;
552, 34228.510208 17460. 251 185 835 629;
553, 34235.510208 17465. 251 185 840 594;
554, 34288.510208 17520. 248 202 840 594;
555, 34295.510208 17525. 248 202 842 475;
556, 34348.510208 17580. 256 199 842 475;
557, 34357.510208 17590. 256 199 827 280;
558, 34417.510208 17650. 256 199 775 268;
559, 34439.510208 17670. 351 289 775 268;
560, 34506.510208 17740. 351 289 563 192;
561, 34530.510208 17760. 549 429 563 192;
562, 34567.510208 17800. 549 429 706 171;
563, 34588.510208 17820. 560 436 706 171;
564, 34648.510208 17880. 587 458 706 171;
565, 34686.510208 17920. 587 458 571 210;
566, 34708.510208 17940. 609 474 571 210;
567, 34746.510208 17980. 609 474 523 242;
568, 34806.510208 18040. 609 474 527 248;
569, 34858.510208 18090. 625 472 527 248;
570, 34866.510208 18100. 625 472 510 227;
571, 34918.510208 18150. 620 463 510 227;
572, 34927.510208 18160. 620 463 488 212;
573, 34986.510208 18220. 620 463 531 188;
574, 35008.510208 18240. 561 309 531 188;
575, 35047.510208 18280. 561 309 656 507;
576, 35068.510208 18300. 623 223 656 507;
577, 35105.510208 18335. 623 223 758 610;
578, 35128.510208 18360. 533 151 758 610;
579, 35166.510208 18400. 533 151 777 635;
580, 35188.510208 18420. 257 109 777 635;
581, 35226.510208 18460. 257 109 806 669;
582, 35248.510208 18480. 236 184 806 669;
583, 35307.510208 18540. 264 216 806 669;
584, 35316.510208 18550. 264 216 831 675;
585, 35368.510208 18600. 239 205 831 675;
586, 35377.510208 18610. 239 205 838 646;
587, 35429.510208 18660. 265 214 838 646;
588, 35437.510208 18670. 265 214 842 633;
589, 35490.510208 18720. 274 208 842 633;
590, 35495.510208 18725. 274 208 837 598;
591, 35549.510208 18780. 210 177 837 598;
592, 35558.510208 18790. 210 177 835 412;
593, 35609.510208 18840. 206 208 835 412;
594, 35616.510208 18850. 206 208 814 264;
595, 35676.510208 18910. 394 305 814 264;
596, 35717.510208 18910. 394 305 778 237;
597, 35758.510208 18990. 473 367 778 237;
598, 35765.510208 18995. 473 367 771 262;
599, 35818.510208 19050. 537 417 771 262;
600, 35826.510208 19060. 537 417 517 219;
601, 35879.510208 19110. 556 431 517 219;
602, 35886.510208 19120. 556 431 570 228;
603, 35938.510208 19170. 563 437 570 228;
604, 35946.510208 19180. 563 437 575 258;
605, 36000.510208 19230. 580 447 575 258;
606, 36006.510208 19240. 580 447 566 262;
607, 36066.510208 19300. 580 447 568 216;
608, 36087.510208 19320. 591 455 568 216;
609, 36126.510208 19360. 591 455 521 166;
610, 36149.510208 19380. 600 448 521 166;
611, 36186.510208 19420. 600 448 504 204;
612, 36208.510208 19440. 600 404 504 204;
613, 36257.510208 19490. 600 404 576 220;
614, 36268.510208 19500. 554 214 576 220;
615, 36306.510208 19540. 554 214 688 550;
616, 36328.510208 19560. 515 143 688 550;
617, 36364.510208 19595. 515 143 766 578;
618, 36387.510208 19620. 354 129 766 578;
619, 36425.510208 19655. 354 129 776 603;
620, 36449.510208 19680. 203 149 776 603;
621, 36487.510208 19720. 203 149 808 651;
622, 36510.510208 19740. 252 207 808 651;
623, 36546.510208 19780. 252 207 829 676;
624, 36569.510208 19800. 276 220 829 676;
625, 36608.510208 19840. 276 220 839 680;
626, 36659.510208 19890. 260 223 839 680;
627, 36666.510208 19900. 260 223 844 624;
628, 36718.510208 19950. 259 222 844 624;
629, 36786.510208 20020. 259 222 841 637;
630, 36809.510208 20040. 278 210 841 637;
631, 36847.510208 20080. 278 210 797 191;
632, 36868.510208 20100. 264 203 797 191;
633, 36906.510208 20140. 264 203 783 238;
634, 36928.510208 20160. 385 305 783 238;
635, 36988.510208 20220. 484 382 783 238;
636, 36996.510208 20230. 484 382 732 255;
637, 37048.510208 20280. 529 413 732 255;
638, 37055.510208 20285. 529 413 440 163;
639, 37110.510208 20340. 564 440 440 163;
640, 37118.510208 20350. 564 440 499 228;
641, 37170.510208 20400. 598 466 499 228;
642, 37177.510208 20410. 598 466 526 196;
643, 37228.510208 20460. 616 479 526 196;
644, 37235.510208 20465. 616 479 526 241;
645, 37289.510208 20520. 623 479 526 241;
646, 37296.510208 20530. 623 479 525 232;
647, 37349.510208 20580. 627 473 525 232;
648, 37356.510208 20590. 627 473 507 232;
649, 37409.510208 20640. 618 446 507 232;
650, 37417.510208 20650. 618 446 484 218;
651, 37467.510208 20700. 614 352 484 218;
652, 37476.510208 20710. 614 352 396 174;
653, 37528.510208 20760. 512 221 396 174;
654, 37535.510208 20765. 512 221 577 411;
655, 37588.510208 20820. 626 160 577 411;
656, 37596.510208 20830. 626 160 744 588;
657, 37648.510208 20880. 360 123 744 588;
658, 37655.510208 20885. 360 123 769 610;
659, 37708.510208 20940. 156 152 769 610;
660, 37716.510208 20950. 156 152 796 624;
661, 37768.510208 21000. 252 220 796 624;
662, 37776.510208 21010. 252 220 832 611;
663, 37859.510208 21090. 266 218 832 611;
664, 37865.510208 21095. 266 218 839 679;
665, 37918.510208 21150. 287 232 839 679;
666, 37925.510208 21155. 287 232 847 615;
667, 37978.510208 21210. 307 220 847 615;
668, 37986.510208 21220. 307 220 837 620;
669, 38038.510208 21270. 288 192 837 620;
670, 38046.510208 21280. 288 192 835 440;
671, 38099.510208 21330. 188 209 835 440;
672, 38105.510208 21335. 188 209 825 304;
673, 38159.510208 21390. 343 271 825 304;
674, 38167.510208 21400. 343 271 767 268;
675, 38219.510208 21450. 462 365 767 268;
676, 38227.510208 21460. 462 365 747 268;
677, 38279.510208 21510. 524 407 747 268;
678, 38285.510208 21515. 524 407 635 238;
679, 38338.510208 21570. 589 456 635 238;
680, 38346.510208 21580. 589 456 525 259;
681, 38398.510208 21630. 616 477 525 259;
682, 38406.510208 21640. 616 477 567 203;
683, 38459.510208 21690. 631 488 567 203;
684, 38465.510208 21695. 631 488 554 297;
685, 38518.510208 21750. 636 488 554 297;
686, 38528.510208 21760. 636 488 546 291;
687, 38578.510208 21810. 640 492 546 291;
688, 38586.510208 21820. 640 492 544 279;
689, 38640.510208 21870. 637 483 544 279;
690, 38647.510208 21880. 637 483 507 239;
691, 38699.510208 21930. 639 459 507 239;
692, 38707.510208 21940. 639 459 453 200;
693, 38760.510208 21990. 583 337 453 200;
694, 38767.510208 22000. 583 337 505 210;
695, 38818.510208 22050. 523 179 505 210;
696, 38825.510208 22055. 523 179 708 564;
697, 38909.510208 22140. 412 130 708 564;
698, 38916.510208 22150. 412 130 758 611;
699, 38968.510208 22200. 255 198 758 611;
700, 38976.510208 22210. 255 198 770 639;
701, 39028.510208 22260. 264 216 770 639;
702, 39035.510208 22265. 264 216 802 665;
703, 39088.510208 22320. 266 218 802 665;
704, 39095.510208 22325. 266 218 831 677;
705, 39149.510208 22380. 263 211 831 677;
706, 39157.510208 22390. 263 211 841 619;
707, 39208.510208 22440. 255 208 841 619;
708, 39216.510208 22450. 255 208 841 616;
709, 39270.510208 22500. 232 203 841 616;
710, 39276.510208 22510. 232 203 845 434;
711, 39328.510208 22560. 253 188 845 434;
712, 39336.510208 22570. 253 188 837 275;
713, 39388.510208 22620. 375 300 837 275;
714, 39395.510208 22625. 375 300 743 261;
715, 39448.510208 22680. 492 382 743 261;
716, 39456.510208 22690. 492 382 713 261;
717, 39509.510208 22740. 529 411 713 261;
718, 39516.510208 22750. 529 411 655 234;
719, 39568.510208 22800. 551 425 655 234;
720, 39575.510208 22805. 551 425 515 244;
721, 39626.510208 22860. 571 443 515 244;
722, 39635.510208 22865. 571 443 542 238;
723, 39688.510208 22920. 586 456 542 238;
724, 39695.510208 22925. 586 456 549 210;
725, 39748.510208 22980. 595 461 549 210;
726, 39755.510208 22985. 595 461 534 265;
727, 39808.510208 23040. 604 468 534 265;
728, 39816.510208 23050. 604 468 526 251;
729, 39868.510208 23100. 619 477 526 251;
730, 39876.510208 23110. 619 477 496 234;
731, 39959.510208 23190. 627 469 496 234;
732, 39966.510208 23200. 627 469 478 212;
733, 40018.510208 23250. 634 204 478 212;
734, 40026.510208 23260. 634 204 594 397;
735, 40078.510208 23310. 529 162 594 397;
736, 40086.510208 23320. 529 162 733 561;
737, 40140.510208 23370. 356 137 733 561;
738, 40146.510208 23380. 356 137 766 564;
739, 40198.510208 23430. 210 198 766 564;
740, 40206.510208 23440. 210 198 772 635;
741, 40258.510208 23490. 235 195 772 635;
742, 40265.510208 23495. 235 195 820 691;
743, 40318.510208 23550. 251 212 820 691;
744, 40325.510208 23555. 251 212 833 683;
745, 40378.510208 23610. 251 210 833 683;
746, 40386.510208 23620. 251 210 838 616;
747, 40438.510208 23670. 254 206 838 616;
748, 40446.510208 23680. 254 206 836 657;
749, 40498.510208 23730. 206 192 836 657;
750, 40505.510208 23735. 206 192 839 544;
751, 40558.510208 23790. 225 185 839 544;
752, 40566.510208 23800. 225 185 833 289;
753, 40618.510208 23850. 295 235 833 289;
754, 40625.510208 23855. 295 235 796 275;
755, 40678.510208 23910. 373 313 796 275;
756, 40686.510208 23920. 373 313 750 279;
757, 40739.510208 23970. 510 398 750 279;
758, 40776.510208 24010. 510 398 734 229;
759, 40798.510208 24030. 554 431 734 229;
760, 40836.510208 24070. 554 431 472 172;
761, 40857.510208 24090. 580 452 472 172;
762, 40896.510208 24130. 580 452 508 236;
763, 40918.510208 24150. 594 463 508 236;
764, 40986.510208 24220. 594 463 514 264;
765, 41008.510208 24240. 599 467 514 264;
766, 41046.510208 24280. 599 467 509 266;
767, 41069.510208 24300. 606 467 509 266;
768, 41106.510208 24340. 606 467 477 217;
769, 41128.510208 24360. 615 463 477 217;
770, 41165.510208 24395. 615 463 471 208;
771, 41188.510208 24420. 605 405 471 208;
772, 41225.510208 24455. 605 405 550 282;
773, 41248.510208 24480. 484 168 550 282;
774, 41286.510208 24520. 484 168 725 460;
775, 41308.510208 24540. 504 152 725 460;
776, 41346.510208 24580. 504 152 763 601;
777, 41368.510208 24600. 406 139 763 601;
778, 41406.510208 24640. 406 139 799 631;
779, 41428.510208 24660. 192 175 799 631;
780, 41466.510208 24700. 192 175 820 669;
781, 41488.510208 24720. 229 206 820 669;
782, 41526.510208 24760. 229 206 830 658;
783, 41548.510208 24780. 240 218 830 658;
784, 41585.510208 24815. 240 218 835 659;
785, 41619.510208 24850. 252 199 835 659;
786, 41646.510208 24880. 252 199 835 630;
787, 41668.510208 24900. 272 192 835 630;
788, 41706.510208 24940. 272 192 835 542;
789, 41728.510208 24960. 275 207 835 542;
790, 41766.510208 24995. 275 207 829 331;
791, 41788.510208 25020. 230 213 829 331;
792, 41826.510208 25060. 230 213 828 255;
793, 41848.510208 25080. 291 239 828 255;
794, 41886.510208 25120. 291 239 779 229;
795, 41908.510208 25140. 378 312 779 229;
796, 41946.510208 25180. 378 312 751 220;
797, 41970.510208 25200. 506 396 751 220;
798, 42006.510208 25240. 506 396 604 212;
799, 42058.510208 25290. 548 427 604 212;
800, 42065.510208 25295. 548 427 483 193;
801, 42118.510208 25350. 582 452 483 193;
802, 42125.510208 25355. 582 452 493 143;
803, 42179.510208 25410. 602 469 493 143;
804, 42186.510208 25420. 602 469 486 239;
805, 42239.510208 25470. 617 478 486 239;
806, 42246.510208 25480. 617 478 496 245;
807, 42297.510208 25530. 627 478 496 245;
808, 42306.510208 25540. 627 478 490 225;
809, 42366.510208 25600. 627 478 468 207;
810, 42388.510208 25620. 631 468 468 207;
811, 42448.510208 25680. 629 449 468 207;
812, 42486.510208 25720. 629 449 461 192;
813, 42509.510208 25740. 640 187 461 192;
814, 42547.510208 25780. 640 187 762 555;
815, 42568.510208 25800. 569 155 762 555;
816, 42606.510208 25840. 569 155 765 565;
817, 42628.510208 25860. 297 119 765 565;
818, 42666.510208 25900. 297 119 785 561;
819, 42688.510208 25920. 218 200 785 561;
820, 42726.510208 25960. 218 200 829 639;
821, 42748.510208 25980. 269 221 829 639;
822, 42785.510208 26015. 269 221 833 697;
823, 42838.510208 26070. 274 227 833 697;
824, 42846.510208 26080. 274 227 839 630;
825, 42898.510208 26130. 285 228 839 630;
826, 42906.510208 26140. 285 228 838 579;
827, 42958.510208 26190. 282 217 838 579;
828, 42965.510208 26195. 282 217 839 395;
829, 43019.510208 26250. 282 199 839 395;
830, 43026.510208 26260. 282 199 826 377;
831, 43086.510208 26320. 282 199 691 208;
832, 43109.510208 26340. 330 239 691 208;
833, 43145.510208 26375. 330 239 744 258;
834, 43168.510208 26400. 516 402 744 258;
835, 43206.510208 26440. 516 402 678 226;
836, 43228.510208 26460. 559 436 678 226;
837, 43266.510208 26500. 559 436 455 124;
838, 43288.510208 26520. 589 460 455 124;
839, 43326.510208 26560. 589 460 545 198;
840, 43348.510208 26580. 607 475 545 198;
841, 43386.510208 26620. 607 475 543 231;
842, 43408.510208 26640. 609 475 543 231;
843, 43446.510208 26680. 609 475 518 221;
844, 43468.510208 26700. 622 484 518 221;
845, 43505.510208 26735. 622 484 521 180;
846, 43528.510208 26760. 636 488 521 180;
847, 43566.510208 26800. 636 488 507 206;
848, 43627.510208 26860. 636 488 481 178;
849, 43648.510208 26880. 619 448 481 178;
850, 43686.510208 26920. 619 448 502 204;
851, 43709.510208 26940. 538 318 502 204;
852, 43746.510208 26980. 538 318 657 435;
853, 43768.510208 27000. 557 155 657 435;
854, 43812.510208 27045. 557 155 759 571;
855, 43828.510208 27060. 441 140 759 571;
856, 43865.510208 27095. 441 140 776 605;
857, 43887.510208 27120. 192 147 776 605;
858, 43924.510208 27155. 192 147 780 622;
859, 43948.510208 27180. 253 188 780 622;
860, 43986.510208 27220. 253 188 812 644;
861, 44009.510208 27240. 267 203 812 644;
862, 44048.510208 27280. 267 203 831 657;
863, 44069.510208 27300. 235 212 831 657;
864, 44106.510208 27340. 235 212 835 625;
865, 44159.510208 27390. 239 215 835 625;
866, 44166.510208 27400. 239 215 839 541;
867, 44218.510208 27450. 190 219 839 541;
868, 44224.510208 27455. 190 219 847 355;
869, 44279.510208 27510. 214 207 847 355;
870, 44286.510208 27520. 214 207 835 276;
871, 44338.510208 27570. 361 286 835 276;
872, 44346.510208 27580. 361 286 790 276;
873, 44398.510208 27630. 504 392 790 276;
874, 44405.510208 27635. 504 392 688 248;
875, 44458.510208 27690. 551 426 688 248;
876, 44496.510208 27730. 551 426 658 190;
877, 44518.510208 27750. 567 441 658 190;
878, 44555.510208 27785. 567 441 565 197;
879, 44578.510208 27810. 604 468 565 197;
880, 44616.510208 27850. 604 468 562 244;
881, 44638.510208 27870. 623 483 562 244;
882, 44676.510208 27910. 623 483 537 245;
883, 44698.510208 27930. 618 476 537 245;
884, 44735.510208 27965. 618 476 527 258;
885, 44758.510208 27990. 619 470 527 258;
886, 44796.510208 28030. 619 470 509 250;
887, 44818.510208 28050. 612 445 509 250;
888, 44879.510208 28110. 618 386 509 250;
889, 44886.510208 28120. 618 386 480 216;
890, 44938.510208 28170. 554 200 480 216;
891, 44947.510208 28180. 554 200 523 213;
892, 44998.510208 28230. 487 139 523 213;
893, 45005.510208 28235. 487 139 697 495;
894, 45065.510208 28295. 487 139 764 597;
895, 45088.510208 28320. 389 137 764 597;
896, 45156.510208 28390. 389 137 775 593;
897, 45179.510208 28410. 194 184 775 593;
898, 45216.510208 28445. 194 184 797 635;
899, 45239.510208 28470. 235 193 797 635;
900, 45276.510208 28510. 235 193 830 680;
901, 45298.510208 28530. 226 224 830 680;
902, 45358.510208 28590. 238 230 830 680;
903, 45418.510208 28650. 194 212 830 680;
904, 45479.510208 28710. 193 181 830 680;
905, 45517.510208 28750. 193 181 831 656;
906, 45539.510208 28770. 245 190 831 656;
907, 45606.510208 28835. 245 190 790 261;
908, 45628.510208 28860. 407 318 790 261;
909, 45666.510208 28900. 407 318 720 241;
910, 45687.510208 28920. 482 376 720 241;
911, 45726.510208 28960. 482 376 630 167;
912, 45748.510208 28980. 546 425 630 167;
913, 45809.510208 29040. 563 440 630 167;
914, 45815.510208 29045. 563 440 523 235;
915, 45876.510208 29110. 563 440 554 249;
916, 45899.510208 29130. 576 449 554 249;
917, 45959.510208 29190. 590 461 554 249;
918, 45965.510208 29195. 590 461 522 278;
919, 46026.510208 29260. 590 461 522 257;
920, 46047.510208 29280. 614 475 522 257;
921, 46109.510208 29340. 623 474 522 257;
922, 46116.510208 29350. 623 474 489 220;
923, 46168.510208 29400. 401 320 489 220;
924, 46175.510208 29405. 401 320 527 226;
925, 46236.510208 29470. 401 320 680 395;
926, 46259.510208 29490. 416 212 680 395;
927, 46296.510208 29530. 416 212 749 625;
928, 46318.510208 29550. 436 137 749 625;
929, 46355.510208 29585. 436 137 767 610;
930, 46378.510208 29610. 218 132 767 610;
931, 46416.510208 29650. 218 132 814 604;
932, 46438.510208 29670. 219 183 814 604;
933, 46476.510208 29710. 219 183 833 688;
934, 46528.510208 29760. 234 199 833 688;
935, 46535.510208 29765. 234 199 841 691;
936, 46588.510208 29820. 233 205 841 691;
937, 46595.510208 29825. 233 205 840 658;
938, 46649.510208 29880. 234 204 840 658;
939, 46656.510208 29890. 234 204 839 606;
940, 46716.510208 29950. 234 204 841 381;
941, 46739.510208 29970. 236 182 841 381;
