side,stage,device_ms,ax,ay,az,gx,gy,gz,toe,heel,phase
R,,12831,-0.124,-0.199,0.999,-3.5,-4.4,-5.4,1,0,0
R,,12841,-0.117,-0.202,1.008,-1.8,-4.3,-4.1,0,0,0
R,,12866,-0.119,-0.198,1.004,3.7,-4.4,-1.3,0,0,0
R,,12925,-0.124,-0.175,1.006,7.3,-4.2,2.8,0,0,0
R,,12986,-0.151,-0.141,1.029,0.3,7.9,-2.2,2,0,0
R,,13045,-0.148,-0.165,0.976,4.4,0.7,-0.1,3,0,0
R,,13106,-0.152,-0.124,0.983,5.5,-4.9,1.8,4,0,0
R,,13166,-0.155,-0.132,0.995,3.7,-7.0,0.3,0,0,0
R,,13255,-0.149,-0.129,1.010,0.2,-5.1,-1.0,0,0,0
R,,13316,-0.142,-0.133,0.991,-2.5,-3.7,-1.6,0,0,0
R,,13375,-0.142,-0.152,1.004,-1.4,-4.7,-1.1,0,0,0
R,,13436,-0.136,-0.153,1.010,-1.2,-4.2,-1.9,2,0,0
R,,13496,-0.138,-0.181,1.009,0.6,-2.5,1.8,0,0,0
R,,13556,-0.143,-0.173,1.012,6.5,-0.7,6.1,4,0,0
R,,13616,-0.147,-0.156,0.991,8.1,-0.8,8.0,0,0,0
R,,13675,-0.156,-0.138,0.990,14.8,-0.2,8.8,0,0,0
R,,13736,-0.140,-0.106,0.981,40.0,-8.1,25.2,0,0,0
R,,13795,-0.139,0.016,1.010,32.2,-14.2,15.8,0,0,0
R,,13856,-0.140,0.004,0.997,29.9,-16.2,8.0,0,0,0
R,,13916,-0.159,0.003,1.035,8.8,-14.4,1.4,0,0,0
R,,13976,-0.210,0.100,1.001,-43.5,8.6,-14.2,0,0,0
R,,14036,-0.084,-0.093,1.054,-21.0,8.1,-3.7,0,0,0
R,,14096,-0.114,-0.042,1.017,-26.4,8.3,-0.4,0,0,0
R,,14186,-0.126,-0.038,0.972,8.2,6.4,-16.6,0,0,0
R,,14246,-0.161,-0.035,0.921,6.5,-2.4,-13.5,0,0,0
R,,14306,-0.201,-0.014,0.961,-3.2,-7.9,-14.2,0,0,0
R,,14366,-0.196,-0.039,0.912,-9.6,-7.2,-29.1,0,0,0
R,,14425,-0.151,-0.105,0.976,-6.7,-24.1,-27.9,0,0,0
R,,14486,-0.151,-0.179,1.353,-23.1,-19.8,-6.5,0,0,0
R,,14545,-0.069,-0.146,1.088,-31.8,12.1,-6.7,0,0,0
R,,14606,-0.060,-0.168,0.928,-15.8,16.3,-1.0,0,0,0
R,,14666,-0.055,-0.219,0.945,14.0,1.3,8.8,0,0,0
R,,14726,-0.092,-0.130,1.062,42.7,-0.1,9.0,0,0,0
R,,14786,-0.004,-0.058,1.066,183.9,2.3,-30.3,0,0,0
R,,14846,-0.121,0.080,0.923,58.5,14.8,-46.0,0,0,0
R,,14906,-0.175,0.196,0.798,58.8,-4.6,-18.2,0,0,0
R,,14965,-0.157,0.318,0.757,23.8,-20.7,-36.6,0,0,0
R,,15026,-0.106,0.298,1.178,124.6,-42.8,-122.5,0,0,0
R,,15085,-0.218,0.271,0.932,-12.3,-38.5,-83.6,0,0,0
R,,15146,-0.073,0.000,1.583,87.0,10.0,-51.5,0,0,0
R,,15206,-0.030,0.291,1.067,55.7,5.4,-29.4,0,0,0
R,,15266,-0.097,0.352,0.937,-96.1,0.1,-48.7,0,0,0
R,,15326,-0.201,0.233,0.954,-168.5,22.5,-50.9,0,0,0
R,,15386,-0.161,-0.042,0.996,43.0,-0.8,29.0,0,0,0
R,,15446,-0.074,0.001,0.899,-12.2,-24.3,-31.0,0,0,0
R,,15505,-0.211,-0.061,1.007,-15.4,8.0,-16.3,0,0,0
R,,15566,-0.184,0.200,0.707,-70.4,76.4,48.0,0,0,0
R,,15861,-0.167,0.046,1.016,-41.7,-20.9,-14.7,0,0,0
R,,15871,-0.179,0.001,0.998,-28.4,-5.9,-23.0,0,0,0
R,,15896,-0.231,-0.052,0.987,-9.5,-0.5,-8.2,0,0,0
R,,15956,-0.142,0.072,1.019,4.6,-23.5,-8.2,0,0,0
R,,16016,-0.099,-0.016,0.996,12.5,-17.0,11.2,0,0,0
R,,16076,-0.144,0.004,1.012,7.2,-16.2,2.1,0,0,0
R,,16136,-0.073,0.000,1.015,3.9,-14.2,-1.0,0,0,0
R,,16196,-0.112,0.048,1.014,3.0,-15.8,-3.6,0,0,0
R,,16255,-0.068,0.059,1.027,7.7,-13.9,-1.6,0,0,0
R,,16316,-0.064,0.044,1.016,9.3,-11.4,-1.8,0,0,0
R,,16375,-0.079,0.060,1.034,10.9,-7.9,-9.2,0,0,0
R,,16436,-0.034,0.095,1.014,13.3,-15.4,-12.8,0,0,0
R,,16496,-0.033,0.079,1.007,6.1,-4.1,-8.5,0,0,0
R,,16556,-0.049,0.071,1.025,-5.7,-13.1,-6.1,0,0,0
R,,16616,-0.021,0.049,1.031,7.2,-13.7,0.2,0,0,0
R,,16676,-0.437,-0.794,1.443,-85.3,49.1,39.6,0,0,0
R,,16736,-0.362,0.335,0.961,2.9,0.2,11.0,0,0,0
R,,16795,-0.081,-0.144,1.046,28.3,-16.7,-17.3,0,0,0
R,,16856,-0.051,0.014,1.041,17.1,-15.9,-3.0,0,0,0
R,,16916,-0.045,0.018,0.999,6.0,-13.0,3.5,0,0,0
R,,16976,-0.052,0.004,1.060,1.6,2.8,4.5,0,0,0
R,,17036,-0.050,-0.003,1.031,9.8,13.7,11.6,0,0,0
R,,17096,-0.082,0.139,0.992,-13.5,1.9,46.2,0,0,0
R,,17156,-0.025,0.020,0.911,19.3,-45.7,16.5,0,0,0
R,,17216,0.040,0.146,1.032,7.7,-43.1,34.3,0,0,0
R,,17276,0.119,0.111,1.091,7.7,-25.9,43.1,0,0,0
R,,17335,0.162,0.024,1.414,28.1,-45.7,45.5,0,0,0
R,,17396,0.192,-0.048,1.231,48.9,12.1,91.8,0,0,0
R,,17456,0.327,0.046,0.982,55.7,-16.5,121.8,0,0,0
R,,17516,0.606,0.373,0.761,90.7,-122.5,148.8,0,0,0
R,,17576,0.522,0.591,0.841,72.4,-113.5,35.8,0,0,0
R,,17636,0.445,0.155,-0.105,-98.4,-96.1,42.7,0,0,0
R,,17696,0.521,0.147,0.195,19.3,-168.8,-52.7,0,0,0
R,,17756,0.602,-0.106,0.770,1.1,-230.7,-44.6,0,0,0
R,,17816,0.437,0.484,1.609,-42.1,-96.9,-112.0,0,0,0
R,,17875,0.565,0.220,1.024,-73.3,137.6,-91.2,0,0,0
R,,17936,0.556,0.440,0.895,-69.7,-62.0,-151.9,0,0,0
R,,17995,0.165,-0.001,0.784,-93.4,-110.6,-148.4,0,0,0
R,,18056,0.407,0.337,0.872,-24.2,-23.7,-35.3,0,0,0
R,,18116,0.603,0.559,0.599,-22.7,-0.9,-11.6,0,0,0
R,,18176,0.467,0.198,0.526,-14.4,-74.6,97.3,0,0,0
R,,18236,0.982,1.261,1.535,-111.1,44.8,-64.8,0,0,0
R,,18296,0.617,0.372,0.921,30.6,5.1,18.8,0,0,0
R,,18356,0.498,0.329,0.822,-101.0,-2.5,-89.4,0,0,0
R,,18416,0.542,0.554,1.100,-48.7,-4.1,-40.8,0,0,0
R,,18476,0.112,-0.933,1.294,-19.2,149.1,197.4,0,0,0
R,,18771,0.659,-0.610,0.812,-206.5,-194.3,-2.8,0,0,0
R,,18781,1.233,-1.967,1.830,55.3,-55.4,-20.6,0,0,0
R,,18806,-0.118,0.587,0.456,597.8,-194.1,-2.2,0,0,0
R,,18866,0.241,0.019,0.718,54.6,-41.3,9.9,0,0,0
R,,18926,0.281,0.146,1.144,13.5,-16.1,-5.4,0,0,0
R,,18986,0.253,-0.013,0.994,-21.5,-4.6,1.3,0,0,0
R,,19046,0.254,0.076,1.032,-16.8,-1.2,-0.8,0,0,0
R,,19106,0.234,0.010,0.964,8.8,-4.4,-1.3,0,0,0
R,,19166,0.262,0.028,1.006,-10.9,-3.4,-0.1,0,0,0
R,,19226,0.218,-0.042,1.047,4.3,-1.1,-2.5,0,0,0
R,,19286,0.265,0.107,1.107,-55.0,-6.7,2.4,0,0,0
R,,19346,0.277,0.064,0.935,46.9,-1.3,-10.5,0,0,0
R,,19406,0.891,0.232,0.951,94.0,-40.2,-52.7,0,0,0
R,,19466,1.300,0.603,1.172,96.6,-105.0,-66.7,0,0,0
R,,19526,0.984,-0.037,-0.470,-144.3,-107.0,65.2,0,0,0
R,,19586,0.493,0.171,1.704,92.1,-9.3,6.7,0,0,0
R,,19646,0.613,0.086,0.879,9.5,-17.0,13.1,0,0,0
R,,19706,0.208,-0.050,0.660,-112.0,5.5,42.7,0,0,0
R,,19766,2.177,0.168,-1.028,21.9,-9.7,37.1,0,0,0
R,,19826,-1.543,0.244,0.939,-166.3,-0.4,48.0,0,0,0
R,,19886,-0.263,0.282,0.788,122.0,229.3,5.4,0,0,0
R,,19946,0.755,-0.788,1.299,-1054.4,-343.7,134.8,0,0,0
R,,20006,-0.030,0.400,-0.302,102.6,-26.3,7.0,0,0,0
R,,20066,0.193,-0.188,1.353,-61.2,-1.9,4.9,0,0,0
R,,20126,0.144,0.179,0.743,-11.9,-1.1,2.3,0,0,0
R,,20186,0.139,0.148,0.845,-8.4,-9.4,-2.5,0,0,0
R,,20246,0.263,0.206,0.643,-45.5,-35.3,10.4,0,0,0
R,,20306,0.332,0.585,1.427,108.7,9.8,-47.2,0,0,0
R,,20365,0.098,0.583,1.179,-121.1,62.3,0.3,0,0,0
R,,20426,-0.307,0.580,1.415,-443.0,180.3,90.9,0,0,0
R,,20486,0.023,-0.188,-0.018,-711.1,144.2,153.7,0,0,0
R,,20546,-0.142,-0.250,0.266,-452.4,87.9,9.6,0,0,0
R,,20606,-0.084,-0.234,0.031,-465.7,78.4,73.6,0,0,0
R,,20666,-0.011,0.049,-0.337,-384.5,216.7,-55.7,0,0,0
R,,20756,-0.830,-2.953,-2.329,-547.0,-200.9,181.4,0,0,0
R,,20816,-0.854,0.117,-0.850,-142.6,-73.4,-59.7,0,0,0
R,,20876,-0.284,-0.130,0.056,-455.7,23.2,1.8,0,0,0
R,,20936,-0.405,0.023,-0.826,101.8,-39.2,21.4,0,0,0
R,,20996,-0.390,-0.192,-0.610,2.4,117.6,-42.0,0,0,0
R,,21056,-0.016,-0.576,-1.358,-108.2,-24.4,8.4,0,0,0
R,,21116,-0.226,-0.231,-0.499,-102.6,-44.4,42.0,0,0,0
R,,21176,-0.279,-0.077,-1.144,-27.3,29.1,5.0,0,0,0
R,,21236,-0.234,-0.235,-0.745,16.5,-17.4,-5.3,0,0,0
R,,21296,-0.250,-0.129,-0.902,-8.0,12.1,-0.4,0,0,0
R,,21356,-0.269,-0.126,-0.923,3.7,-7.9,-1.5,0,0,0
R,,21416,-0.298,-0.334,-1.619,120.4,35.9,-47.6,0,0,0
R,,22130,-0.243,-0.149,-0.924,-1.4,-6.1,0.5,0,0,0
R,,22140,-0.256,-0.145,-0.921,-3.0,-5.7,0.2,0,0,0
R,,22166,-0.252,-0.147,-0.942,1.9,-2.2,-1.6,0,0,0
R,,22226,-0.252,-0.141,-0.932,-0.2,-4.0,-0.6,0,0,0
R,,22286,-0.251,-0.145,-0.937,1.1,-2.5,-1.6,0,0,0
R,,22346,-0.253,-0.146,-0.937,0.0,-3.3,-0.9,0,0,0
R,,22406,-0.249,-0.144,-0.935,0.0,-3.9,-0.7,0,0,0
R,,22466,-0.252,-0.146,-0.934,0.2,-3.2,-1.4,0,0,0
R,,22526,-0.256,-0.142,-0.927,0.9,-3.9,0.0,0,0,0
R,,22586,-0.257,-0.137,-0.947,0.4,-1.8,-2.6,0,0,0
R,,22646,-0.253,-0.140,-0.920,-1.1,-1.6,-1.8,0,0,0
R,,22707,-0.255,-0.150,-0.929,-0.2,-5.3,-0.4,0,0,0
R,,22766,-0.253,-0.151,-0.946,1.8,-2.1,-1.8,0,0,0
R,,22826,-0.253,-0.144,-0.935,0.0,-3.7,-0.9,0,0,0
R,,22886,-0.250,-0.153,-0.937,0.5,-3.5,-0.8,0,0,0
R,,22946,-0.250,-0.147,-0.935,1.0,-3.3,-0.9,0,0,0
R,,23006,-0.252,-0.155,-0.938,0.1,-3.5,-1.0,0,0,0
R,,23066,-0.252,-0.148,-0.937,0.6,-2.6,-1.5,0,0,0
R,,23126,-0.250,-0.148,-0.935,0.4,-3.6,-0.7,0,0,0
R,,23186,-0.251,-0.148,-0.940,0.2,-3.4,-0.9,0,0,0
R,,23247,-0.249,-0.147,-0.935,0.2,-2.9,-1.3,0,0,0
R,,23306,-0.252,-0.147,-0.935,0.0,-3.5,-0.7,0,0,0
R,,23366,-0.251,-0.149,-0.936,0.3,-3.2,-1.0,0,0,0
R,,23426,-0.253,-0.147,-0.937,0.0,-3.5,-0.9,0,0,0
R,,23486,-0.253,-0.147,-0.936,0.0,-3.3,-0.9,0,0,0
R,,23546,-0.251,-0.145,-0.937,0.2,-3.0,-0.9,0,0,0
R,,23606,-0.252,-0.148,-0.935,0.0,-3.3,-0.8,0,0,0
R,,23666,-0.251,-0.148,-0.938,0.1,-3.3,-1.1,0,0,0
R,,23726,-0.254,-0.147,-0.936,0.2,-3.1,-0.8,0,0,0
R,,23787,-0.250,-0.145,-0.937,0.1,-3.2,-0.8,0,0,0
R,,23846,-0.250,-0.147,-0.940,0.0,-3.2,-0.9,0,0,0
R,,23906,-0.251,-0.146,-0.936,0.0,-3.3,-0.8,0,0,0
R,,23965,-0.251,-0.146,-0.937,0.2,-3.3,-0.8,0,0,0
R,,24026,-0.250,-0.147,-0.935,0.0,-3.2,-0.9,0,0,0
R,,24086,-0.251,-0.146,-0.937,0.1,-3.4,-1.1,0,0,0
R,,24146,-0.252,-0.149,-0.938,0.2,-3.2,-0.8,0,0,0
R,,24236,-0.251,-0.147,-0.933,0.0,-3.2,-0.8,0,0,0
R,,24296,-0.252,-0.148,-0.935,0.0,-3.4,-0.9,0,0,0
R,,24356,-0.254,-0.148,-0.939,-0.1,-3.4,-0.6,0,0,0
R,,24416,-0.253,-0.147,-0.937,-0.2,-3.5,-0.7,0,0,0
R,,24476,-0.254,-0.144,-0.937,-0.2,-3.7,-0.8,0,0,0
R,,24537,-0.252,-0.145,-0.935,-0.2,-3.3,-0.8,0,0,0
R,,24596,-0.254,-0.145,-0.937,0.2,-3.2,-0.9,0,0,0
R,,24656,-0.250,-0.145,-0.939,0.2,-3.2,-0.9,0,0,0
R,,24716,-0.251,-0.144,-0.938,0.4,-2.6,-1.1,0,0,0
R,,24776,-0.245,-0.139,-0.945,3.4,-1.4,-2.1,0,0,0
R,,25281,-0.248,-0.151,-0.934,0.1,-3.2,-0.9,0,0,0
R,,25291,-0.249,-0.149,-0.936,0.0,-3.0,-0.8,0,0,0
R,,25316,-0.249,-0.152,-0.938,0.2,-3.3,-1.0,0,0,0
R,,25376,-0.249,-0.150,-0.935,0.3,-3.0,-1.0,0,0,0
R,,25436,-0.249,-0.153,-0.936,0.6,-3.2,-0.9,0,0,0
R,,25497,-0.251,-0.154,-0.935,0.0,-3.4,-1.1,0,0,0
R,,25556,-0.248,-0.151,-0.936,0.2,-3.0,-0.9,0,0,0
R,,25616,-0.249,-0.149,-0.936,0.3,-3.2,-0.9,0,0,0
R,,25676,-0.247,-0.151,-0.936,0.1,-3.3,-1.1,0,0,0
R,,25736,-0.248,-0.151,-0.938,0.1,-3.2,-0.9,0,0,0
R,,25796,-0.249,-0.153,-0.935,0.2,-3.2,-0.9,0,0,0
R,,25856,-0.247,-0.152,-0.935,0.4,-3.2,-0.8,0,0,0
R,,25916,-0.228,-0.155,-0.944,0.0,-2.5,-0.9,0,0,0
R,,25976,-0.259,-0.150,-0.937,-0.4,-3.6,-0.8,0,0,0
R,,26037,-0.251,-0.148,-0.935,0.2,-3.9,-0.6,0,0,0
R,,26096,-0.251,-0.140,-0.939,0.4,-3.5,-1.0,0,0,0
R,,26156,-0.251,-0.148,-0.937,0.0,-3.2,-0.9,0,0,0
R,,26216,-0.250,-0.147,-0.935,0.0,-3.1,-0.8,0,0,0
R,,26276,-0.248,-0.147,-0.938,0.0,-3.3,-0.9,0,0,0
R,,26336,-0.250,-0.151,-0.935,0.5,-3.5,-1.0,0,0,0
R,,26396,-0.250,-0.148,-0.935,0.1,-3.3,-0.9,0,0,0
R,,26486,-0.249,-0.151,-0.936,0.2,-3.2,-0.8,0,0,0
R,,26577,-0.249,-0.148,-0.939,0.2,-3.3,-0.9,0,0,0
R,,26636,-0.249,-0.153,-0.936,0.3,-3.2,-0.9,0,0,0
R,,26696,-0.249,-0.150,-0.939,0.4,-3.2,-1.0,0,0,0
R,,26756,-0.247,-0.150,-0.935,0.2,-3.3,-1.1,0,0,0
R,,26816,-0.247,-0.147,-0.936,0.0,-3.6,-0.7,0,0,0
R,,26876,-0.250,-0.152,-0.936,0.2,-3.2,-1.0,0,0,0
R,,26936,-0.250,-0.149,-0.940,0.2,-3.2,-1.0,0,0,0
R,,26997,-0.246,-0.152,-0.937,0.1,-3.1,-0.8,0,0,0
R,,27056,-0.249,-0.150,-0.936,0.2,-3.2,-0.9,0,0,0
R,,27117,-0.247,-0.150,-0.937,0.2,-3.2,-0.8,0,0,0
R,,27176,-0.249,-0.149,-0.937,0.0,-3.2,-1.1,0,0,0
R,,27236,-0.251,-0.147,-0.935,0.0,-3.1,-0.6,0,0,0
R,,27296,-0.246,-0.152,-0.939,-0.2,-3.2,-1.0,0,0,0
R,,27385,-0.248,-0.151,-0.939,0.4,-3.3,-0.9,0,0,0
R,,27446,-0.248,-0.152,-0.934,0.1,-3.2,-0.9,0,0,0
R,,27506,-0.251,-0.150,-0.938,0.0,-3.3,-0.9,0,0,0
R,,27566,-0.246,-0.153,-0.938,0.2,-3.4,-1.1,0,0,0
R,,27626,-0.250,-0.152,-0.937,0.2,-3.2,-0.9,0,0,0
R,,27686,-0.247,-0.150,-0.936,0.2,-3.2,-0.9,0,0,0
R,,27747,-0.248,-0.148,-0.937,0.1,-3.3,-0.9,0,0,0
R,,27806,-0.245,-0.151,-0.936,0.1,-3.2,-0.9,0,0,0
R,,27867,-0.248,-0.150,-0.935,0.3,-3.6,-0.9,0,0,0
R,,27926,-0.249,-0.153,-0.935,0.2,-3.4,-0.9,0,0,0
R,,27986,-0.247,-0.152,-0.937,0.0,-3.3,-1.0,0,0,0
R,,28491,-0.248,-0.150,-0.937,0.2,-3.2,-1.0,0,0,0
R,,28501,-0.247,-0.152,-0.939,0.2,-3.2,-1.0,0,0,0
R,,28526,-0.248,-0.151,-0.938,0.2,-3.2,-0.9,0,0,0
R,,28586,-0.247,-0.152,-0.936,0.2,-3.2,-0.9,0,0,0
R,,28646,-0.246,-0.149,-0.936,0.1,-3.2,-1.1,0,0,0
R,,28707,-0.249,-0.152,-0.939,0.2,-3.0,-0.7,0,0,0
R,,28766,-0.247,-0.152,-0.937,0.2,-3.2,-0.8,0,0,0
R,,28827,-0.251,-0.151,-0.938,0.1,-3.3,-1.1,0,0,0
R,,28886,-0.245,-0.152,-0.938,0.2,-3.2,-0.9,0,0,0
R,,28947,-0.247,-0.151,-0.935,0.3,-3.2,-0.9,0,0,0
R,,29006,-0.248,-0.151,-0.935,0.0,-3.2,-1.0,0,0,0
R,,29066,-0.247,-0.151,-0.939,0.2,-3.2,-0.9,0,0,0
R,,29126,-0.248,-0.152,-0.939,0.2,-3.2,-0.9,0,0,0
R,,29186,-0.245,-0.149,-0.936,0.1,-3.2,-1.0,0,0,0
R,,29247,-0.250,-0.149,-0.939,0.2,-3.4,-1.1,0,0,0
R,,29306,-0.246,-0.152,-0.935,0.1,-3.2,-0.9,0,0,0
R,,29367,-0.247,-0.152,-0.938,0.1,-3.2,-0.9,0,0,0
R,,29426,-0.248,-0.152,-0.937,0.1,-3.4,-0.9,0,0,0
R,,29487,-0.250,-0.151,-0.939,0.1,-3.2,-0.9,0,0,0
R,,29546,-0.246,-0.152,-0.936,0.1,-3.2,-0.9,0,0,0
R,,29606,-0.243,-0.151,-0.938,0.4,-3.4,-0.9,0,0,0
R,,29666,-0.248,-0.151,-0.939,0.2,-3.3,-1.0,0,0,0
R,,29726,-0.247,-0.150,-0.936,0.2,-3.2,-0.9,0,0,0
R,,29787,-0.248,-0.152,-0.937,0.2,-3.2,-0.9,0,0,0
R,,29846,-0.248,-0.149,-0.936,0.2,-3.4,-1.1,0,0,0
R,,29907,-0.247,-0.151,-0.936,0.3,-3.3,-0.9,0,0,0
R,,29966,-0.247,-0.151,-0.938,0.2,-3.3,-0.8,0,0,0
R,,30026,-0.250,-0.150,-0.936,0.1,-3.2,-0.9,0,0,0
R,,30086,-0.247,-0.149,-0.937,0.2,-3.2,-0.9,0,0,0
R,,30146,-0.247,-0.152,-0.936,0.2,-3.1,-0.9,0,0,0
R,,30207,-0.245,-0.150,-0.936,0.2,-3.2,-0.9,0,0,0
R,,30296,-0.249,-0.152,-0.935,0.2,-3.3,-0.9,0,0,0
R,,30356,-0.247,-0.150,-0.936,0.1,-3.2,-0.9,0,0,0
R,,30416,-0.247,-0.151,-0.937,0.0,-3.2,-0.9,0,0,0
R,,30476,-0.248,-0.152,-0.937,0.0,-3.2,-0.9,0,0,0
R,,30537,-0.247,-0.149,-0.935,0.1,-3.2,-0.7,0,0,0
R,,30596,-0.246,-0.148,-0.937,0.2,-3.2,-0.9,0,0,0
R,,30657,-0.247,-0.151,-0.937,0.1,-3.3,-0.9,0,0,0
R,,30716,-0.248,-0.151,-0.935,0.0,-3.3,-0.9,0,0,0
R,,30777,-0.249,-0.151,-0.936,0.2,-3.2,-0.8,0,0,0
R,,30836,-0.250,-0.150,-0.938,0.2,-3.2,-0.9,0,0,0
R,,30896,-0.246,-0.150,-0.938,0.2,-3.5,-0.9,0,0,0
R,,30956,-0.247,-0.150,-0.936,0.1,-3.3,-0.9,0,0,0
R,,31016,-0.247,-0.154,-0.938,0.2,-3.3,-0.9,0,0,0
R,,31077,-0.246,-0.152,-0.936,0.1,-3.2,-1.0,0,0,0
R,,31136,-0.247,-0.152,-0.939,0.2,-3.2,-0.9,0,0,0
R,,31851,-0.248,-0.149,-0.936,0.2,-3.2,-0.8,0,0,0
R,,31861,-0.249,-0.149,-0.939,0.1,-3.1,-0.9,0,0,0
R,,31886,-0.247,-0.152,-0.937,0.2,-3.2,-0.9,0,0,0
R,,31947,-0.246,-0.152,-0.937,0.1,-3.4,-1.0,0,0,0
R,,32006,-0.249,-0.150,-0.936,0.2,-3.3,-0.8,0,0,0
R,,32067,-0.250,-0.150,-0.935,0.2,-3.2,-0.8,0,0,0
R,,32126,-0.248,-0.151,-0.938,0.1,-3.3,-0.9,0,0,0
R,,32186,-0.248,-0.151,-0.934,0.2,-3.2,-1.1,0,0,0
R,,32247,-0.247,-0.150,-0.938,0.2,-3.2,-0.9,0,0,0
R,,32306,-0.248,-0.151,-0.938,0.1,-3.3,-0.9,0,0,0
R,,32367,-0.249,-0.148,-0.936,0.2,-3.3,-1.0,0,0,0
R,,32426,-0.248,-0.153,-0.939,0.2,-3.4,-0.9,0,0,0
R,,32487,-0.249,-0.150,-0.937,0.2,-3.1,-0.9,0,0,0
R,,32546,-0.250,-0.151,-0.939,0.2,-3.3,-1.0,0,0,0
R,,32607,-0.247,-0.149,-0.940,0.1,-3.2,-1.0,0,0,0
R,,32666,-0.246,-0.153,-0.937,0.2,-3.2,-0.9,0,0,0
R,,32726,-0.247,-0.151,-0.939,0.1,-3.3,-1.0,0,0,0
R,,32787,-0.248,-0.149,-0.937,0.0,-3.3,-1.0,0,0,0
R,,32846,-0.248,-0.153,-0.938,0.1,-3.3,-0.9,0,0,0
R,,32907,-0.249,-0.150,-0.940,0.2,-3.2,-0.9,0,0,0
R,,32966,-0.247,-0.150,-0.937,0.1,-3.3,-1.1,0,0,0
R,,33027,-0.247,-0.150,-0.937,0.2,-3.2,-0.9,0,0,0
R,,33086,-0.247,-0.152,-0.936,0.2,-3.2,-1.0,0,0,0
R,,33146,-0.247,-0.150,-0.938,0.2,-3.2,-0.9,0,0,0
R,,33207,-0.246,-0.150,-0.935,0.2,-3.4,-1.1,0,0,0
R,,33266,-0.246,-0.153,-0.936,0.1,-3.2,-0.8,0,0,0
R,,33327,-0.249,-0.148,-0.936,0.3,-3.2,-0.9,0,0,0
R,,33386,-0.248,-0.152,-0.939,0.1,-3.2,-0.8,0,0,0
R,,33447,-0.249,-0.152,-0.936,0.2,-3.2,-1.0,0,0,0
R,,33506,-0.248,-0.149,-0.939,0.2,-3.3,-1.0,0,0,0
R,,33567,-0.248,-0.152,-0.937,0.1,-3.4,-1.0,0,0,0
R,,33626,-0.248,-0.150,-0.938,0.2,-3.2,-1.0,0,0,0
R,,33686,-0.246,-0.153,-0.938,0.1,-3.2,-0.8,0,0,0
R,,33777,-0.249,-0.150,-0.939,0.1,-3.2,-0.8,0,0,0
R,,33836,-0.248,-0.151,-0.940,0.3,-3.4,-1.1,0,0,0
R,,33897,-0.247,-0.149,-0.939,0.1,-3.2,-0.9,0,0,0
R,,33957,-0.246,-0.153,-0.937,0.1,-3.3,-0.9,0,0,0
R,,34016,-0.247,-0.150,-0.939,0.1,-3.2,-1.0,0,0,0
R,,34076,-0.248,-0.152,-0.937,0.2,-3.2,-0.9,0,0,0
R,,34136,-0.247,-0.152,-0.938,0.2,-3.2,-0.9,0,0,0
R,,34197,-0.249,-0.148,-0.937,0.2,-3.2,-0.8,0,0,0
R,,34256,-0.248,-0.150,-0.937,0.1,-3.3,-1.1,0,0,0
R,,34317,-0.248,-0.149,-0.938,0.1,-3.2,-0.8,0,0,0
R,,34376,-0.248,-0.149,-0.938,0.1,-3.2,-0.9,0,0,0
R,,34466,-0.247,-0.151,-0.936,0.2,-3.2,-1.0,0,0,0
R,,34527,-0.246,-0.150,-0.939,0.2,-3.2,-0.9,0,0,0
R,,35031,-0.245,-0.151,-0.939,0.1,-3.2,-0.8,0,0,0
R,,35041,-0.246,-0.150,-0.937,0.2,-3.2,-0.9,0,0,0
R,,35067,-0.247,-0.152,-0.938,0.2,-3.3,-1.0,0,0,0
R,,35126,-0.246,-0.150,-0.938,0.1,-3.2,-0.9,0,0,0
R,,35187,-0.248,-0.150,-0.936,0.1,-3.2,-0.7,0,0,0
R,,35247,-0.247,-0.151,-0.937,0.1,-3.2,-0.9,0,0,0
R,,35306,-0.248,-0.151,-0.937,0.2,-3.4,-1.0,0,0,0
R,,35366,-0.247,-0.148,-0.939,0.0,-3.2,-0.9,0,0,0
R,,35426,-0.246,-0.151,-0.938,0.2,-3.3,-0.9,0,0,0
R,,35487,-0.247,-0.150,-0.940,0.0,-3.3,-0.9,0,0,0
R,,35546,-0.246,-0.151,-0.937,0.1,-3.2,-0.9,0,0,0
R,,35607,-0.248,-0.149,-0.937,0.2,-3.2,-0.9,0,0,0
R,,35666,-0.249,-0.150,-0.938,0.2,-3.3,-0.9,0,0,0
R,,35726,-0.246,-0.149,-0.936,0.1,-3.2,-1.1,0,0,0
R,,35787,-0.248,-0.152,-0.937,0.1,-3.2,-1.0,0,0,0
R,,35846,-0.246,-0.151,-0.938,0.2,-3.2,-0.8,0,0,0
R,,35907,-0.246,-0.152,-0.938,0.2,-3.3,-0.9,0,0,0
R,,35966,-0.245,-0.151,-0.940,0.2,-3.2,-1.0,0,0,0
R,,36070,-0.248,-0.149,-0.937,0.2,-3.4,-1.0,0,0,0
R,,36086,-0.247,-0.148,-0.936,0.2,-3.2,-0.9,0,0,0
R,,36147,-0.247,-0.151,-0.937,0.0,-3.4,-1.1,0,0,0
R,,36207,-0.245,-0.151,-0.936,0.2,-3.2,-0.9,0,0,0
R,,36266,-0.246,-0.150,-0.938,0.2,-3.1,-0.9,0,0,0
R,,36327,-0.248,-0.150,-0.937,0.1,-3.3,-0.9,0,0,0
R,,36386,-0.247,-0.152,-0.937,0.2,-3.3,-1.0,0,0,0
R,,36447,-0.247,-0.149,-0.938,0.1,-3.3,-0.9,0,0,0
R,,36506,-0.248,-0.149,-0.939,0.3,-3.2,-0.9,0,0,0
R,,36567,-0.248,-0.152,-0.938,0.2,-3.4,-1.0,0,0,0
R,,36626,-0.247,-0.151,-0.936,0.2,-3.2,-0.9,0,0,0
R,,36687,-0.247,-0.149,-0.937,0.2,-3.2,-0.9,0,0,0
R,,36747,-0.246,-0.150,-0.939,0.0,-3.2,-0.9,0,0,0
R,,36806,-0.245,-0.151,-0.938,0.2,-3.3,-1.0,0,0,0
R,,36867,-0.247,-0.150,-0.936,0.1,-3.2,-0.9,0,0,0
R,,36926,-0.248,-0.149,-0.939,0.2,-3.2,-0.8,0,0,0
R,,36987,-0.249,-0.150,-0.937,0.2,-3.3,-1.0,0,0,0
R,,37046,-0.247,-0.149,-0.936,0.1,-3.2,-0.9,0,0,0
R,,37107,-0.248,-0.151,-0.937,0.2,-3.1,-0.8,0,0,0
R,,37166,-0.248,-0.152,-0.937,0.2,-3.2,-0.9,0,0,0
R,,37227,-0.247,-0.150,-0.935,0.2,-3.3,-1.1,0,0,0
R,,37287,-0.245,-0.151,-0.938,0.2,-3.3,-0.9,0,0,0
R,,37346,-0.245,-0.152,-0.937,0.2,-3.1,-0.9,0,0,0
R,,37407,-0.246,-0.152,-0.936,0.0,-3.4,-1.1,0,0,0
R,,37465,-0.249,-0.149,-0.937,0.0,-3.2,-0.8,0,0,0
R,,37527,-0.247,-0.151,-0.936,0.2,-3.1,-0.9,0,0,0
R,,37586,-0.247,-0.148,-0.939,0.1,-3.3,-1.0,0,0,0
R,,37647,-0.245,-0.149,-0.937,0.2,-3.2,-1.1,0,0,0
R,,38151,-0.245,-0.150,-0.938,0.2,-3.2,-0.9,0,0,0
R,,38161,-0.248,-0.150,-0.936,0.0,-3.2,-0.8,0,0,0
R,,38187,-0.247,-0.151,-0.939,0.2,-3.2,-0.9,0,0,0
R,,38247,-0.247,-0.150,-0.936,0.1,-3.2,-1.0,0,0,0
R,,38307,-0.247,-0.149,-0.938,0.0,-3.2,-0.9,0,0,0
R,,38367,-0.247,-0.151,-0.939,0.2,-3.2,-0.9,0,0,0
R,,38426,-0.246,-0.151,-0.937,0.1,-3.3,-1.0,0,0,0
R,,38486,-0.247,-0.150,-0.938,0.1,-3.2,-0.9,0,0,0
R,,38546,-0.248,-0.152,-0.938,0.1,-3.2,-0.7,0,0,0
R,,38607,-0.248,-0.151,-0.939,0.3,-3.3,-0.9,0,0,0
R,,38666,-0.244,-0.150,-0.936,0.1,-3.4,-1.1,0,0,0
R,,38727,-0.246,-0.149,-0.936,0.2,-3.2,-0.9,0,0,0
R,,38787,-0.246,-0.149,-0.937,0.2,-3.2,-0.9,0,0,0
R,,38846,-0.245,-0.151,-0.937,0.0,-3.3,-0.8,0,0,0
R,,38907,-0.245,-0.151,-0.939,0.1,-3.5,-0.9,0,0,0
R,,38966,-0.246,-0.151,-0.937,0.2,-3.1,-0.9,0,0,0
R,,39027,-0.246,-0.151,-0.936,0.2,-3.1,-1.1,0,0,0
R,,39086,-0.246,-0.149,-0.941,0.1,-3.3,-1.1,0,0,0
R,,39147,-0.247,-0.149,-0.938,0.1,-3.2,-0.9,0,0,0
R,,39207,-0.245,-0.147,-0.936,0.2,-3.1,-0.7,0,0,0
R,,39267,-0.247,-0.151,-0.937,0.2,-3.2,-0.9,0,0,0
R,,39327,-0.248,-0.151,-0.937,0.2,-3.3,-1.1,0,0,0
R,,39386,-0.249,-0.147,-0.939,0.0,-3.2,-0.8,0,0,0
R,,39477,-0.245,-0.150,-0.938,0.2,-3.2,-0.9,0,0,0
R,,39537,-0.247,-0.150,-0.938,0.2,-3.3,-0.9,0,0,0
R,,39597,-0.246,-0.152,-0.937,0.2,-3.3,-0.8,0,0,0
R,,39657,-0.247,-0.151,-0.938,0.1,-3.2,-0.8,0,0,0
R,,39716,-0.247,-0.153,-0.938,0.1,-3.4,-1.0,0,0,0
R,,39776,-0.244,-0.149,-0.941,0.2,-3.2,-0.9,0,0,0
R,,39836,-0.246,-0.148,-0.938,0.2,-3.2,-0.9,0,0,0
R,,39897,-0.247,-0.151,-0.935,0.2,-3.2,-0.9,0,0,0
R,,39957,-0.246,-0.150,-0.935,0.0,-3.1,-0.9,0,0,0
R,,40017,-0.245,-0.150,-0.935,0.2,-3.2,-0.9,0,0,0
R,,40077,-0.244,-0.150,-0.939,0.2,-3.4,-1.0,0,0,0
R,,40136,-0.247,-0.149,-0.937,0.2,-3.3,-1.0,0,0,0
R,,40197,-0.246,-0.151,-0.939,0.2,-3.2,-0.9,0,0,0
R,,40256,-0.247,-0.151,-0.938,0.2,-3.1,-0.8,0,0,0
R,,40317,-0.246,-0.150,-0.935,0.2,-3.3,-0.9,0,0,0
R,,40376,-0.248,-0.153,-0.939,0.1,-3.3,-1.1,0,0,0
R,,40437,-0.247,-0.151,-0.937,0.0,-3.2,-0.9,0,0,0
R,,40497,-0.249,-0.153,-0.939,0.2,-3.2,-0.9,0,0,0
R,,40557,-0.247,-0.150,-0.937,0.1,-3.3,-1.0,0,0,0
R,,40617,-0.246,-0.153,-0.939,0.2,-3.3,-0.9,0,0,0
R,,40676,-0.247,-0.148,-0.938,0.2,-3.2,-0.8,0,0,0
R,,40737,-0.244,-0.151,-0.938,0.2,-3.2,-0.9,0,0,0
R,,40796,-0.244,-0.150,-0.939,0.0,-3.3,-0.9,0,0,0
R,,41301,-0.249,-0.150,-0.937,0.2,-3.2,-0.9,0,0,0
R,,41311,-0.246,-0.150,-0.936,0.0,-3.4,-1.0,0,0,0
R,,41336,-0.248,-0.151,-0.940,0.2,-3.0,-0.9,0,0,0
R,,41397,-0.246,-0.151,-0.941,0.2,-3.2,-0.9,0,0,0
R,,41457,-0.245,-0.150,-0.938,0.2,-3.4,-0.9,0,0,0
R,,41517,-0.247,-0.150,-0.939,0.2,-3.2,-0.7,0,0,0
R,,41577,-0.247,-0.152,-0.939,0.2,-3.3,-1.0,0,0,0
R,,41637,-0.247,-0.151,-0.939,0.1,-3.3,-1.0,0,0,0
R,,41697,-0.246,-0.151,-0.937,0.2,-3.4,-0.9,0,0,0
R,,41756,-0.248,-0.151,-0.937,0.4,-3.2,-0.9,0,0,0
R,,41847,-0.246,-0.148,-0.937,0.1,-3.5,-1.1,0,0,0
R,,41907,-0.246,-0.150,-0.939,0.2,-3.2,-1.0,0,0,0
R,,41966,-0.248,-0.149,-0.939,0.2,-3.2,-0.9,0,0,0
R,,42027,-0.246,-0.151,-0.937,0.1,-3.2,-0.9,0,0,0
R,,42086,-0.246,-0.151,-0.938,0.2,-3.2,-0.9,0,0,0
R,,42147,-0.247,-0.151,-0.938,0.2,-3.2,-0.9,0,0,0
R,,42207,-0.245,-0.153,-0.936,0.1,-3.2,-0.9,0,0,0
R,,42267,-0.247,-0.149,-0.940,0.1,-3.3,-1.0,0,0,0
R,,42327,-0.246,-0.150,-0.938,0.0,-3.2,-0.8,0,0,0
R,,42387,-0.248,-0.150,-0.936,0.3,-3.2,-0.9,0,0,0
R,,42447,-0.247,-0.148,-0.939,0.2,-3.2,-0.9,0,0,0
R,,42506,-0.245,-0.150,-0.940,0.2,-3.2,-1.0,0,0,0
R,,42567,-0.246,-0.151,-0.938,0.1,-3.3,-0.9,0,0,0
R,,42626,-0.247,-0.151,-0.935,0.2,-3.3,-0.9,0,0,0
R,,42687,-0.245,-0.150,-0.937,0.2,-3.4,-1.0,0,0,0
R,,42747,-0.246,-0.151,-0.938,0.1,-3.2,-0.8,0,0,0
R,,42807,-0.247,-0.150,-0.936,0.2,-3.2,-0.9,0,0,0
R,,42897,-0.244,-0.151,-0.940,0.1,-3.3,-1.1,0,0,0
R,,42957,-0.246,-0.150,-0.935,0.1,-3.2,-0.9,0,0,0
R,,43017,-0.246,-0.151,-0.936,0.2,-3.2,-0.8,0,0,0
R,,43077,-0.246,-0.151,-0.937,0.2,-3.3,-0.9,0,0,0
R,,43137,-0.245,-0.150,-0.938,0.2,-3.2,-0.9,0,0,0
R,,43197,-0.244,-0.149,-0.937,0.2,-3.2,-0.9,0,0,0
R,,43256,-0.246,-0.150,-0.937,0.1,-3.2,-0.9,0,0,0
R,,43317,-0.247,-0.151,-0.937,0.1,-3.2,-1.0,0,0,0
R,,43376,-0.248,-0.153,-0.935,0.1,-3.2,-0.9,0,0,0
R,,43437,-0.245,-0.150,-0.936,0.2,-3.2,-1.0,0,0,0
R,,43497,-0.246,-0.150,-0.937,0.2,-3.3,-1.0,0,0,0
R,,43557,-0.247,-0.151,-0.938,0.1,-3.3,-0.9,0,0,0
R,,43617,-0.247,-0.150,-0.937,0.2,-3.2,-0.9,0,0,0
R,,43677,-0.248,-0.151,-0.936,0.1,-3.3,-1.0,0,0,0
R,,43737,-0.245,-0.150,-0.936,0.2,-3.5,-0.9,0,0,0
R,,43796,-0.245,-0.151,-0.938,0.2,-3.2,-0.8,0,0,0
R,,43857,-0.246,-0.151,-0.938,0.1,-3.3,-0.9,0,0,0
R,,43947,-0.248,-0.153,-0.937,0.2,-3.2,-1.0,0,0,0
R,,44007,-0.247,-0.150,-0.938,0.0,-3.2,-0.9,0,0,0
R,,44721,-0.244,-0.149,-0.937,0.1,-3.2,-0.9,0,0,0
R,,44731,-0.245,-0.149,-0.939,0.1,-3.4,-0.9,0,0,0
R,,44757,-0.245,-0.151,-0.940,0.2,-3.4,-1.1,0,0,0
R,,44817,-0.246,-0.150,-0.936,0.1,-3.3,-0.7,0,0,0
R,,44876,-0.246,-0.149,-0.939,0.0,-3.3,-0.8,0,0,0
R,,44937,-0.247,-0.149,-0.938,0.1,-3.2,-1.1,0,0,0
R,,44997,-0.248,-0.150,-0.938,0.2,-3.2,-0.9,0,0,0
R,,45057,-0.248,-0.149,-0.937,0.1,-3.2,-0.8,0,0,0
R,,45117,-0.244,-0.148,-0.937,0.2,-3.4,-1.1,0,0,0
R,,45177,-0.245,-0.147,-0.939,0.0,-3.3,-1.1,0,0,0
R,,45237,-0.247,-0.151,-0.939,0.2,-3.2,-0.9,0,0,0
R,,45297,-0.247,-0.148,-0.936,0.4,-3.3,-0.9,0,0,0
R,,45357,-0.245,-0.150,-0.937,0.1,-3.2,-1.0,0,0,0
R,,45416,-0.246,-0.151,-0.940,0.2,-3.3,-0.9,0,0,0
R,,45476,-0.247,-0.150,-0.938,0.2,-3.3,-0.9,0,0,0
R,,45537,-0.246,-0.150,-0.939,0.2,-3.2,-1.0,0,0,0
R,,45597,-0.246,-0.151,-0.939,0.1,-3.3,-1.1,0,0,0
R,,45657,-0.247,-0.151,-0.940,0.0,-3.2,-0.9,0,0,0
R,,45717,-0.245,-0.150,-0.937,0.2,-3.2,-0.9,0,0,0
R,,45777,-0.246,-0.151,-0.937,0.1,-3.3,-0.9,0,0,0
R,,45836,-0.246,-0.149,-0.935,0.2,-3.2,-1.0,0,0,0
R,,45897,-0.244,-0.151,-0.937,0.2,-3.2,-0.9,0,0,0
R,,45957,-0.244,-0.152,-0.934,0.2,-3.2,-1.0,0,0,0
R,,46017,-0.246,-0.151,-0.938,0.0,-3.4,-1.0,0,0,0
R,,46077,-0.247,-0.149,-0.937,0.1,-3.2,-0.9,0,0,0
R,,46137,-0.247,-0.151,-0.939,0.2,-3.2,-0.9,0,0,0
R,,46197,-0.246,-0.150,-0.938,0.1,-3.3,-0.9,0,0,0
R,,46257,-0.245,-0.151,-0.939,0.2,-3.2,-1.0,0,0,0
R,,46317,-0.246,-0.151,-0.937,0.2,-3.2,-0.8,0,0,0
R,,46376,-0.244,-0.150,-0.938,0.2,-3.3,-0.8,0,0,0
R,,46437,-0.247,-0.152,-0.937,0.2,-3.3,-0.9,0,0,0
R,,46497,-0.246,-0.149,-0.937,0.2,-3.3,-0.9,0,0,0
R,,46557,-0.246,-0.150,-0.936,0.2,-3.1,-0.8,0,0,0
R,,46617,-0.244,-0.151,-0.937,0.2,-3.3,-1.0,0,0,0
R,,46677,-0.246,-0.149,-0.937,0.2,-3.4,-1.1,0,0,0
R,,46737,-0.246,-0.151,-0.939,0.2,-3.2,-0.9,0,0,0
R,,46797,-0.247,-0.152,-0.938,0.3,-3.2,-0.9,0,0,0
R,,46857,-0.246,-0.149,-0.937,0.0,-3.3,-1.0,0,0,0
R,,46916,-0.244,-0.148,-0.937,0.1,-3.2,-0.9,0,0,0
R,,46977,-0.244,-0.148,-0.938,0.2,-3.2,-0.9,0,0,0
R,,47037,-0.246,-0.150,-0.939,0.2,-3.4,-1.0,0,0,0
R,,47097,-0.246,-0.149,-0.936,0.2,-3.4,-0.9,0,0,0
R,,47157,-0.244,-0.149,-0.938,0.2,-3.3,-0.9,0,0,0
R,,47217,-0.246,-0.149,-0.937,0.1,-3.2,-1.0,0,0,0
R,,47277,-0.246,-0.150,-0.935,0.0,-3.2,-1.1,0,0,0
R,,47337,-0.246,-0.150,-0.937,0.1,-3.2,-1.0,0,0,0
R,,47841,-0.245,-0.148,-0.937,0.0,-3.2,-0.8,0,0,0
R,,47851,-0.247,-0.149,-0.938,0.2,-3.3,-0.9,0,0,0
R,,47877,-0.247,-0.149,-0.941,0.1,-3.2,-0.8,0,0,0
R,,47937,-0.249,-0.152,-0.939,0.1,-3.4,-1.0,0,0,0
R,,47997,-0.245,-0.150,-0.938,0.2,-3.3,-0.9,0,0,0
R,,48087,-0.245,-0.152,-0.935,0.1,-3.2,-1.0,0,0,0
R,,48147,-0.247,-0.151,-0.936,0.2,-3.3,-1.0,0,0,0
R,,48207,-0.245,-0.151,-0.939,0.2,-3.1,-0.9,0,0,0
R,,48267,-0.245,-0.149,-0.935,0.1,-3.2,-0.9,0,0,0
R,,48327,-0.247,-0.148,-0.939,0.1,-3.2,-1.0,0,0,0
R,,48387,-0.246,-0.150,-0.938,0.0,-3.2,-1.1,0,0,0
R,,48447,-0.247,-0.150,-0.938,0.2,-3.2,-0.9,0,0,0
R,,48507,-0.247,-0.150,-0.936,0.1,-3.2,-0.9,0,0,0
R,,48567,-0.246,-0.149,-0.939,0.1,-3.3,-1.1,0,0,0
R,,48627,-0.247,-0.150,-0.936,0.2,-3.2,-0.9,0,0,0
R,,48687,-0.245,-0.148,-0.936,0.2,-3.2,-0.9,0,0,0
R,,48747,-0.246,-0.150,-0.938,0.2,-3.2,-0.9,0,0,0
R,,48807,-0.245,-0.151,-0.936,0.2,-3.3,-1.0,0,0,0
R,,48867,-0.243,-0.150,-0.940,0.2,-3.2,-0.9,0,0,0
R,,48927,-0.246,-0.151,-0.937,0.0,-3.3,-0.9,0,0,0
R,,48987,-0.247,-0.150,-0.936,0.2,-3.4,-1.1,0,0,0
R,,49047,-0.246,-0.151,-0.936,0.2,-3.3,-0.8,0,0,0
R,,49107,-0.245,-0.153,-0.938,0.2,-3.3,-0.9,0,0,0
R,,49167,-0.244,-0.150,-0.937,0.2,-3.2,-0.9,0,0,0
R,,49227,-0.244,-0.148,-0.939,0.1,-3.2,-0.9,0,0,0
R,,49287,-0.248,-0.151,-0.936,0.2,-3.2,-0.7,0,0,0
R,,49346,-0.245,-0.151,-0.938,0.0,-3.2,-0.8,0,0,0
R,,49407,-0.246,-0.151,-0.938,0.1,-3.3,-1.1,0,0,0
R,,49467,-0.246,-0.152,-0.939,0.1,-3.2,-0.9,0,0,0
R,,49527,-0.245,-0.151,-0.936,0.1,-3.2,-0.9,0,0,0
R,,49587,-0.246,-0.150,-0.938,0.2,-3.2,-0.9,0,0,0
R,,49647,-0.247,-0.150,-0.939,0.2,-3.2,-0.8,0,0,0
R,,49707,-0.244,-0.147,-0.939,0.2,-3.0,-0.9,0,0,0
R,,49767,-0.247,-0.148,-0.938,0.1,-3.3,-0.9,0,0,0
R,,49827,-0.245,-0.152,-0.936,0.2,-3.3,-1.1,0,0,0
R,,49887,-0.247,-0.149,-0.937,0.1,-3.2,-0.9,0,0,0
R,,49947,-0.244,-0.149,-0.937,0.2,-3.3,-1.0,0,0,0
R,,50007,-0.244,-0.150,-0.935,0.0,-3.2,-0.9,0,0,0
R,,50067,-0.249,-0.150,-0.936,0.1,-3.3,-1.0,0,0,0
R,,50127,-0.246,-0.148,-0.938,0.2,-3.2,-0.8,0,0,0
R,,50187,-0.247,-0.149,-0.939,0.2,-3.2,-1.0,0,0,0
R,,50247,-0.245,-0.149,-0.939,0.2,-3.3,-1.1,0,0,0
R,,50307,-0.246,-0.151,-0.937,0.1,-3.0,-0.9,0,0,0
R,,50367,-0.246,-0.150,-0.937,0.2,-3.2,-0.9,0,0,0
R,,50427,-0.248,-0.148,-0.938,0.0,-3.2,-0.9,0,0,0
R,,50487,-0.247,-0.152,-0.940,0.2,-3.2,-1.1,0,0,0
R,,50992,-0.247,-0.149,-0.937,0.2,-3.2,-0.9,0,0,0
R,,51002,-0.246,-0.150,-0.937,0.1,-3.2,-0.9,0,0,0
R,,51027,-0.245,-0.150,-0.938,0.1,-3.2,-0.9,0,0,0
R,,51087,-0.248,-0.150,-0.939,0.2,-3.3,-1.0,0,0,0
R,,51147,-0.247,-0.147,-0.940,0.2,-3.4,-1.0,0,0,0
R,,51208,-0.244,-0.149,-0.937,0.1,-3.2,-0.7,0,0,0
R,,51267,-0.246,-0.150,-0.941,0.2,-3.2,-0.9,0,0,0
R,,51327,-0.245,-0.150,-0.938,0.2,-3.4,-1.0,0,0,0
R,,51387,-0.247,-0.152,-0.938,0.2,-3.2,-0.8,0,0,0
R,,51447,-0.246,-0.151,-0.939,0.2,-3.2,-0.9,0,0,0
R,,51507,-0.246,-0.149,-0.940,0.1,-3.2,-0.9,0,0,0
R,,51567,-0.246,-0.151,-0.935,0.1,-3.4,-1.0,0,0,0
R,,51627,-0.246,-0.149,-0.935,0.2,-3.2,-0.8,0,0,0
R,,51687,-0.245,-0.151,-0.940,0.2,-3.3,-0.9,0,0,0
R,,51748,-0.245,-0.152,-0.937,0.1,-3.3,-1.0,0,0,0
R,,51807,-0.246,-0.149,-0.938,0.2,-3.2,-0.9,0,0,0
R,,51867,-0.249,-0.149,-0.938,0.3,-3.1,-0.9,0,0,0
R,,51927,-0.244,-0.150,-0.938,0.1,-3.4,-0.9,0,0,0
R,,51987,-0.245,-0.149,-0.939,0.2,-3.3,-1.0,0,0,0
R,,52047,-0.245,-0.150,-0.938,0.1,-3.3,-0.8,0,0,0
R,,52107,-0.246,-0.150,-0.937,0.2,-3.2,-0.9,0,0,0
R,,52167,-0.247,-0.151,-0.938,0.2,-3.3,-1.1,0,0,0
R,,52227,-0.247,-0.151,-0.937,0.3,-3.2,-0.8,0,0,0
R,,52288,-0.243,-0.148,-0.937,0.1,-3.2,-0.9,0,0,0
R,,52347,-0.245,-0.150,-0.938,0.2,-3.3,-0.9,0,0,0
R,,52407,-0.245,-0.147,-0.939,0.0,-3.3,-1.1,0,0,0
R,,52466,-0.244,-0.151,-0.936,0.2,-3.2,-0.9,0,0,0
R,,52527,-0.247,-0.150,-0.939,0.1,-3.3,-0.8,0,0,0
R,,52587,-0.247,-0.151,-0.938,0.2,-3.5,-1.0,0,0,0
R,,52647,-0.245,-0.150,-0.937,0.1,-3.2,-0.9,0,0,0
R,,52708,-0.246,-0.150,-0.940,0.1,-3.2,-0.9,0,0,0
R,,52767,-0.246,-0.153,-0.936,0.1,-3.2,-1.0,0,0,0
R,,52827,-0.246,-0.149,-0.937,0.2,-3.2,-1.1,0,0,0
R,,52887,-0.246,-0.152,-0.938,0.1,-3.3,-0.9,0,0,0
R,,52947,-0.245,-0.147,-0.938,0.0,-3.2,-0.8,0,0,0
R,,53007,-0.248,-0.149,-0.938,0.1,-3.5,-1.1,0,0,0
R,,53067,-0.248,-0.151,-0.940,0.2,-3.2,-0.9,0,0,0
R,,53127,-0.245,-0.150,-0.938,0.2,-3.2,-0.9,0,0,0
R,,53187,-0.244,-0.150,-0.937,0.2,-3.4,-0.9,0,0,0
R,,53248,-0.245,-0.152,-0.939,0.2,-3.2,-1.1,0,0,0
R,,53337,-0.245,-0.150,-0.940,0.1,-3.2,-0.9,0,0,0
R,,53397,-0.247,-0.150,-0.937,0.2,-3.2,-0.9,0,0,0
R,,53458,-0.244,-0.151,-0.937,0.1,-3.3,-0.9,0,0,0
R,,53517,-0.246,-0.149,-0.935,0.2,-3.4,-1.0,0,0,0
R,,53578,-0.246,-0.151,-0.938,0.2,-3.2,-0.8,0,0,0
R,,53637,-0.244,-0.150,-0.935,0.0,-3.2,-1.0,0,0,0
R,,54352,-0.244,-0.151,-0.937,0.2,-3.3,-0.9,0,0,0
R,,54362,-0.245,-0.150,-0.940,0.2,-3.2,-0.9,0,0,0
R,,54387,-0.245,-0.152,-0.936,0.1,-3.3,-0.9,0,0,0
R,,54447,-0.244,-0.149,-0.938,0.1,-3.3,-0.9,0,0,0
R,,54507,-0.245,-0.151,-0.937,0.2,-3.2,-0.8,0,0,0
R,,54567,-0.246,-0.150,-0.937,0.1,-3.3,-1.0,0,0,0
R,,54627,-0.248,-0.152,-0.939,0.1,-3.4,-1.1,0,0,0
R,,54687,-0.245,-0.150,-0.940,0.3,-3.2,-0.9,0,0,0
R,,54748,-0.247,-0.150,-0.939,0.2,-3.2,-0.9,0,0,0
R,,54807,-0.247,-0.148,-0.937,0.1,-3.3,-1.0,0,0,0
R,,54868,-0.246,-0.149,-0.940,0.2,-3.3,-1.1,0,0,0
R,,54927,-0.248,-0.148,-0.936,0.1,-3.2,-1.0,0,0,0
R,,54987,-0.245,-0.148,-0.938,0.2,-3.2,-0.9,0,0,0
R,,55047,-0.247,-0.150,-0.937,0.2,-3.3,-0.9,0,0,0
R,,55107,-0.247,-0.150,-0.936,0.2,-3.2,-0.9,0,0,0
R,,55167,-0.245,-0.151,-0.935,0.1,-3.2,-0.8,0,0,0
R,,55227,-0.246,-0.150,-0.938,0.2,-3.3,-0.9,0,0,0
R,,55288,-0.246,-0.149,-0.937,0.2,-3.3,-1.1,0,0,0
R,,55347,-0.246,-0.148,-0.936,0.2,-3.3,-0.9,0,0,0
R,,55408,-0.248,-0.150,-0.941,0.2,-3.2,-0.9,0,0,0
R,,55467,-0.246,-0.150,-0.938,0.1,-3.3,-0.9,0,0,0
R,,55527,-0.245,-0.151,-0.937,0.1,-3.4,-1.0,0,0,0
R,,55587,-0.246,-0.149,-0.938,0.0,-3.2,-0.7,0,0,0
R,,55647,-0.245,-0.149,-0.938,0.2,-3.1,-0.8,0,0,0
R,,55708,-0.245,-0.150,-0.936,0.2,-3.2,-0.9,0,0,0
R,,55767,-0.247,-0.151,-0.939,0.2,-3.2,-1.0,0,0,0
R,,55828,-0.244,-0.148,-0.937,0.2,-3.2,-0.9,0,0,0
R,,55887,-0.245,-0.148,-0.935,0.3,-3.2,-0.9,0,0,0
R,,55948,-0.245,-0.149,-0.936,0.0,-3.3,-0.9,0,0,0
R,,56007,-0.247,-0.151,-0.936,0.1,-3.2,-0.9,0,0,0
R,,56067,-0.246,-0.150,-0.938,0.2,-3.2,-0.9,0,0,0
R,,56127,-0.247,-0.151,-0.938,0.2,-3.3,-0.9,0,0,0
R,,56187,-0.247,-0.148,-0.937,0.2,-3.2,-0.9,0,0,0
R,,56248,-0.245,-0.151,-0.937,0.2,-3.3,-0.9,0,0,0
R,,56307,-0.245,-0.153,-0.940,0.2,-3.1,-0.7,0,0,0
R,,56368,-0.246,-0.149,-0.939,0.1,-3.2,-0.9,0,0,0
R,,56427,-0.245,-0.150,-0.939,0.1,-3.4,-1.1,0,0,0
R,,56488,-0.241,-0.150,-0.937,0.0,-3.2,-0.9,0,0,0
R,,56547,-0.246,-0.150,-0.936,0.2,-3.1,-0.9,0,0,0
R,,56607,-0.243,-0.150,-0.935,0.0,-3.2,-0.9,0,0,0
R,,56667,-0.245,-0.151,-0.938,0.1,-3.2,-0.9,0,0,0
R,,56727,-0.245,-0.148,-0.939,0.2,-3.2,-0.9,0,0,0
R,,56788,-0.245,-0.150,-0.938,0.1,-3.2,-0.9,0,0,0
R,,56847,-0.244,-0.151,-0.937,0.2,-3.3,-0.9,0,0,0
R,,56908,-0.247,-0.150,-0.939,0.0,-3.2,-0.9,0,0,0
R,,56967,-0.246,-0.151,-0.937,0.2,-3.2,-0.8,0,0,0
R,,57472,-0.246,-0.150,-0.938,0.1,-3.2,-0.9,0,0,0
R,,57482,-0.246,-0.152,-0.940,0.2,-3.2,-0.9,0,0,0
R,,57507,-0.247,-0.150,-0.937,0.0,-3.3,-1.0,0,0,0
R,,57567,-0.246,-0.152,-0.939,0.1,-3.3,-1.0,0,0,0
R,,57627,-0.245,-0.149,-0.940,0.1,-3.2,-0.9,0,0,0
R,,57687,-0.247,-0.151,-0.938,0.2,-3.3,-0.9,0,0,0
R,,57748,-0.245,-0.149,-0.936,0.1,-3.3,-0.9,0,0,0
R,,57807,-0.244,-0.150,-0.938,0.2,-3.2,-1.1,0,0,0
R,,57868,-0.246,-0.149,-0.938,0.1,-3.2,-0.8,0,0,0
R,,57927,-0.244,-0.150,-0.938,0.2,-3.2,-0.9,0,0,0
R,,57988,-0.244,-0.149,-0.937,0.1,-3.5,-0.9,0,0,0
R,,58047,-0.245,-0.148,-0.937,0.2,-3.3,-1.0,0,0,0
R,,58107,-0.246,-0.150,-0.937,0.0,-3.2,-0.8,0,0,0
R,,58167,-0.244,-0.150,-0.937,0.2,-3.2,-1.0,0,0,0
R,,58227,-0.245,-0.151,-0.938,0.2,-3.3,-1.0,0,0,0
R,,58288,-0.246,-0.150,-0.936,0.2,-3.2,-1.1,0,0,0
R,,58347,-0.246,-0.150,-0.935,0.2,-3.2,-0.9,0,0,0
R,,58408,-0.246,-0.151,-0.938,0.2,-3.2,-0.8,0,0,0
R,,58467,-0.244,-0.150,-0.937,0.2,-3.4,-1.0,0,0,0
R,,58528,-0.246,-0.150,-0.937,0.2,-3.3,-1.0,0,0,0
R,,58587,-0.247,-0.151,-0.939,0.2,-3.3,-0.9,0,0,0
R,,58647,-0.245,-0.151,-0.940,0.0,-3.2,-0.9,0,0,0
R,,58708,-0.244,-0.149,-0.938,0.2,-3.3,-1.0,0,0,0
R,,58767,-0.244,-0.148,-0.939,0.2,-3.2,-0.9,0,0,0
R,,58828,-0.246,-0.149,-0.935,0.1,-3.2,-0.9,0,0,0
R,,58887,-0.247,-0.152,-0.937,0.2,-3.3,-0.9,0,0,0
R,,58948,-0.245,-0.150,-0.938,0.1,-3.2,-1.0,0,0,0
R,,59007,-0.246,-0.150,-0.938,0.1,-3.2,-0.9,0,0,0
R,,59068,-0.247,-0.150,-0.936,0.2,-3.3,-1.0,0,0,0
R,,59127,-0.245,-0.149,-0.937,0.2,-3.2,-0.9,0,0,0
R,,59187,-0.247,-0.150,-0.938,0.2,-3.2,-0.8,0,0,0
R,,59248,-0.247,-0.150,-0.940,0.1,-3.2,-0.9,0,0,0
R,,59307,-0.241,-0.149,-0.937,0.2,-3.2,-0.9,0,0,0
R,,59368,-0.246,-0.149,-0.937,0.2,-3.4,-1.0,0,0,0
R,,59427,-0.247,-0.152,-0.939,0.1,-3.3,-0.9,0,0,0
R,,59488,-0.248,-0.150,-0.938,0.3,-3.2,-0.9,0,0,0
R,,59547,-0.244,-0.147,-0.937,0.2,-3.2,-0.9,0,0,0
R,,59608,-0.247,-0.151,-0.936,0.0,-3.2,-1.0,0,0,0
R,,59667,-0.246,-0.150,-0.939,0.2,-3.2,-0.8,0,0,0
R,,59727,-0.247,-0.148,-0.938,0.1,-3.2,-0.9,0,0,0
R,,59788,-0.244,-0.152,-0.937,0.1,-3.2,-0.9,0,0,0
R,,59846,-0.247,-0.149,-0.936,0.2,-3.2,-1.1,0,0,0
R,,59908,-0.244,-0.152,-0.938,0.2,-3.2,-0.9,0,0,0
R,,59967,-0.244,-0.150,-0.939,0.2,-3.2,-0.9,0,0,0
R,,60028,-0.246,-0.149,-0.940,0.0,-3.2,-0.9,0,0,0
R,,60087,-0.244,-0.150,-0.936,0.2,-3.2,-1.0,0,0,0
R,,60592,-0.246,-0.149,-0.940,0.0,-3.2,-0.9,0,0,0
R,,60602,-0.245,-0.150,-0.937,0.2,-3.2,-0.9,0,0,0
R,,60627,-0.248,-0.150,-0.939,0.1,-3.2,-0.8,0,0,0
R,,60688,-0.245,-0.153,-0.939,0.2,-3.2,-1.0,0,0,0
R,,60748,-0.245,-0.149,-0.939,0.1,-3.2,-1.0,0,0,0
R,,60807,-0.244,-0.150,-0.941,0.2,-3.1,-1.0,0,0,0
R,,60868,-0.247,-0.150,-0.939,0.3,-3.1,-0.9,0,0,0
R,,60927,-0.244,-0.149,-0.936,0.1,-3.3,-0.9,0,0,0
R,,60988,-0.246,-0.151,-0.937,0.0,-3.4,-1.1,0,0,0
R,,61047,-0.246,-0.147,-0.938,0.2,-3.2,-1.0,0,0,0
R,,61108,-0.244,-0.148,-0.938,0.2,-3.2,-0.9,0,0,0
R,,61167,-0.247,-0.151,-0.939,0.0,-3.2,-0.9,0,0,0
R,,61228,-0.247,-0.149,-0.940,0.2,-3.3,-1.0,0,0,0
R,,61288,-0.246,-0.150,-0.938,0.2,-3.2,-0.8,0,0,0
R,,61347,-0.245,-0.149,-0.938,0.1,-3.3,-1.0,0,0,0
R,,61408,-0.246,-0.150,-0.939,0.1,-3.3,-0.9,0,0,0
R,,61467,-0.247,-0.149,-0.937,0.0,-3.4,-1.0,0,0,0
R,,61528,-0.244,-0.150,-0.938,0.0,-3.1,-0.9,0,0,0
R,,61587,-0.244,-0.150,-0.936,0.2,-3.1,-0.9,0,0,0
R,,61648,-0.247,-0.149,-0.938,0.0,-3.4,-1.0,0,0,0
R,,61708,-0.246,-0.151,-0.938,0.0,-3.2,-0.8,0,0,0
R,,61768,-0.244,-0.149,-0.938,0.3,-3.2,-0.8,0,0,0
R,,61828,-0.245,-0.149,-0.939,0.2,-3.2,-0.9,0,0,0
R,,61887,-0.248,-0.152,-0.937,0.1,-3.3,-1.0,0,0,0
R,,61978,-0.244,-0.150,-0.937,0.2,-3.1,-0.8,0,0,0
R,,62038,-0.245,-0.151,-0.939,0.2,-3.3,-0.9,0,0,0
R,,62097,-0.246,-0.152,-0.937,0.2,-3.4,-0.9,0,0,0
R,,62188,-0.244,-0.149,-0.937,0.2,-3.4,-0.9,0,0,0
R,,62278,-0.245,-0.149,-0.938,0.2,-3.3,-1.0,0,0,0
R,,62337,-0.244,-0.151,-0.938,0.2,-3.3,-0.9,0,0,0
R,,62398,-0.245,-0.151,-0.936,0.2,-3.2,-1.0,0,0,0
R,,62458,-0.245,-0.149,-0.936,0.2,-3.2,-0.9,0,0,0
R,,62518,-0.246,-0.151,-0.936,0.2,-3.2,-0.9,0,0,0
R,,62578,-0.245,-0.150,-0.937,0.0,-3.2,-1.0,0,0,0
R,,62637,-0.246,-0.150,-0.938,0.2,-3.3,-1.0,0,0,0
R,,62698,-0.246,-0.150,-0.941,0.2,-3.3,-0.9,0,0,0
R,,62757,-0.246,-0.151,-0.938,0.2,-3.2,-0.9,0,0,0
R,,62818,-0.244,-0.148,-0.936,0.1,-3.3,-1.0,0,0,0
R,,62877,-0.246,-0.150,-0.938,0.1,-3.2,-0.9,0,0,0
R,,62938,-0.246,-0.150,-0.938,0.2,-3.2,-0.9,0,0,0
R,,62998,-0.244,-0.150,-0.938,0.1,-3.2,-0.9,0,0,0
R,,63088,-0.244,-0.148,-0.939,0.1,-3.4,-1.0,0,0,0
R,,63148,-0.245,-0.150,-0.937,0.2,-3.2,-0.7,0,0,0
R,,63208,-0.245,-0.151,-0.936,0.2,-3.2,-1.0,0,0,0
R,,63268,-0.244,-0.151,-0.939,0.0,-3.4,-1.1,0,0,0
R,,63328,-0.245,-0.150,-0.938,0.2,-3.2,-0.9,0,0,0
R,,63833,-0.247,-0.150,-0.938,0.2,-3.2,-0.8,0,0,0
R,,63843,-0.245,-0.150,-0.939,0.1,-3.2,-0.9,0,0,0
R,,63868,-0.245,-0.150,-0.940,0.2,-3.2,-0.9,0,0,0
R,,63927,-0.244,-0.150,-0.938,0.0,-3.4,-1.0,0,0,0
R,,63988,-0.244,-0.150,-0.939,0.1,-3.3,-1.0,0,0,0
R,,64047,-0.245,-0.151,-0.939,0.2,-3.2,-0.9,0,0,0
R,,64108,-0.246,-0.148,-0.938,0.2,-3.4,-0.9,0,0,0
R,,64167,-0.246,-0.151,-0.937,0.1,-3.2,-1.0,0,0,0
R,,64228,-0.247,-0.150,-0.937,0.2,-3.2,-0.7,0,0,0
R,,64318,-0.246,-0.149,-0.941,0.0,-3.3,-0.9,0,0,0
R,,64377,-0.246,-0.149,-0.937,0.2,-3.4,-1.1,0,0,0
R,,64438,-0.245,-0.151,-0.936,0.2,-3.1,-0.9,0,0,0
R,,64498,-0.246,-0.148,-0.938,0.2,-3.2,-0.9,0,0,0
R,,64558,-0.245,-0.150,-0.937,0.2,-3.2,-0.9,0,0,0
R,,64618,-0.246,-0.149,-0.935,0.2,-3.3,-0.9,0,0,0
R,,64678,-0.246,-0.151,-0.938,0.1,-3.3,-0.7,0,0,0
R,,64738,-0.246,-0.148,-0.938,0.2,-3.2,-0.9,0,0,0
R,,64797,-0.246,-0.151,-0.938,0.2,-3.3,-1.1,0,0,0
R,,64858,-0.246,-0.149,-0.938,0.2,-3.2,-0.9,0,0,0
R,,64917,-0.246,-0.150,-0.937,0.3,-3.1,-1.1,0,0,0
R,,64978,-0.245,-0.150,-0.937,0.1,-3.3,-0.9,0,0,0
R,,65038,-0.244,-0.150,-0.938,0.0,-3.2,-0.9,0,0,0
R,,65098,-0.246,-0.150,-0.938,0.1,-3.1,-0.8,0,0,0
R,,65158,-0.243,-0.148,-0.936,0.2,-3.3,-1.0,0,0,0
R,,65217,-0.246,-0.150,-0.940,0.2,-3.4,-1.0,0,0,0
R,,65278,-0.246,-0.148,-0.938,0.2,-3.2,-0.8,0,0,0
R,,65337,-0.246,-0.150,-0.937,0.2,-3.2,-0.9,0,0,0
R,,65398,-0.245,-0.149,-0.939,0.2,-3.3,-0.9,0,0,0
R,,65458,-0.245,-0.149,-0.939,0.2,-3.2,-1.1,0,0,0
R,,65518,-0.246,-0.149,-0.937,0.1,-3.1,-0.8,0,0,0
R,,65578,-0.244,-0.149,-0.937,0.1,-3.2,-0.9,0,0,0
R,,65638,-0.245,-0.148,-0.940,0.2,-3.4,-1.0,0,0,0
R,,65698,-0.246,-0.150,-0.936,0.2,-3.2,-0.8,0,0,0
R,,65757,-0.246,-0.151,-0.938,0.1,-3.3,-1.1,0,0,0
R,,65818,-0.245,-0.150,-0.939,0.2,-3.2,-1.0,0,0,0
R,,65876,-0.246,-0.148,-0.937,0.2,-3.2,-1.1,0,0,0
R,,65938,-0.244,-0.151,-0.939,0.2,-3.2,-0.8,0,0,0
R,,65998,-0.246,-0.148,-0.940,0.2,-3.2,-0.9,0,0,0
R,,66058,-0.245,-0.149,-0.937,0.1,-3.3,-0.9,0,0,0
R,,66118,-0.245,-0.147,-0.937,0.1,-3.2,-0.9,0,0,0
R,,66178,-0.247,-0.153,-0.937,0.2,-3.3,-0.9,0,0,0
R,,66238,-0.245,-0.150,-0.939,0.2,-3.2,-0.9,0,0,0
R,,66297,-0.245,-0.151,-0.938,0.2,-3.2,-1.1,0,0,0
R,,66358,-0.244,-0.150,-0.937,0.1,-3.2,-0.8,0,0,0
R,,66417,-0.243,-0.149,-0.940,0.2,-3.2,-0.9,0,0,0
R,,66478,-0.244,-0.151,-0.936,0.1,-3.5,-1.0,0,0,0
R,,67222,-0.245,-0.149,-0.937,0.2,-3.2,-0.9,0,0,0
R,,67232,-0.245,-0.151,-0.938,0.1,-3.3,-1.0,0,0,0
R,,67258,-0.246,-0.149,-0.939,0.2,-3.2,-0.9,0,0,0
R,,67318,-0.246,-0.152,-0.939,0.2,-3.3,-1.0,0,0,0
R,,67377,-0.246,-0.150,-0.937,0.1,-3.2,-1.0,0,0,0
R,,67437,-0.246,-0.148,-0.938,0.3,-3.1,-0.8,0,0,0
R,,67498,-0.245,-0.151,-0.936,0.1,-3.3,-0.8,0,0,0
R,,67558,-0.245,-0.146,-0.941,0.0,-3.5,-1.0,0,0,0
R,,67618,-0.245,-0.151,-0.936,0.2,-3.3,-0.9,0,0,0
R,,67678,-0.244,-0.148,-0.937,0.1,-3.3,-0.9,0,0,0
R,,67738,-0.245,-0.148,-0.938,0.1,-3.2,-1.0,0,0,0
R,,67797,-0.245,-0.151,-0.935,0.2,-3.4,-1.1,0,0,0
R,,67858,-0.245,-0.148,-0.940,0.2,-3.2,-0.9,0,0,0
R,,67917,-0.244,-0.152,-0.940,0.2,-3.2,-0.9,0,0,0
R,,67978,-0.243,-0.148,-0.937,0.1,-3.3,-1.0,0,0,0
R,,68038,-0.246,-0.151,-0.939,0.0,-3.2,-0.9,0,0,0
R,,68098,-0.247,-0.150,-0.938,0.2,-3.2,-0.7,0,0,0
R,,68158,-0.244,-0.151,-0.938,0.1,-3.2,-0.8,0,0,0
R,,68218,-0.245,-0.151,-0.938,0.2,-3.2,-1.0,0,0,0
R,,68278,-0.244,-0.150,-0.938,0.2,-3.2,-0.9,0,0,0
R,,68337,-0.247,-0.148,-0.938,0.2,-3.3,-0.9,0,0,0
R,,68398,-0.245,-0.149,-0.937,0.2,-3.3,-1.1,0,0,0
R,,68458,-0.245,-0.148,-0.935,0.1,-3.2,-0.7,0,0,0
R,,68518,-0.245,-0.150,-0.935,0.2,-3.0,-0.9,0,0,0
R,,68578,-0.244,-0.150,-0.940,0.1,-3.2,-0.8,0,0,0
R,,68638,-0.244,-0.151,-0.938,0.2,-3.3,-1.1,0,0,0
R,,68698,-0.244,-0.151,-0.938,0.2,-3.2,-0.9,0,0,0
R,,68758,-0.245,-0.150,-0.939,0.2,-3.2,-1.0,0,0,0
R,,68818,-0.245,-0.151,-0.939,0.1,-3.2,-1.0,0,0,0
R,,68877,-0.245,-0.150,-0.939,0.2,-3.2,-0.8,0,0,0
R,,68938,-0.245,-0.149,-0.935,0.2,-3.1,-0.9,0,0,0
R,,68998,-0.245,-0.150,-0.937,0.1,-3.4,-1.0,0,0,0
R,,69058,-0.245,-0.149,-0.939,0.1,-3.2,-0.9,0,0,0
R,,69118,-0.244,-0.150,-0.940,0.2,-3.1,-0.9,0,0,0
R,,69178,-0.244,-0.151,-0.936,0.1,-3.2,-0.9,0,0,0
R,,69238,-0.246,-0.149,-0.940,0.0,-3.4,-0.9,0,0,0
R,,69298,-0.244,-0.149,-0.939,0.2,-3.2,-0.9,0,0,0
R,,69358,-0.245,-0.149,-0.939,0.2,-3.2,-0.9,0,0,0
R,,69417,-0.246,-0.150,-0.937,0.1,-3.2,-0.9,0,0,0
R,,69478,-0.244,-0.150,-0.939,0.2,-3.2,-0.8,0,0,0
R,,69538,-0.245,-0.151,-0.937,0.2,-3.2,-0.9,0,0,0
R,,69598,-0.242,-0.151,-0.938,0.1,-3.2,-0.9,0,0,0
R,,69658,-0.245,-0.152,-0.939,0.1,-3.2,-1.1,0,0,0
R,,69718,-0.246,-0.151,-0.939,0.2,-3.3,-0.9,0,0,0
R,,69778,-0.246,-0.148,-0.938,0.2,-3.3,-1.0,0,0,0
R,,69838,-0.244,-0.150,-0.937,0.2,-3.4,-1.2,0,0,0
R,,70341,-0.244,-0.151,-0.940,0.2,-3.1,-0.9,0,0,0
R,,70351,-0.244,-0.150,-0.939,0.2,-3.3,-0.8,0,0,0
R,,70377,-0.245,-0.148,-0.940,0.1,-3.2,-0.9,0,0,0
R,,70438,-0.245,-0.148,-0.938,0.2,-3.2,-0.9,0,0,0
R,,70498,-0.244,-0.152,-0.938,0.1,-3.2,-1.0,0,0,0
R,,70558,-0.245,-0.151,-0.940,0.2,-3.2,-0.9,0,0,0
R,,70618,-0.245,-0.150,-0.936,0.2,-3.4,-0.9,0,0,0
R,,70678,-0.245,-0.148,-0.938,0.2,-3.2,-0.9,0,0,0
R,,70738,-0.244,-0.149,-0.937,0.1,-3.2,-0.9,0,0,0
R,,70798,-0.244,-0.150,-0.938,0.2,-3.2,-0.9,0,0,0
R,,70858,-0.245,-0.151,-0.938,0.3,-3.2,-0.9,0,0,0
R,,70917,-0.246,-0.151,-0.938,0.2,-3.2,-0.9,0,0,0
R,,70978,-0.247,-0.149,-0.940,0.2,-3.1,-0.8,0,0,0
R,,71038,-0.244,-0.150,-0.938,0.2,-3.3,-0.9,0,0,0
R,,71098,-0.245,-0.150,-0.938,0.1,-3.3,-1.0,0,0,0
R,,71158,-0.246,-0.151,-0.936,0.1,-3.2,-0.9,0,0,0
R,,71218,-0.246,-0.151,-0.938,0.2,-3.3,-0.9,0,0,0
R,,71278,-0.244,-0.150,-0.937,0.2,-3.3,-1.0,0,0,0
R,,71338,-0.245,-0.149,-0.937,0.2,-3.3,-1.0,0,0,0
R,,71398,-0.247,-0.150,-0.938,0.2,-3.2,-0.9,0,0,0
R,,71458,-0.244,-0.148,-0.937,0.2,-3.2,-0.9,0,0,0
R,,71518,-0.244,-0.150,-0.938,0.1,-3.4,-1.0,0,0,0
R,,71578,-0.247,-0.151,-0.939,0.0,-3.2,-0.9,0,0,0
R,,71638,-0.243,-0.149,-0.938,0.3,-3.2,-0.9,0,0,0
R,,71698,-0.244,-0.151,-0.939,0.1,-3.2,-0.9,0,0,0
R,,71758,-0.245,-0.150,-0.939,0.2,-3.3,-1.1,0,0,0
R,,71818,-0.246,-0.150,-0.938,0.3,-3.2,-0.9,0,0,0
R,,71878,-0.246,-0.150,-0.937,0.1,-3.2,-0.9,0,0,0
R,,71938,-0.246,-0.148,-0.938,0.2,-3.3,-1.0,0,0,0
R,,71998,-0.246,-0.151,-0.937,0.1,-3.2,-1.0,0,0,0
R,,72058,-0.246,-0.148,-0.938,0.2,-3.2,-0.8,0,0,0
R,,72118,-0.246,-0.149,-0.939,0.1,-3.3,-0.9,0,0,0
R,,72178,-0.244,-0.146,-0.937,0.2,-3.4,-0.9,0,0,0
R,,72238,-0.246,-0.149,-0.939,0.2,-3.2,-0.8,0,0,0
R,,72298,-0.246,-0.148,-0.939,0.1,-3.2,-0.9,0,0,0
R,,72358,-0.245,-0.151,-0.940,0.0,-3.3,-1.0,0,0,0
R,,72418,-0.246,-0.151,-0.938,0.2,-3.2,-1.0,0,0,0
R,,72478,-0.245,-0.148,-0.938,0.3,-3.2,-0.9,0,0,0
R,,72538,-0.246,-0.150,-0.937,0.0,-3.2,-0.7,0,0,0
R,,72598,-0.245,-0.149,-0.936,0.2,-3.4,-1.0,0,0,0
R,,72658,-0.245,-0.151,-0.940,0.2,-3.2,-0.9,0,0,0
R,,72718,-0.244,-0.149,-0.936,0.2,-3.3,-0.9,0,0,0
R,,72778,-0.243,-0.149,-0.938,0.0,-3.3,-0.9,0,0,0
R,,72838,-0.247,-0.150,-0.937,0.1,-3.2,-0.9,0,0,0
R,,72898,-0.244,-0.149,-0.937,0.2,-3.2,-0.9,0,0,0
R,,72958,-0.246,-0.149,-0.937,0.2,-3.2,-0.9,0,0,0
R,,73461,-0.245,-0.151,-0.936,0.2,-3.4,-0.9,0,0,0
R,,73471,-0.246,-0.149,-0.939,0.2,-3.3,-0.9,0,0,0
R,,73498,-0.244,-0.148,-0.937,0.0,-3.2,-1.0,0,0,0
R,,73558,-0.245,-0.148,-0.935,0.1,-3.1,-0.9,0,0,0
R,,73618,-0.248,-0.148,-0.939,0.1,-3.3,-0.9,0,0,0
R,,73678,-0.245,-0.148,-0.939,0.2,-3.3,-1.0,0,0,0
R,,73738,-0.246,-0.148,-0.940,0.1,-3.3,-0.7,0,0,0
R,,73798,-0.248,-0.147,-0.939,0.1,-3.4,-0.9,0,0,0
R,,73858,-0.246,-0.151,-0.939,0.0,-3.2,-1.1,0,0,0
R,,73918,-0.246,-0.150,-0.938,0.1,-3.2,-0.9,0,0,0
R,,73978,-0.244,-0.149,-0.938,0.1,-3.2,-0.9,0,0,0
R,,74038,-0.244,-0.147,-0.939,0.0,-3.3,-0.9,0,0,0
R,,74098,-0.244,-0.148,-0.941,0.0,-3.3,-0.9,0,0,0
R,,74158,-0.244,-0.151,-0.941,0.2,-3.2,-0.9,0,0,0
R,,74218,-0.245,-0.151,-0.938,0.2,-3.3,-0.9,0,0,0
R,,74278,-0.247,-0.152,-0.938,0.2,-3.1,-0.9,0,0,0
R,,74338,-0.244,-0.150,-0.937,0.0,-3.4,-1.1,0,0,0
R,,74398,-0.245,-0.150,-0.939,0.2,-3.2,-0.9,0,0,0
R,,74458,-0.244,-0.151,-0.939,0.2,-3.1,-1.0,0,0,0
R,,74518,-0.244,-0.151,-0.938,0.0,-3.2,-0.8,0,0,0
R,,74578,-0.244,-0.150,-0.936,0.0,-3.3,-1.0,0,0,0
R,,74638,-0.244,-0.147,-0.938,0.1,-3.3,-0.8,0,0,0
R,,74698,-0.244,-0.152,-0.938,0.3,-3.2,-0.8,0,0,0
R,,74758,-0.244,-0.151,-0.937,0.0,-3.2,-0.9,0,0,0
R,,74818,-0.244,-0.150,-0.937,0.1,-3.2,-0.9,0,0,0
R,,74878,-0.244,-0.149,-0.937,0.2,-3.2,-0.8,0,0,0
R,,74938,-0.244,-0.150,-0.938,0.3,-3.2,-0.9,0,0,0
R,,74999,-0.244,-0.151,-0.939,0.1,-3.4,-0.9,0,0,0
R,,75058,-0.247,-0.151,-0.936,0.0,-3.1,-0.9,0,0,0
R,,75118,-0.246,-0.151,-0.936,0.2,-3.1,-0.7,0,0,0
R,,75178,-0.245,-0.149,-0.937,0.1,-3.2,-0.9,0,0,0
R,,75238,-0.244,-0.148,-0.938,0.1,-3.5,-1.0,0,0,0
R,,75298,-0.242,-0.148,-0.939,0.2,-3.2,-0.9,0,0,0
R,,75358,-0.244,-0.150,-0.939,0.2,-3.1,-0.9,0,0,0
R,,75418,-0.244,-0.150,-0.935,0.0,-3.3,-0.9,0,0,0
R,,75478,-0.246,-0.152,-0.937,0.2,-3.2,-1.0,0,0,0
R,,75539,-0.244,-0.148,-0.937,0.1,-3.2,-0.8,0,0,0
R,,75598,-0.246,-0.151,-0.939,0.2,-3.1,-0.9,0,0,0
R,,75658,-0.245,-0.149,-0.939,0.0,-3.2,-0.9,0,0,0
R,,75718,-0.246,-0.151,-0.936,0.1,-3.2,-1.1,0,0,0
R,,75777,-0.242,-0.150,-0.939,0.2,-3.2,-0.8,0,0,0
R,,75838,-0.246,-0.150,-0.939,0.1,-3.2,-1.0,0,0,0
R,,75898,-0.247,-0.150,-0.940,0.2,-3.5,-1.1,0,0,0
R,,75958,-0.247,-0.149,-0.937,0.0,-3.3,-1.0,0,0,0
R,,76018,-0.244,-0.150,-0.936,0.0,-3.1,-0.9,0,0,0
R,,76079,-0.244,-0.150,-0.938,0.3,-3.2,-0.9,0,0,0
R,,76792,-0.245,-0.150,-0.937,0.1,-3.2,-0.9,0,0,0
R,,76802,-0.246,-0.150,-0.940,0.2,-3.1,-0.9,0,0,0
R,,76829,-0.245,-0.149,-0.938,0.3,-3.3,-1.0,0,0,0
R,,76888,-0.245,-0.151,-0.939,0.1,-3.2,-0.9,0,0,0
R,,76948,-0.244,-0.150,-0.940,0.2,-3.2,-0.8,0,0,0
R,,77008,-0.245,-0.153,-0.937,0.2,-3.4,-0.9,0,0,0
R,,77068,-0.250,-0.156,-0.933,0.4,-3.5,-1.1,0,0,0
R,,77128,-0.242,-0.152,-0.939,0.1,-3.1,-0.8,0,0,0
R,,77188,-0.247,-0.150,-0.941,0.4,-3.1,-1.1,0,0,0
R,,77249,-0.244,-0.152,-0.937,0.2,-2.9,-1.0,0,0,0
R,,77308,-0.246,-0.148,-0.939,0.1,-3.4,-0.9,0,0,0
R,,77369,-0.245,-0.151,-0.936,0.1,-3.0,-0.9,0,0,0
R,,77428,-0.243,-0.149,-0.936,0.0,-3.2,-0.9,0,0,0
R,,77488,-0.248,-0.150,-0.938,0.0,-3.4,-0.9,0,0,0
R,,77548,-0.246,-0.152,-0.937,0.2,-3.0,-0.9,0,0,0
R,,77608,-0.245,-0.151,-0.938,0.2,-3.2,-0.9,0,0,0
R,,77668,-0.244,-0.147,-0.939,0.1,-3.2,-0.9,0,0,0
R,,77728,-0.245,-0.148,-0.939,0.0,-3.3,-1.0,0,0,0
R,,77789,-0.244,-0.148,-0.936,0.1,-3.4,-0.6,0,0,0
R,,77848,-0.245,-0.152,-0.937,0.1,-3.3,-0.9,0,0,0
R,,77909,-0.248,-0.150,-0.943,0.0,-3.1,-1.1,0,0,0
R,,77968,-0.244,-0.149,-0.936,0.2,-3.1,-1.1,0,0,0
R,,78028,-0.245,-0.152,-0.935,0.3,-3.4,-0.9,0,0,0
R,,78119,-0.249,-0.153,-0.944,-0.1,-2.9,-0.9,0,0,0
R,,78178,-0.244,-0.150,-0.940,0.2,-3.5,-0.9,0,0,0
R,,78238,-0.245,-0.149,-0.935,0.1,-3.4,-0.8,0,0,0
R,,78298,-0.245,-0.154,-0.940,0.2,-3.0,-0.9,0,0,0
R,,78358,-0.244,-0.148,-0.937,0.0,-2.9,-1.1,0,0,0
R,,78418,-0.247,-0.151,-0.935,0.0,-3.2,-0.9,0,0,0
R,,78478,-0.245,-0.149,-0.936,0.2,-3.3,-0.8,0,0,0
R,,78539,-0.246,-0.148,-0.940,0.2,-3.1,-0.9,0,0,0
R,,78598,-0.247,-0.148,-0.938,0.4,-3.3,-1.0,0,0,0
R,,78659,-0.247,-0.149,-0.939,0.2,-3.3,-0.8,0,0,0
R,,78718,-0.246,-0.150,-0.936,0.1,-3.0,-0.9,0,0,0
R,,78778,-0.244,-0.150,-0.936,0.0,-3.3,-1.0,0,0,0
R,,78838,-0.244,-0.152,-0.938,0.2,-3.4,-1.0,0,0,0
R,,78898,-0.241,-0.170,-0.932,0.7,-3.0,-1.2,0,0,0
R,,78958,-0.278,-0.143,-0.917,-4.9,-4.7,1.1,0,0,0
R,,79048,-0.541,0.198,-1.130,23.5,45.0,-21.7,0,0,0
R,,79108,-0.161,-0.370,-1.187,4.3,11.4,-7.4,0,0,0
R,,79167,-0.226,-0.127,-0.801,-27.3,-16.7,13.7,0,0,0
R,,79228,-0.242,-0.203,-1.020,15.4,-3.2,-9.1,0,0,0
R,,79289,-0.243,-0.133,-0.898,-6.5,3.0,-1.4,0,0,0
R,,79348,-0.241,-0.174,-0.949,1.3,-6.5,0.2,0,0,0
R,,79409,-0.237,-0.148,-0.944,0.4,0.4,-2.0,0,0,0
R,,79468,-0.243,-0.155,-0.934,-1.6,-4.7,-0.2,0,0,0
R,,79973,-0.237,-0.135,-0.940,-0.4,-4.6,-1.2,0,0,0
R,,79983,-0.239,-0.142,-0.937,-0.7,-4.2,-1.4,0,0,0
R,,80008,-0.239,-0.140,-0.940,-0.6,-2.9,-1.6,0,0,0
R,,80068,-0.235,-0.129,-0.943,-0.5,-4.0,-1.3,0,0,0
R,,80128,-0.226,-0.134,-0.944,-0.4,-3.5,-1.4,0,0,0
R,,80188,-0.249,-0.148,-0.943,-0.5,-4.6,-0.5,0,0,0
R,,80249,-0.240,-0.137,-0.934,-0.2,-3.7,-1.2,0,0,0
R,,80308,-0.238,-0.133,-0.943,0.4,-3.6,-0.9,0,0,0
R,,80369,-0.241,-0.140,-0.940,0.2,-2.9,-1.1,0,0,0
R,,80428,-0.241,-0.136,-0.939,0.0,-3.5,-1.1,0,0,0
R,,80489,-0.240,-0.136,-0.942,0.0,-3.2,-0.9,0,0,0
R,,80548,-0.238,-0.139,-0.947,0.0,-3.6,-0.9,0,0,0
R,,80608,-0.242,-0.138,-0.943,0.1,-3.2,-1.0,0,0,0
R,,80668,-0.240,-0.135,-0.943,0.0,-3.2,-1.0,0,0,0
R,,80728,-0.239,-0.138,-0.942,0.2,-3.2,-0.8,0,0,0
R,,80789,-0.240,-0.136,-0.942,0.2,-3.2,-0.9,0,0,0
R,,80848,-0.239,-0.138,-0.943,0.4,-3.2,-1.1,0,0,0
R,,80909,-0.236,-0.136,-0.944,0.0,-3.2,-1.1,0,0,0
R,,80968,-0.239,-0.130,-0.951,-0.4,-4.2,-0.4,0,0,0
R,,81029,-0.271,-0.140,-0.949,-3.3,-5.6,1.0,0,0,0
R,,81088,-0.240,-0.173,-0.815,14.4,-22.8,-2.6,0,0,0
R,,81148,-0.249,-0.097,-0.960,-12.9,10.0,1.0,0,0,0
R,,81208,-0.244,-0.127,-0.892,-3.2,-1.7,-1.8,0,0,0
R,,81268,-0.249,-0.127,-0.960,2.5,-7.5,-0.9,0,0,0
R,,81329,-0.248,-0.133,-0.954,-2.1,-0.8,-0.4,0,0,0
R,,81388,-0.246,-0.125,-0.924,-1.3,-3.0,-0.4,0,0,0
R,,81449,-0.247,-0.128,-0.941,1.0,-3.7,-0.9,0,0,0
R,,81508,-0.249,-0.128,-0.944,0.4,-2.8,-0.9,0,0,0
R,,81569,-0.248,-0.128,-0.939,-0.4,-3.0,-0.9,0,0,0
R,,81659,-0.249,-0.130,-0.944,0.0,-3.2,-0.8,0,0,0
R,,81718,-0.245,-0.128,-0.941,0.5,-2.6,-1.1,0,0,0
R,,81779,-0.249,-0.127,-0.940,0.2,-2.9,-1.3,0,0,0
R,,81838,-0.245,-0.128,-0.940,0.4,-3.0,-1.0,0,0,0
R,,81899,-0.248,-0.131,-0.942,0.7,-2.7,-1.1,0,0,0
R,,81958,-0.244,-0.133,-0.942,0.7,-2.7,-1.2,0,0,0
R,,82018,-0.244,-0.128,-0.940,0.5,-3.0,-1.3,0,0,0
R,,82078,-0.246,-0.133,-0.943,0.6,-2.9,-1.2,0,0,0
R,,82138,-0.245,-0.132,-0.939,0.4,-3.0,-1.0,0,0,0
R,,82199,-0.244,-0.131,-0.940,0.2,-3.1,-1.1,0,0,0
R,,82258,-0.244,-0.131,-0.940,0.3,-3.0,-1.1,0,0,0
R,,82319,-0.244,-0.131,-0.940,0.2,-3.2,-0.9,0,0,0
R,,82378,-0.247,-0.133,-0.942,0.4,-3.0,-1.1,0,0,0
R,,82438,-0.244,-0.135,-0.941,0.4,-3.1,-1.2,0,0,0
R,,82499,-0.241,-0.132,-0.942,0.4,-3.0,-1.1,0,0,0
R,,82558,-0.244,-0.133,-0.939,0.7,-3.0,-1.1,0,0,0
R,,82619,-0.243,-0.134,-0.941,0.5,-2.9,-1.1,0,0,0
R,,83124,-0.243,-0.135,-0.941,0.1,-3.3,-0.9,0,0,0
R,,83134,-0.241,-0.136,-0.941,0.2,-3.2,-0.9,0,0,0
R,,83159,-0.240,-0.134,-0.940,0.2,-3.4,-1.2,0,0,0
R,,83218,-0.239,-0.134,-0.943,0.1,-3.2,-0.9,0,0,0
R,,83279,-0.242,-0.135,-0.940,0.2,-3.2,-0.9,0,0,0
R,,83338,-0.240,-0.134,-0.940,0.2,-3.2,-1.1,0,0,0
R,,83399,-0.243,-0.132,-0.942,0.2,-3.2,-0.9,0,0,0
R,,83458,-0.244,-0.135,-0.942,0.2,-3.1,-0.9,0,0,0
R,,83518,-0.244,-0.134,-0.940,0.2,-3.3,-1.0,0,0,0
R,,83579,-0.241,-0.135,-0.940,0.2,-3.4,-1.1,0,0,0
R,,83638,-0.243,-0.135,-0.939,0.0,-3.3,-0.9,0,0,0
R,,83699,-0.244,-0.136,-0.941,0.1,-3.2,-0.9,0,0,0
R,,83758,-0.242,-0.135,-0.942,0.1,-3.2,-0.9,0,0,0
R,,83819,-0.242,-0.135,-0.942,0.2,-3.1,-1.1,0,0,0
R,,83878,-0.241,-0.132,-0.943,0.3,-3.2,-0.9,0,0,0
R,,83939,-0.242,-0.135,-0.942,0.1,-3.2,-0.9,0,0,0
R,,83999,-0.241,-0.132,-0.940,0.1,-3.3,-0.9,0,0,0
R,,84058,-0.240,-0.135,-0.942,0.1,-3.2,-1.0,0,0,0
R,,84119,-0.240,-0.135,-0.941,0.2,-3.2,-0.9,0,0,0
R,,84178,-0.242,-0.133,-0.944,0.2,-3.2,-0.9,0,0,0
R,,84239,-0.242,-0.135,-0.941,0.2,-3.4,-1.1,0,0,0
R,,84298,-0.240,-0.134,-0.941,0.1,-3.1,-0.9,0,0,0
R,,84359,-0.242,-0.137,-0.941,0.2,-3.2,-0.8,0,0,0
R,,84461,-0.242,-0.137,-0.941,0.1,-3.2,-0.9,0,0,0
R,,84508,-0.241,-0.134,-0.942,0.2,-3.4,-1.0,0,0,0
R,,84569,-0.238,-0.135,-0.941,0.2,-3.2,-0.8,0,0,0
R,,84628,-0.243,-0.137,-0.943,0.1,-3.3,-0.9,0,0,0
R,,84689,-0.244,-0.138,-0.944,0.2,-3.3,-1.0,0,0,0
R,,84749,-0.240,-0.135,-0.941,0.2,-3.2,-0.9,0,0,0
R,,84808,-0.241,-0.134,-0.939,0.1,-3.3,-1.0,0,0,0
R,,84869,-0.240,-0.134,-0.940,0.2,-3.2,-1.1,0,0,0
R,,84928,-0.242,-0.135,-0.942,0.2,-3.1,-0.9,0,0,0
R,,84989,-0.244,-0.135,-0.942,0.2,-3.2,-1.0,0,0,0
R,,85048,-0.244,-0.133,-0.940,0.2,-3.3,-0.9,0,0,0
R,,85138,-0.241,-0.136,-0.942,0.1,-3.2,-0.9,0,0,0
R,,85229,-0.242,-0.135,-0.942,0.2,-3.2,-0.9,0,0,0
R,,85289,-0.243,-0.135,-0.940,0.2,-3.2,-1.1,0,0,0
R,,85348,-0.242,-0.135,-0.941,0.1,-3.2,-0.8,0,0,0
R,,1624476,0.101,2.057,-0.468,280.5,58.3,271.8,515,862,0
R,,1624486,-0.098,2.317,-0.455,283.7,54.5,264.3,509,863,0
R,,1624496,-0.235,2.499,-0.388,284.4,51.3,255.7,492,866,0
R,,1624506,-0.461,2.692,-0.286,282.5,33.6,251.0,494,877,0
R,,1624516,-0.434,2.797,0.005,269.7,25.4,238.2,508,866,0
R,,1624526,-0.752,2.820,0.107,270.5,20.0,204.5,500,870,0
R,,1624536,-1.239,2.259,0.467,267.6,37.8,176.0,501,870,0
R,,1624546,-0.931,2.395,0.478,230.7,11.4,161.2,504,872,0
R,,1624556,-1.048,2.368,0.668,196.9,-12.8,132.8,511,872,0
R,,1624566,-1.083,2.115,0.759,167.7,-26.7,100.6,510,871,0
R,,1624576,-1.219,1.931,0.892,124.4,-34.6,75.1,515,873,0
R,,1624586,-1.230,1.864,1.293,71.4,-29.7,24.3,526,871,0
R,,1624596,-0.769,1.342,1.205,56.4,-28.3,25.9,536,868,0
R,,1624606,-0.879,1.782,1.696,-0.4,17.5,-42.1,545,870,0
R,,1624616,-0.983,1.603,1.159,-34.7,38.0,-95.9,537,872,0
R,,1624626,-0.479,1.761,1.167,-70.2,46.6,-120.8,564,853,0
R,,1624636,0.517,1.859,0.787,-155.5,142.2,-154.1,680,859,0
R,,1624646,1.128,1.462,0.127,-123.2,177.4,-175.0,748,864,0
R,,1624656,1.798,0.249,-2.030,-86.5,146.3,-85.5,754,851,0
R,,1624666,1.196,0.835,-0.370,-66.7,99.7,-40.7,770,869,0
R,,1624676,0.662,1.437,0.578,-112.9,148.1,-104.1,779,876,0
R,,1624686,0.405,1.773,0.065,-110.7,153.0,-123.2,794,886,0
R,,1624696,-0.164,1.451,-0.264,-97.6,123.1,-170.5,791,886,0
R,,1624706,-0.393,1.257,0.008,-87.8,60.5,-178.5,796,887,0
R,,1624716,-0.209,1.082,0.204,-82.1,1.2,-147.8,799,892,0
R,,1624726,0.132,1.175,0.324,-66.2,-11.5,-129.4,799,891,0
R,,1624736,-0.053,0.946,0.033,-60.4,15.8,-160.8,800,890,0
R,,1624746,0.305,0.845,0.057,-27.4,44.1,-147.4,801,892,0
R,,1624756,0.119,0.754,0.069,-4.4,76.2,-145.7,800,894,0
R,,1624766,-0.091,0.963,0.020,3.3,60.5,-99.2,806,895,0
R,,1624776,-0.061,1.008,-0.115,-5.6,73.2,-78.1,798,889,0
R,,1624786,0.068,0.970,-0.056,-11.2,49.4,-60.2,805,897,0
R,,1624796,-0.142,1.018,-0.046,-19.6,24.3,-55.4,806,899,0
R,,1624806,-0.031,0.966,-0.041,-21.5,5.8,-42.0,792,886,0
R,,1624816,-0.038,0.974,-0.061,-28.7,-1.7,-40.1,809,902,0
R,,1624826,0.130,1.001,-0.029,-29.1,-13.7,-33.5,810,902,0
R,,1624836,0.195,0.996,-0.033,-22.1,-9.4,-36.8,811,904,0
R,,1624846,0.201,0.986,-0.019,-12.3,-9.1,-36.1,811,903,0
R,,1624856,0.174,0.992,-0.067,-3.7,-4.8,-35.9,812,905,0
R,,1624866,0.175,0.986,-0.026,3.6,0.0,-37.3,811,905,0
R,,1624876,0.193,0.995,-0.041,10.9,1.5,-39.2,812,903,0
R,,1624886,0.159,0.986,-0.035,16.4,8.5,-39.9,815,903,0
R,,1624896,0.149,0.979,-0.048,18.9,10.2,-37.8,821,908,0
R,,1624906,0.158,0.999,-0.018,17.6,11.7,-35.6,811,905,0
R,,1624916,0.084,1.019,-0.107,14.7,12.0,-33.3,815,905,0
R,,1624926,0.078,0.981,-0.120,11.0,1.6,-23.8,822,914,0
R,,1624936,0.030,1.036,-0.129,2.7,3.1,-22.4,815,906,0
R,,1626004,0.349,1.005,0.009,-2.2,65.3,-158.9,806,896,0
R,,1626014,0.356,0.661,-0.215,-11.6,88.6,-97.6,802,895,0
R,,1626024,-0.453,0.915,-0.289,-12.6,75.2,-86.7,802,895,0
R,,1626034,-0.418,1.140,-0.169,-34.2,56.8,-89.1,803,894,0
R,,1626044,-0.315,0.973,-0.270,-39.4,50.1,-70.9,804,899,0
R,,1626054,-0.170,1.003,-0.073,-59.2,9.0,-45.9,805,899,0
R,,1626064,-0.141,1.017,0.057,-62.3,-3.7,-40.2,806,901,0
R,,1626074,0.170,0.983,0.009,-50.2,-4.9,-33.5,808,899,0
R,,1626084,0.172,1.025,0.055,-41.1,-7.9,-33.5,808,901,0
R,,1626094,0.212,1.020,-0.035,-26.9,-12.4,-37.3,809,903,0
R,,1626104,0.168,0.980,-0.011,-11.7,-9.3,-36.1,809,901,0
R,,1626114,0.198,1.024,-0.002,-2.9,-5.1,-39.4,811,902,0
R,,1626124,0.223,0.946,-0.059,7.3,-4.4,-37.6,811,903,0
R,,1626134,0.187,1.018,-0.113,22.1,9.6,-44.7,811,905,0
R,,1626144,0.149,0.972,-0.036,22.7,12.0,-41.5,811,906,0
R,,1626154,0.064,1.042,0.063,21.7,32.6,-40.8,810,904,0
R,,1626164,0.047,0.977,-0.175,14.4,16.1,-33.2,813,906,0
R,,1626174,-0.024,1.019,-0.197,-1.9,6.4,-23.8,812,906,0
R,,1626184,-0.116,0.992,-0.168,-15.8,-6.9,-19.1,810,905,0
R,,1626194,-0.055,0.993,-0.173,-25.4,-16.7,-13.7,811,904,0
R,,1626204,0.001,0.971,-0.148,-27.8,-20.5,-9.8,810,905,0
R,,1626214,0.092,0.992,-0.048,-26.8,-19.0,-15.6,816,906,0
R,,1626224,0.144,0.978,-0.069,-26.4,-18.0,-14.8,812,905,0
R,,1626234,0.108,1.043,-0.046,-24.2,-20.0,-19.5,812,904,0
R,,1626280,0.102,1.020,-0.115,-26.2,4.9,-30.5,814,907,0
R,,1626339,0.115,1.052,-0.035,-40.7,-7.7,-34.9,810,910,0
R,,1626399,0.042,1.100,-0.036,-57.6,-25.4,-44.5,772,910,0
R,,1626459,0.089,1.267,0.000,-84.0,-3.4,-63.7,627,912,0
R,,1626519,0.138,1.513,-0.078,-134.5,-13.6,-78.4,582,904,0
R,,1626580,0.622,1.930,-0.706,-221.0,-43.1,-98.0,374,912,0
R,,1626639,0.189,1.397,0.443,-266.2,-67.3,-62.0,446,903,0
R,,1626700,-0.590,0.076,0.131,-84.7,110.0,-22.6,492,868,0
R,,1626759,-0.015,0.089,-0.259,61.7,32.3,123.5,501,862,0
R,,1626820,0.142,0.342,-0.293,180.4,52.5,205.4,532,853,0
R,,1626879,0.122,1.121,-0.384,265.5,58.4,256.6,543,851,0
R,,1626939,-0.047,2.033,-0.502,297.4,55.0,258.4,511,863,0
R,,1627000,-1.001,2.635,0.328,254.0,-16.6,206.1,495,868,0
R,,1627059,-0.854,1.741,1.223,80.1,-45.2,29.1,519,874,0
R,,1627120,1.248,1.299,-1.006,-135.4,134.2,-142.4,718,863,0
R,,1627209,-0.038,1.304,0.090,-65.0,-5.6,-178.2,800,893,0
R,,1627240,0.188,0.558,0.122,-0.4,85.7,-122.0,803,895,0
R,,1627299,0.035,0.915,0.052,-82.1,-15.8,-30.7,814,908,0
R,,1627360,0.023,0.984,0.018,-3.1,-5.5,-41.3,817,909,0
R,,1627419,-0.069,0.978,-0.094,-14.4,-11.4,-19.6,818,911,0
R,,1627479,0.046,1.004,-0.021,-1.8,-8.8,-17.0,817,910,0
